case_type,stage,state,days_pending_so_far,past_adjournments,days_to_disposal
Criminal,Evidence,Bihar,0,0,46
Criminal,Evidence,Bihar,0,0,14
Civil,Passing of Orders,Andhra Pradesh,0,0,5
Civil,Passing of Orders,Andhra Pradesh,0,0,3116
Civil,Passing of Orders,Andhra Pradesh,0,0,2
Civil,Passing of Orders,Andhra Pradesh,0,0,1388
Civil,Passing of Orders,Andhra Pradesh,0,0,644
Civil,Passing of Orders,Andhra Pradesh,0,0,2
Civil,Passing of Orders,Andhra Pradesh,0,0,4
Civil,Passing of Orders,Andhra Pradesh,0,0,4978
Civil,Passing of Orders,Andhra Pradesh,0,0,3
Civil,Passing of Orders,Andhra Pradesh,0,0,74
Civil,Passing of Orders,Andhra Pradesh,0,0,3136
Civil,Passing of Orders,Andhra Pradesh,0,0,9
Civil,Passing of Orders,Andhra Pradesh,0,0,5
Civil,Passing of Orders,Andhra Pradesh,0,0,482
Civil,Passing of Orders,Andhra Pradesh,0,0,6546
Civil,Passing of Orders,Andhra Pradesh,0,0,3
Civil,Passing of Orders,Andhra Pradesh,0,0,266
Civil,Passing of Orders,Andhra Pradesh,0,0,3243
Civil,Passing of Orders,Andhra Pradesh,0,0,1358
Civil,Passing of Orders,Andhra Pradesh,0,0,266
Civil,Passing of Orders,Andhra Pradesh,0,0,1771
Civil,Passing of Orders,Andhra Pradesh,0,0,3451
Civil,Passing of Orders,Andhra Pradesh,0,0,35
Civil,Passing of Orders,Andhra Pradesh,0,0,22
Civil,Passing of Orders,Andhra Pradesh,0,0,1767
Civil,Passing of Orders,Andhra Pradesh,0,0,2156
Civil,Passing of Orders,Andhra Pradesh,0,0,4
Civil,Passing of Orders,Andhra Pradesh,0,0,274
Civil,Passing of Orders,Andhra Pradesh,0,0,35
Civil,Passing of Orders,Andhra Pradesh,0,0,693
Civil,Passing of Orders,Andhra Pradesh,0,0,1287
Civil,Passing of Orders,Andhra Pradesh,0,0,6
Civil,Passing of Orders,Andhra Pradesh,0,0,102
Civil,Passing of Orders,Andhra Pradesh,0,0,2435
Civil,Passing of Orders,Andhra Pradesh,0,0,2414
Civil,Passing of Orders,Andhra Pradesh,0,0,69
Civil,Passing of Orders,Andhra Pradesh,0,0,20
Civil,Passing of Orders,Andhra Pradesh,0,0,6
Civil,Passing of Orders,Andhra Pradesh,0,0,1087
Civil,Passing of Orders,Andhra Pradesh,0,0,165
Civil,Passing of Orders,Andhra Pradesh,0,0,1693
Civil,Passing of Orders,Andhra Pradesh,0,0,65
Civil,Passing of Orders,Andhra Pradesh,0,0,697
Civil,Passing of Orders,Andhra Pradesh,0,0,20
Civil,Passing of Orders,Andhra Pradesh,0,0,1700
Civil,Passing of Orders,Andhra Pradesh,0,0,5
Civil,Passing of Orders,Andhra Pradesh,0,0,2
Civil,Passing of Orders,Andhra Pradesh,0,0,700
Civil,Passing of Orders,Andhra Pradesh,0,0,699
Civil,Passing of Orders,Andhra Pradesh,0,0,2840
Civil,Passing of Orders,Andhra Pradesh,0,0,885
Civil,Passing of Orders,Andhra Pradesh,0,0,35
Civil,Passing of Orders,Andhra Pradesh,0,0,853
Civil,Passing of Orders,Andhra Pradesh,0,0,1269
Civil,Passing of Orders,Andhra Pradesh,0,0,547
Civil,Passing of Orders,Andhra Pradesh,0,0,2696
Civil,Passing of Orders,Andhra Pradesh,0,0,1359
Civil,Passing of Orders,Andhra Pradesh,0,0,45
Civil,Passing of Orders,Andhra Pradesh,0,0,1675
Civil,Passing of Orders,Andhra Pradesh,0,0,690
Civil,Passing of Orders,Andhra Pradesh,0,0,2963
Civil,Passing of Orders,Andhra Pradesh,0,0,1358
Civil,Passing of Orders,Andhra Pradesh,0,0,45
Civil,Passing of Orders,Andhra Pradesh,0,0,2931
Civil,Passing of Orders,Andhra Pradesh,0,0,11
Civil,Passing of Orders,Andhra Pradesh,0,0,2
Civil,Passing of Orders,Andhra Pradesh,0,0,22
Civil,Passing of Orders,Andhra Pradesh,0,0,3159
Civil,Passing of Orders,Andhra Pradesh,0,0,24
Civil,Passing of Orders,Andhra Pradesh,0,0,861
Civil,Passing of Orders,Andhra Pradesh,0,0,2904
Civil,Passing of Orders,Andhra Pradesh,0,0,690
Civil,Passing of Orders,Andhra Pradesh,0,0,705
Civil,Passing of Orders,Andhra Pradesh,0,0,8
Civil,Passing of Orders,Andhra Pradesh,0,0,689
Civil,Passing of Orders,Andhra Pradesh,0,0,2928
Civil,Passing of Orders,Andhra Pradesh,0,0,691
Civil,Passing of Orders,Andhra Pradesh,0,0,695
Civil,Passing of Orders,Andhra Pradesh,0,0,2369
Civil,Passing of Orders,Andhra Pradesh,0,0,1511
Civil,Passing of Orders,Andhra Pradesh,0,0,5509
Civil,Passing of Orders,Andhra Pradesh,0,0,2150
Civil,Passing of Orders,Andhra Pradesh,0,0,51
Civil,Passing of Orders,Andhra Pradesh,0,0,768
Civil,Passing of Orders,Andhra Pradesh,0,0,29
Civil,Passing of Orders,Andhra Pradesh,0,0,570
Civil,Passing of Orders,Andhra Pradesh,0,0,696
Civil,Passing of Orders,Andhra Pradesh,0,0,2355
Civil,Passing of Orders,Andhra Pradesh,0,0,11
Civil,Passing of Orders,Andhra Pradesh,0,0,249
Civil,Passing of Orders,Andhra Pradesh,0,0,879
Civil,Passing of Orders,Andhra Pradesh,0,0,697
Civil,Passing of Orders,Andhra Pradesh,0,0,3
Civil,Passing of Orders,Andhra Pradesh,0,0,700
Civil,Passing of Orders,Andhra Pradesh,0,0,58
Civil,Passing of Orders,Andhra Pradesh,0,0,702
Civil,Passing of Orders,Andhra Pradesh,0,0,1262
Civil,Passing of Orders,Andhra Pradesh,0,0,3
Criminal,Passing of Orders,Andhra Pradesh,0,0,5484
Criminal,Passing of Orders,Andhra Pradesh,0,0,3044
Criminal,Passing of Orders,Andhra Pradesh,0,0,2635
Criminal,Passing of Orders,Andhra Pradesh,0,0,2906
Criminal,Passing of Orders,Andhra Pradesh,0,0,5690
Criminal,Passing of Orders,Andhra Pradesh,0,0,2972
Criminal,Passing of Orders,Andhra Pradesh,0,0,2814
Criminal,Passing of Orders,Andhra Pradesh,0,0,2852
Criminal,Passing of Orders,Andhra Pradesh,0,0,49
Criminal,Passing of Orders,Andhra Pradesh,0,0,419
Criminal,Passing of Orders,Andhra Pradesh,0,0,1169
Criminal,Passing of Orders,Andhra Pradesh,0,0,1813
Criminal,Passing of Orders,Andhra Pradesh,0,0,2827
Criminal,Passing of Orders,Andhra Pradesh,0,0,1094
Criminal,Passing of Orders,Andhra Pradesh,0,0,3123
Criminal,Passing of Orders,Andhra Pradesh,0,0,6658
Criminal,Passing of Orders,Andhra Pradesh,0,0,5190
Criminal,Passing of Orders,Andhra Pradesh,0,0,118
Criminal,Passing of Orders,Andhra Pradesh,0,0,760
Criminal,Passing of Orders,Andhra Pradesh,0,0,2807
Criminal,Passing of Orders,Andhra Pradesh,0,0,2737
Criminal,Passing of Orders,Andhra Pradesh,0,0,4778
Criminal,Passing of Orders,Andhra Pradesh,0,0,1622
Criminal,Passing of Orders,Andhra Pradesh,0,0,6040
Criminal,Passing of Orders,Andhra Pradesh,0,0,3059
Criminal,Passing of Orders,Andhra Pradesh,0,0,1057
Criminal,Passing of Orders,Andhra Pradesh,0,0,358
Criminal,Passing of Orders,Andhra Pradesh,0,0,3078
Criminal,Passing of Orders,Andhra Pradesh,0,0,2769
Criminal,Passing of Orders,Andhra Pradesh,0,0,2908
Criminal,Passing of Orders,Andhra Pradesh,0,0,2924
Criminal,Passing of Orders,Andhra Pradesh,0,0,2800
Criminal,Passing of Orders,Andhra Pradesh,0,0,5193
Criminal,Passing of Orders,Andhra Pradesh,0,0,358
Criminal,Passing of Orders,Andhra Pradesh,0,0,5719
Criminal,Passing of Orders,Andhra Pradesh,0,0,2881
Criminal,Passing of Orders,Andhra Pradesh,0,0,2857
Criminal,Passing of Orders,Andhra Pradesh,0,0,2868
Criminal,Passing of Orders,Andhra Pradesh,0,0,2790
Criminal,Passing of Orders,Andhra Pradesh,0,0,286
Criminal,Passing of Orders,Andhra Pradesh,0,0,2914
Criminal,Passing of Orders,Andhra Pradesh,0,0,2719
Criminal,Passing of Orders,Andhra Pradesh,0,0,2845
Criminal,Passing of Orders,Andhra Pradesh,0,0,15
Criminal,Passing of Orders,Andhra Pradesh,0,0,419
Criminal,Passing of Orders,Andhra Pradesh,0,0,508
Criminal,Passing of Orders,Andhra Pradesh,0,0,15
Criminal,Passing of Orders,Andhra Pradesh,0,0,5668
Criminal,Passing of Orders,Andhra Pradesh,0,0,5201
Criminal,Passing of Orders,Andhra Pradesh,0,0,5270
Criminal,Passing of Orders,Andhra Pradesh,0,0,1647
Criminal,Passing of Orders,Andhra Pradesh,0,0,2815
Criminal,Passing of Orders,Andhra Pradesh,0,0,604
Criminal,Passing of Orders,Andhra Pradesh,0,0,1899
Criminal,Passing of Orders,Andhra Pradesh,0,0,5668
Criminal,Passing of Orders,Andhra Pradesh,0,0,2992
Criminal,Passing of Orders,Andhra Pradesh,0,0,6919
Criminal,Passing of Orders,Andhra Pradesh,0,0,3046
Criminal,Passing of Orders,Andhra Pradesh,0,0,98
Criminal,Passing of Orders,Andhra Pradesh,0,0,1002
Criminal,Passing of Orders,Andhra Pradesh,0,0,5766
Criminal,Passing of Orders,Andhra Pradesh,0,0,5979
Criminal,Passing of Orders,Andhra Pradesh,0,0,2942
Criminal,Passing of Orders,Andhra Pradesh,0,0,2864
Criminal,Passing of Orders,Andhra Pradesh,0,0,2768
Criminal,Passing of Orders,Andhra Pradesh,0,0,5558
Criminal,Passing of Orders,Andhra Pradesh,0,0,3158
Criminal,Passing of Orders,Andhra Pradesh,0,0,2779
Criminal,Passing of Orders,Andhra Pradesh,0,0,1058
Criminal,Passing of Orders,Andhra Pradesh,0,0,22
Criminal,Passing of Orders,Andhra Pradesh,0,0,3091
Criminal,Passing of Orders,Andhra Pradesh,0,0,1058
Criminal,Passing of Orders,Andhra Pradesh,0,0,1058
Criminal,Passing of Orders,Andhra Pradesh,0,0,3003
Criminal,Passing of Orders,Andhra Pradesh,0,0,2779
Criminal,Passing of Orders,Andhra Pradesh,0,0,264
Criminal,Passing of Orders,Andhra Pradesh,0,0,602
Criminal,Passing of Orders,Andhra Pradesh,0,0,148
Criminal,Passing of Orders,Andhra Pradesh,0,0,2772
Criminal,Passing of Orders,Andhra Pradesh,0,0,1408
Criminal,Passing of Orders,Andhra Pradesh,0,0,238
Criminal,Passing of Orders,Andhra Pradesh,0,0,2534
Criminal,Passing of Orders,Andhra Pradesh,0,0,89
Criminal,Passing of Orders,Andhra Pradesh,0,0,238
Criminal,Passing of Orders,Andhra Pradesh,0,0,3308
Criminal,Passing of Orders,Andhra Pradesh,0,0,5
Criminal,Passing of Orders,Andhra Pradesh,0,0,2680
Criminal,Passing of Orders,Andhra Pradesh,0,0,1204
Criminal,Passing of Orders,Andhra Pradesh,0,0,2780
Criminal,Passing of Orders,Andhra Pradesh,0,0,1058
Criminal,Passing of Orders,Andhra Pradesh,0,0,5903
Criminal,Passing of Orders,Andhra Pradesh,0,0,3434
Criminal,Passing of Orders,Andhra Pradesh,0,0,1556
Criminal,Passing of Orders,Andhra Pradesh,0,0,2818
Criminal,Passing of Orders,Andhra Pradesh,0,0,2829
Criminal,Passing of Orders,Andhra Pradesh,0,0,1493
Criminal,Passing of Orders,Andhra Pradesh,0,0,2564
Criminal,Passing of Orders,Andhra Pradesh,0,0,5996
Criminal,Passing of Orders,Andhra Pradesh,0,0,2689
Property,Passing of Orders,Andhra Pradesh,0,0,6328
Property,Passing of Orders,Andhra Pradesh,0,0,5910
Property,Passing of Orders,Andhra Pradesh,0,0,5591
Property,Passing of Orders,Andhra Pradesh,0,0,6716
Property,Passing of Orders,Andhra Pradesh,0,0,2632
Property,Passing of Orders,Andhra Pradesh,0,0,6268
Property,Passing of Orders,Andhra Pradesh,0,0,6890
Property,Passing of Orders,Andhra Pradesh,0,0,2848
Property,Passing of Orders,Andhra Pradesh,0,0,6331
Property,Passing of Orders,Andhra Pradesh,0,0,9637
Property,Passing of Orders,Andhra Pradesh,0,0,4952
Property,Passing of Orders,Andhra Pradesh,0,0,5828
Property,Passing of Orders,Andhra Pradesh,0,0,1839
Property,Passing of Orders,Andhra Pradesh,0,0,4666
Property,Passing of Orders,Andhra Pradesh,0,0,4693
Property,Passing of Orders,Andhra Pradesh,0,0,5335
Property,Passing of Orders,Andhra Pradesh,0,0,2809
Property,Passing of Orders,Andhra Pradesh,0,0,2798
Property,Passing of Orders,Andhra Pradesh,0,0,4588
Property,Passing of Orders,Andhra Pradesh,0,0,6745
Property,Passing of Orders,Andhra Pradesh,0,0,5897
Property,Passing of Orders,Andhra Pradesh,0,0,3242
Property,Passing of Orders,Andhra Pradesh,0,0,4474
Property,Passing of Orders,Andhra Pradesh,0,0,4170
Property,Passing of Orders,Andhra Pradesh,0,0,6303
Property,Passing of Orders,Andhra Pradesh,0,0,2591
Property,Passing of Orders,Andhra Pradesh,0,0,3246
Property,Passing of Orders,Andhra Pradesh,0,0,1355
Property,Passing of Orders,Andhra Pradesh,0,0,1639
Property,Passing of Orders,Andhra Pradesh,0,0,57
Property,Passing of Orders,Andhra Pradesh,0,0,57
Property,Passing of Orders,Andhra Pradesh,0,0,1384
Property,Passing of Orders,Andhra Pradesh,0,0,1923
Property,Passing of Orders,Andhra Pradesh,0,0,1385
Property,Passing of Orders,Andhra Pradesh,0,0,1805
Property,Passing of Orders,Andhra Pradesh,0,0,1805
Property,Passing of Orders,Andhra Pradesh,0,0,334
Property,Passing of Orders,Andhra Pradesh,0,0,6240
Property,Passing of Orders,Andhra Pradesh,0,0,6330
Property,Passing of Orders,Andhra Pradesh,0,0,5930
Property,Passing of Orders,Andhra Pradesh,0,0,2799
Property,Passing of Orders,Andhra Pradesh,0,0,460
Property,Passing of Orders,Andhra Pradesh,0,0,2603
Property,Passing of Orders,Andhra Pradesh,0,0,5890
Property,Passing of Orders,Andhra Pradesh,0,0,2560
Property,Passing of Orders,Andhra Pradesh,0,0,5594
Property,Passing of Orders,Andhra Pradesh,0,0,2133
Property,Passing of Orders,Andhra Pradesh,0,0,5794
Property,Passing of Orders,Andhra Pradesh,0,0,6214
Property,Passing of Orders,Andhra Pradesh,0,0,6090
Property,Passing of Orders,Andhra Pradesh,0,0,2799
Property,Passing of Orders,Andhra Pradesh,0,0,4007
Property,Passing of Orders,Andhra Pradesh,0,0,2944
Property,Passing of Orders,Andhra Pradesh,0,0,3972
Property,Passing of Orders,Andhra Pradesh,0,0,6665
Property,Passing of Orders,Andhra Pradesh,0,0,5380
Property,Passing of Orders,Andhra Pradesh,0,0,844
Property,Passing of Orders,Andhra Pradesh,0,0,1092
Property,Passing of Orders,Andhra Pradesh,0,0,6597
Property,Passing of Orders,Andhra Pradesh,0,0,1131
Property,Passing of Orders,Andhra Pradesh,0,0,2813
Property,Passing of Orders,Andhra Pradesh,0,0,1929
Property,Passing of Orders,Andhra Pradesh,0,0,4131
Property,Passing of Orders,Andhra Pradesh,0,0,653
Property,Passing of Orders,Andhra Pradesh,0,0,1750
Property,Passing of Orders,Andhra Pradesh,0,0,3136
Property,Passing of Orders,Andhra Pradesh,0,0,2696
Property,Passing of Orders,Andhra Pradesh,0,0,2863
Property,Passing of Orders,Andhra Pradesh,0,0,6017
Property,Passing of Orders,Andhra Pradesh,0,0,2000
Property,Passing of Orders,Andhra Pradesh,0,0,6197
Property,Passing of Orders,Andhra Pradesh,0,0,6408
Property,Passing of Orders,Andhra Pradesh,0,0,570
Property,Passing of Orders,Andhra Pradesh,0,0,21
Property,Passing of Orders,Andhra Pradesh,0,0,69
Property,Passing of Orders,Andhra Pradesh,0,0,5901
Property,Passing of Orders,Andhra Pradesh,0,0,5362
Property,Passing of Orders,Andhra Pradesh,0,0,1571
Property,Passing of Orders,Andhra Pradesh,0,0,3231
Property,Passing of Orders,Andhra Pradesh,0,0,2983
Property,Passing of Orders,Andhra Pradesh,0,0,2989
Property,Passing of Orders,Andhra Pradesh,0,0,4287
Property,Passing of Orders,Andhra Pradesh,0,0,3848
Property,Passing of Orders,Andhra Pradesh,0,0,4231
Property,Passing of Orders,Andhra Pradesh,0,0,2959
Property,Passing of Orders,Andhra Pradesh,0,0,3826
Property,Passing of Orders,Andhra Pradesh,0,0,4324
Property,Passing of Orders,Andhra Pradesh,0,0,3033
Property,Passing of Orders,Andhra Pradesh,0,0,2978
Property,Passing of Orders,Andhra Pradesh,0,0,2895
Property,Passing of Orders,Andhra Pradesh,0,0,211
Property,Passing of Orders,Andhra Pradesh,0,0,4172
Property,Passing of Orders,Andhra Pradesh,0,0,2943
Property,Passing of Orders,Andhra Pradesh,0,0,2919
Property,Passing of Orders,Andhra Pradesh,0,0,5677
Property,Passing of Orders,Andhra Pradesh,0,0,4512
Property,Passing of Orders,Andhra Pradesh,0,0,6515
Property,Passing of Orders,Andhra Pradesh,0,0,3053
Property,Passing of Orders,Andhra Pradesh,0,0,4425
Property,Passing of Orders,Andhra Pradesh,0,0,6379
Civil,Evidence,Uttar Pradesh,0,0,1599
Civil,Evidence,Uttar Pradesh,0,0,958
Civil,Evidence,Uttar Pradesh,0,0,839
Civil,Evidence,Uttar Pradesh,0,0,953
Civil,Evidence,Uttar Pradesh,0,0,1320
Civil,Evidence,Uttar Pradesh,0,0,1430
Civil,Evidence,Uttar Pradesh,0,0,1430
Civil,Evidence,Uttar Pradesh,0,0,1127
Civil,Evidence,Uttar Pradesh,0,0,1258
Civil,Evidence,Uttar Pradesh,0,0,604
Civil,Evidence,Uttar Pradesh,0,0,1875
Civil,Evidence,Uttar Pradesh,0,0,565
Civil,Evidence,Uttar Pradesh,0,0,1568
Civil,Evidence,Uttar Pradesh,0,0,479
Civil,Evidence,Uttar Pradesh,0,0,621
Civil,Evidence,Uttar Pradesh,0,0,777
Civil,Evidence,Uttar Pradesh,0,0,390
Civil,Evidence,Uttar Pradesh,0,0,599
Civil,Evidence,Uttar Pradesh,0,0,906
Civil,Evidence,Uttar Pradesh,0,0,1007
Civil,Evidence,Uttar Pradesh,0,0,1281
Civil,Evidence,Uttar Pradesh,0,0,1387
Civil,Evidence,Uttar Pradesh,0,0,1319
Civil,Evidence,Uttar Pradesh,0,0,1175
Civil,Evidence,Uttar Pradesh,0,0,1254
Civil,Evidence,Uttar Pradesh,0,0,979
Civil,Evidence,Uttar Pradesh,0,0,590
Civil,Evidence,Uttar Pradesh,0,0,1724
Civil,Evidence,Uttar Pradesh,0,0,1428
Civil,Evidence,Uttar Pradesh,0,0,1726
Civil,Evidence,Uttar Pradesh,0,0,1489
Civil,Evidence,Uttar Pradesh,0,0,141
Civil,Evidence,Uttar Pradesh,0,0,139
Civil,Evidence,Uttar Pradesh,0,0,1702
Civil,Evidence,Uttar Pradesh,0,0,1740
Civil,Evidence,Uttar Pradesh,0,0,1986
Civil,Evidence,Uttar Pradesh,0,0,1973
Civil,Evidence,Uttar Pradesh,0,0,1001
Civil,Evidence,Uttar Pradesh,0,0,727
Civil,Evidence,Uttar Pradesh,0,0,358
Civil,Evidence,Uttar Pradesh,0,0,656
Civil,Evidence,Uttar Pradesh,0,0,1057
Civil,Evidence,Uttar Pradesh,0,0,1110
Civil,Evidence,Uttar Pradesh,0,0,901
Civil,Evidence,Uttar Pradesh,0,0,459
Civil,Evidence,Uttar Pradesh,0,0,458
Civil,Evidence,Uttar Pradesh,0,0,1
Civil,Evidence,Uttar Pradesh,0,0,1617
Civil,Evidence,Uttar Pradesh,0,0,606
Civil,Evidence,Uttar Pradesh,0,0,1345
Civil,Evidence,Uttar Pradesh,0,0,966
Civil,Evidence,Uttar Pradesh,0,0,1114
Civil,Evidence,Uttar Pradesh,0,0,1451
Civil,Evidence,Uttar Pradesh,0,0,760
Civil,Evidence,Uttar Pradesh,0,0,1027
Civil,Evidence,Uttar Pradesh,0,0,1489
Civil,Evidence,Uttar Pradesh,0,0,1694
Civil,Evidence,Uttar Pradesh,0,0,1618
Civil,Evidence,Uttar Pradesh,0,0,1829
Civil,Evidence,Uttar Pradesh,0,0,1914
Civil,Evidence,Uttar Pradesh,0,0,1829
Civil,Evidence,Uttar Pradesh,0,0,1749
Civil,Evidence,Uttar Pradesh,0,0,1702
Civil,Evidence,Uttar Pradesh,0,0,1662
Civil,Evidence,Uttar Pradesh,0,0,1619
Civil,Evidence,Uttar Pradesh,0,0,1756
Civil,Evidence,Uttar Pradesh,0,0,873
Civil,Evidence,Uttar Pradesh,0,0,1201
Civil,Evidence,Uttar Pradesh,0,0,223
Civil,Evidence,Uttar Pradesh,0,0,6
Civil,Evidence,Uttar Pradesh,0,0,575
Civil,Evidence,Uttar Pradesh,0,0,1609
Civil,Evidence,Uttar Pradesh,0,0,454
Civil,Evidence,Uttar Pradesh,0,0,1081
Civil,Evidence,Uttar Pradesh,0,0,953
Civil,Evidence,Uttar Pradesh,0,0,1061
Civil,Evidence,Uttar Pradesh,0,0,1781
Civil,Evidence,Uttar Pradesh,0,0,1478
Civil,Evidence,Uttar Pradesh,0,0,946
Civil,Evidence,Uttar Pradesh,0,0,1210
Civil,Evidence,Uttar Pradesh,0,0,1528
Civil,Evidence,Uttar Pradesh,0,0,169
Civil,Evidence,Uttar Pradesh,0,0,553
Civil,Evidence,Uttar Pradesh,0,0,1519
Civil,Evidence,Uttar Pradesh,0,0,698
Civil,Evidence,Uttar Pradesh,0,0,1534
Civil,Evidence,Uttar Pradesh,0,0,1521
Civil,Evidence,Uttar Pradesh,0,0,1894
Civil,Evidence,Uttar Pradesh,0,0,997
Civil,Evidence,Uttar Pradesh,0,0,1843
Civil,Evidence,Uttar Pradesh,0,0,1960
Civil,Evidence,Uttar Pradesh,0,0,1128
Civil,Evidence,Uttar Pradesh,0,0,936
Civil,Evidence,Uttar Pradesh,0,0,1176
Civil,Evidence,Uttar Pradesh,0,0,602
Civil,Evidence,Uttar Pradesh,0,0,733
Civil,Evidence,Uttar Pradesh,0,0,752
Civil,Passing of Orders,Delhi,0,0,198
Civil,Passing of Orders,Delhi,0,0,3
Civil,Passing of Orders,Delhi,0,0,663
Civil,Passing of Orders,Delhi,0,0,787
Civil,Passing of Orders,Delhi,0,0,728
Civil,Passing of Orders,Delhi,0,0,1367
Civil,Passing of Orders,Delhi,0,0,185
Civil,Passing of Orders,Delhi,0,0,359
Civil,Passing of Orders,Delhi,0,0,1838
Civil,Passing of Orders,Delhi,0,0,418
Civil,Passing of Orders,Delhi,0,0,89
Civil,Passing of Orders,Delhi,0,0,130
Civil,Passing of Orders,Delhi,0,0,89
Civil,Passing of Orders,Delhi,0,0,152
Civil,Passing of Orders,Delhi,0,0,356
Civil,Passing of Orders,Delhi,0,0,624
Civil,Passing of Orders,Delhi,0,0,412
Civil,Passing of Orders,Delhi,0,0,483
Civil,Passing of Orders,Delhi,0,0,1754
Civil,Passing of Orders,Delhi,0,0,639
Civil,Passing of Orders,Delhi,0,0,113
Civil,Passing of Orders,Delhi,0,0,95
Civil,Passing of Orders,Delhi,0,0,7
Civil,Passing of Orders,Delhi,0,0,6
Civil,Passing of Orders,Delhi,0,0,7
Civil,Passing of Orders,Delhi,0,0,657
Civil,Passing of Orders,Delhi,0,0,1001
Civil,Passing of Orders,Delhi,0,0,1
Civil,Passing of Orders,Delhi,0,0,644
Civil,Passing of Orders,Delhi,0,0,254
Civil,Passing of Orders,Delhi,0,0,3
Civil,Passing of Orders,Delhi,0,0,81
Civil,Passing of Orders,Delhi,0,0,574
Civil,Passing of Orders,Delhi,0,0,1929
Civil,Passing of Orders,Delhi,0,0,4
Civil,Passing of Orders,Delhi,0,0,2
Civil,Passing of Orders,Delhi,0,0,6
Civil,Passing of Orders,Delhi,0,0,4
Civil,Passing of Orders,Delhi,0,0,336
Civil,Passing of Orders,Delhi,0,0,2
Civil,Passing of Orders,Delhi,0,0,737
Civil,Passing of Orders,Delhi,0,0,448
Civil,Passing of Orders,Delhi,0,0,861
Civil,Passing of Orders,Delhi,0,0,6
Civil,Passing of Orders,Delhi,0,0,5
Civil,Passing of Orders,Delhi,0,0,166
Civil,Passing of Orders,Delhi,0,0,5
Civil,Passing of Orders,Delhi,0,0,223
Civil,Passing of Orders,Delhi,0,0,137
Civil,Passing of Orders,Delhi,0,0,170
Civil,Passing of Orders,Delhi,0,0,153
Civil,Passing of Orders,Delhi,0,0,399
Civil,Passing of Orders,Delhi,0,0,3
Civil,Passing of Orders,Delhi,0,0,5
Civil,Passing of Orders,Delhi,0,0,4
Civil,Passing of Orders,Delhi,0,0,3
Civil,Passing of Orders,Delhi,0,0,67
Civil,Passing of Orders,Delhi,0,0,43
Civil,Passing of Orders,Delhi,0,0,616
Civil,Passing of Orders,Delhi,0,0,117
Civil,Passing of Orders,Delhi,0,0,88
Civil,Passing of Orders,Delhi,0,0,1
Civil,Passing of Orders,Delhi,0,0,25
Civil,Passing of Orders,Delhi,0,0,790
Civil,Passing of Orders,Delhi,0,0,1075
Civil,Passing of Orders,Delhi,0,0,248
Civil,Passing of Orders,Delhi,0,0,443
Civil,Passing of Orders,Delhi,0,0,1419
Civil,Passing of Orders,Delhi,0,0,39
Civil,Passing of Orders,Delhi,0,0,1
Civil,Passing of Orders,Delhi,0,0,331
Civil,Passing of Orders,Delhi,0,0,387
Civil,Passing of Orders,Delhi,0,0,285
Civil,Passing of Orders,Delhi,0,0,1050
Civil,Passing of Orders,Delhi,0,0,693
Civil,Passing of Orders,Delhi,0,0,38
Civil,Passing of Orders,Delhi,0,0,687
Civil,Passing of Orders,Delhi,0,0,1
Civil,Passing of Orders,Delhi,0,0,3
Civil,Passing of Orders,Delhi,0,0,1
Civil,Passing of Orders,Delhi,0,0,1525
Civil,Passing of Orders,Delhi,0,0,211
Civil,Passing of Orders,Delhi,0,0,9
Civil,Passing of Orders,Delhi,0,0,7
Civil,Passing of Orders,Delhi,0,0,9
Civil,Passing of Orders,Delhi,0,0,9
Civil,Passing of Orders,Delhi,0,0,304
Civil,Passing of Orders,Delhi,0,0,1
Civil,Passing of Orders,Delhi,0,0,27
Civil,Passing of Orders,Delhi,0,0,552
Civil,Passing of Orders,Delhi,0,0,100
Civil,Passing of Orders,Delhi,0,0,2
Civil,Passing of Orders,Delhi,0,0,1
Civil,Passing of Orders,Delhi,0,0,454
Civil,Passing of Orders,Delhi,0,0,1
Civil,Passing of Orders,Delhi,0,0,1609
Civil,Passing of Orders,Delhi,0,0,16
Civil,Passing of Orders,Delhi,0,0,326
Civil,Passing of Orders,Delhi,0,0,227
Property,Evidence,Maharashtra,0,0,2067
Property,Evidence,Maharashtra,0,0,510
Property,Evidence,Maharashtra,0,0,1409
Property,Evidence,Maharashtra,0,0,969
Property,Evidence,Maharashtra,0,0,2120
Property,Evidence,Maharashtra,0,0,2140
Property,Evidence,Maharashtra,0,0,412
Property,Evidence,Maharashtra,0,0,412
Property,Evidence,Maharashtra,0,0,320
Property,Evidence,Maharashtra,0,0,180
Property,Evidence,Maharashtra,0,0,922
Property,Evidence,Maharashtra,0,0,698
Property,Evidence,Maharashtra,0,0,186
Property,Evidence,Maharashtra,0,0,994
Property,Evidence,Maharashtra,0,0,1584
Property,Evidence,Maharashtra,0,0,1467
Property,Evidence,Maharashtra,0,0,1353
Property,Evidence,Maharashtra,0,0,1012
Property,Evidence,Maharashtra,0,0,2383
Property,Evidence,Maharashtra,0,0,469
Property,Evidence,Maharashtra,0,0,3675
Property,Evidence,Maharashtra,0,0,1160
Property,Evidence,Maharashtra,0,0,1127
Property,Evidence,Maharashtra,0,0,1488
Property,Evidence,Maharashtra,0,0,1193
Property,Evidence,Maharashtra,0,0,56
Property,Evidence,Maharashtra,0,0,977
Property,Evidence,Maharashtra,0,0,35
Property,Evidence,Maharashtra,0,0,251
Property,Evidence,Maharashtra,0,0,423
Property,Evidence,Maharashtra,0,0,749
Property,Evidence,Maharashtra,0,0,3073
Property,Evidence,Maharashtra,0,0,1415
Property,Evidence,Maharashtra,0,0,2717
Property,Evidence,Maharashtra,0,0,1387
Property,Evidence,Maharashtra,0,0,1100
Property,Evidence,Maharashtra,0,0,293
Property,Evidence,Maharashtra,0,0,2206
Property,Evidence,Maharashtra,0,0,1282
Property,Evidence,Maharashtra,0,0,123
Property,Evidence,Maharashtra,0,0,3076
Property,Evidence,Maharashtra,0,0,1995
Property,Evidence,Maharashtra,0,0,849
Property,Evidence,Maharashtra,0,0,772
Property,Evidence,Maharashtra,0,0,486
Property,Evidence,Maharashtra,0,0,847
Property,Evidence,Maharashtra,0,0,523
Property,Evidence,Maharashtra,0,0,846
Property,Evidence,Maharashtra,0,0,1733
Property,Evidence,Maharashtra,0,0,2086
Property,Evidence,Maharashtra,0,0,792
Property,Evidence,Maharashtra,0,0,2045
Property,Evidence,Maharashtra,0,0,844
Property,Evidence,Maharashtra,0,0,1645
Property,Evidence,Maharashtra,0,0,488
Property,Evidence,Maharashtra,0,0,456
Property,Evidence,Maharashtra,0,0,411
Property,Evidence,Maharashtra,0,0,488
Property,Evidence,Maharashtra,0,0,81
Property,Evidence,Maharashtra,0,0,411
Property,Evidence,Maharashtra,0,0,481
Property,Evidence,Maharashtra,0,0,92
Property,Evidence,Maharashtra,0,0,1359
Property,Evidence,Maharashtra,0,0,2864
Property,Evidence,Maharashtra,0,0,893
Property,Evidence,Maharashtra,0,0,2100
Property,Evidence,Maharashtra,0,0,470
Property,Evidence,Maharashtra,0,0,35
Property,Evidence,Maharashtra,0,0,1892
Property,Evidence,Maharashtra,0,0,7
Property,Evidence,Maharashtra,0,0,13
Property,Evidence,Maharashtra,0,0,1111
Property,Evidence,Maharashtra,0,0,2459
Property,Evidence,Maharashtra,0,0,5235
Property,Evidence,Maharashtra,0,0,1655
Property,Evidence,Maharashtra,0,0,1654
Property,Evidence,Maharashtra,0,0,601
Property,Evidence,Maharashtra,0,0,815
Property,Evidence,Maharashtra,0,0,1434
Property,Evidence,Maharashtra,0,0,1703
Property,Evidence,Maharashtra,0,0,2413
Property,Evidence,Maharashtra,0,0,759
Property,Evidence,Maharashtra,0,0,2832
Property,Evidence,Maharashtra,0,0,1146
Property,Evidence,Maharashtra,0,0,3029
Property,Evidence,Maharashtra,0,0,1132
Property,Evidence,Maharashtra,0,0,243
Property,Evidence,Maharashtra,0,0,1100
Property,Evidence,Maharashtra,0,0,1658
Property,Evidence,Maharashtra,0,0,966
Property,Evidence,Maharashtra,0,0,285
Property,Evidence,Maharashtra,0,0,2214
Property,Evidence,Maharashtra,0,0,251
Property,Evidence,Maharashtra,0,0,365
Property,Evidence,Maharashtra,0,0,708
Property,Evidence,Maharashtra,0,0,2587
Property,Evidence,Maharashtra,0,0,1386
Property,Evidence,Maharashtra,0,0,1386
Property,Evidence,Maharashtra,0,0,1386
Criminal,Passing of Orders,Maharashtra,0,0,104
Criminal,Passing of Orders,Maharashtra,0,0,1128
Criminal,Passing of Orders,Maharashtra,0,0,155
Criminal,Passing of Orders,Maharashtra,0,0,234
Criminal,Passing of Orders,Maharashtra,0,0,55
Criminal,Passing of Orders,Maharashtra,0,0,154
Criminal,Passing of Orders,Maharashtra,0,0,263
Criminal,Passing of Orders,Maharashtra,0,0,267
Criminal,Passing of Orders,Maharashtra,0,0,162
Criminal,Passing of Orders,Maharashtra,0,0,792
Criminal,Passing of Orders,Maharashtra,0,0,7
Criminal,Passing of Orders,Maharashtra,0,0,235
Criminal,Passing of Orders,Maharashtra,0,0,429
Criminal,Passing of Orders,Maharashtra,0,0,389
Criminal,Passing of Orders,Maharashtra,0,0,145
Criminal,Passing of Orders,Maharashtra,0,0,12
Criminal,Passing of Orders,Maharashtra,0,0,15
Criminal,Passing of Orders,Maharashtra,0,0,335
Criminal,Passing of Orders,Maharashtra,0,0,277
Criminal,Passing of Orders,Maharashtra,0,0,179
Criminal,Passing of Orders,Maharashtra,0,0,944
Criminal,Passing of Orders,Maharashtra,0,0,4
Criminal,Passing of Orders,Maharashtra,0,0,225
Criminal,Passing of Orders,Maharashtra,0,0,276
Criminal,Passing of Orders,Maharashtra,0,0,602
Criminal,Passing of Orders,Maharashtra,0,0,113
Criminal,Passing of Orders,Maharashtra,0,0,344
Criminal,Passing of Orders,Maharashtra,0,0,174
Criminal,Passing of Orders,Maharashtra,0,0,198
Criminal,Passing of Orders,Maharashtra,0,0,57
Criminal,Passing of Orders,Maharashtra,0,0,344
Criminal,Passing of Orders,Maharashtra,0,0,58
Criminal,Passing of Orders,Maharashtra,0,0,214
Criminal,Passing of Orders,Maharashtra,0,0,390
Criminal,Passing of Orders,Maharashtra,0,0,26
Criminal,Passing of Orders,Maharashtra,0,0,125
Criminal,Passing of Orders,Maharashtra,0,0,772
Criminal,Passing of Orders,Maharashtra,0,0,167
Criminal,Passing of Orders,Maharashtra,0,0,12
Criminal,Passing of Orders,Maharashtra,0,0,21
Criminal,Passing of Orders,Maharashtra,0,0,105
Criminal,Passing of Orders,Maharashtra,0,0,87
Criminal,Passing of Orders,Maharashtra,0,0,10
Criminal,Passing of Orders,Maharashtra,0,0,349
Criminal,Passing of Orders,Maharashtra,0,0,141
Criminal,Passing of Orders,Maharashtra,0,0,45
Criminal,Passing of Orders,Maharashtra,0,0,50
Criminal,Passing of Orders,Maharashtra,0,0,22
Criminal,Passing of Orders,Maharashtra,0,0,343
Criminal,Passing of Orders,Maharashtra,0,0,429
Criminal,Passing of Orders,Maharashtra,0,0,203
Criminal,Passing of Orders,Maharashtra,0,0,27
Criminal,Passing of Orders,Maharashtra,0,0,216
Criminal,Passing of Orders,Maharashtra,0,0,187
Criminal,Passing of Orders,Maharashtra,0,0,176
Criminal,Passing of Orders,Maharashtra,0,0,109
Criminal,Passing of Orders,Maharashtra,0,0,268
Criminal,Passing of Orders,Maharashtra,0,0,29
Criminal,Passing of Orders,Maharashtra,0,0,679
Criminal,Passing of Orders,Maharashtra,0,0,67
Criminal,Passing of Orders,Maharashtra,0,0,285
Criminal,Passing of Orders,Maharashtra,0,0,265
Criminal,Passing of Orders,Maharashtra,0,0,231
Criminal,Passing of Orders,Maharashtra,0,0,166
Criminal,Passing of Orders,Maharashtra,0,0,365
Criminal,Passing of Orders,Maharashtra,0,0,93
Criminal,Passing of Orders,Maharashtra,0,0,158
Criminal,Passing of Orders,Maharashtra,0,0,605
Criminal,Passing of Orders,Maharashtra,0,0,7
Criminal,Passing of Orders,Maharashtra,0,0,60
Criminal,Passing of Orders,Maharashtra,0,0,158
Criminal,Passing of Orders,Maharashtra,0,0,282
Criminal,Passing of Orders,Maharashtra,0,0,148
Criminal,Passing of Orders,Maharashtra,0,0,6
Criminal,Passing of Orders,Maharashtra,0,0,183
Criminal,Passing of Orders,Maharashtra,0,0,35
Criminal,Passing of Orders,Maharashtra,0,0,30
Criminal,Passing of Orders,Maharashtra,0,0,539
Criminal,Passing of Orders,Maharashtra,0,0,26
Criminal,Passing of Orders,Maharashtra,0,0,364
Criminal,Passing of Orders,Maharashtra,0,0,280
Criminal,Passing of Orders,Maharashtra,0,0,531
Criminal,Passing of Orders,Maharashtra,0,0,150
Criminal,Passing of Orders,Maharashtra,0,0,238
Criminal,Passing of Orders,Maharashtra,0,0,274
Criminal,Passing of Orders,Maharashtra,0,0,239
Criminal,Passing of Orders,Maharashtra,0,0,183
Criminal,Passing of Orders,Maharashtra,0,0,590
Criminal,Passing of Orders,Maharashtra,0,0,21
Criminal,Passing of Orders,Maharashtra,0,0,8
Criminal,Passing of Orders,Maharashtra,0,0,40
Criminal,Passing of Orders,Maharashtra,0,0,262
Criminal,Passing of Orders,Maharashtra,0,0,89
Criminal,Passing of Orders,Maharashtra,0,0,54
Criminal,Passing of Orders,Maharashtra,0,0,69
Criminal,Passing of Orders,Maharashtra,0,0,178
Criminal,Passing of Orders,Maharashtra,0,0,205
Criminal,Passing of Orders,Maharashtra,0,0,162
Criminal,Passing of Orders,Maharashtra,0,0,409
Criminal,Passing of Orders,Maharashtra,0,0,58
Criminal,Evidence,Delhi,0,0,18
Criminal,Evidence,Delhi,0,0,4
Criminal,Evidence,Delhi,0,0,10
Criminal,Evidence,Delhi,0,0,22
Criminal,Passing of Orders,Delhi,0,0,5
Criminal,Passing of Orders,Delhi,0,0,47
Criminal,Passing of Orders,Delhi,0,0,188
Criminal,Evidence,Delhi,0,0,3
Criminal,Evidence,Delhi,0,0,16
Criminal,Evidence,Delhi,0,0,10
Criminal,Evidence,Delhi,0,0,2
Criminal,Evidence,Delhi,0,0,6
Criminal,Evidence,Delhi,0,0,3
Criminal,Evidence,Delhi,0,0,12
Criminal,Evidence,Delhi,0,0,19
Criminal,Evidence,Delhi,0,0,7
Criminal,Evidence,Delhi,0,0,8
Criminal,Evidence,Delhi,0,0,3
Criminal,Evidence,Delhi,0,0,3
Criminal,Evidence,Delhi,0,0,13
Criminal,Evidence,Delhi,0,0,52
Criminal,Evidence,Delhi,0,0,2
Criminal,Evidence,Delhi,0,0,2
Criminal,Passing of Orders,Delhi,0,0,833
Criminal,Passing of Orders,Delhi,0,0,1
Criminal,Passing of Orders,Delhi,0,0,2
Criminal,Passing of Orders,Delhi,0,0,39
Criminal,Passing of Orders,Delhi,0,0,59
Criminal,Passing of Orders,Delhi,0,0,123
Criminal,Passing of Orders,Delhi,0,0,118
Criminal,Evidence,Delhi,0,0,1
Criminal,Evidence,Delhi,0,0,1
Criminal,Evidence,Delhi,0,0,1
Criminal,Evidence,Delhi,0,0,7
Criminal,Evidence,Delhi,0,0,1
Criminal,Evidence,Delhi,0,0,1
Criminal,Evidence,Delhi,0,0,1
Criminal,Evidence,Delhi,0,0,43
Criminal,Evidence,Delhi,0,0,26
Criminal,Evidence,Delhi,0,0,10
Criminal,Evidence,Delhi,0,0,10
Criminal,Evidence,Delhi,0,0,10
Criminal,Evidence,Delhi,0,0,1
Criminal,Evidence,Delhi,0,0,10
Criminal,Passing of Orders,Delhi,0,0,75
Criminal,Evidence,Delhi,0,0,1
Criminal,Evidence,Delhi,0,0,1
Criminal,Evidence,Delhi,0,0,1
Criminal,Evidence,Delhi,0,0,1
Criminal,Evidence,Delhi,0,0,1
Criminal,Evidence,Delhi,0,0,5
Criminal,Evidence,Delhi,0,0,4
Criminal,Evidence,Delhi,0,0,4
Criminal,Evidence,Delhi,0,0,14
Criminal,Evidence,Delhi,0,0,1
Criminal,Evidence,Delhi,0,0,1
Criminal,Evidence,Delhi,0,0,1
Criminal,Passing of Orders,Delhi,0,0,142
Criminal,Passing of Orders,Delhi,0,0,126
Criminal,Evidence,Delhi,0,0,1
Criminal,Evidence,Delhi,0,0,9
Criminal,Passing of Orders,Delhi,0,0,65
Criminal,Passing of Orders,Delhi,0,0,1
Criminal,Passing of Orders,Delhi,0,0,107
Criminal,Evidence,Delhi,0,0,1
Criminal,Evidence,Delhi,0,0,5
Criminal,Evidence,Delhi,0,0,3
Criminal,Evidence,Delhi,0,0,7
Criminal,Evidence,Delhi,0,0,11
Criminal,Evidence,Delhi,0,0,3
Criminal,Passing of Orders,Delhi,0,0,498
Criminal,Evidence,Delhi,0,0,1
Criminal,Evidence,Delhi,0,0,1
Criminal,Evidence,Delhi,0,0,5
Criminal,Evidence,Delhi,0,0,2
Criminal,Evidence,Delhi,0,0,1
Criminal,Evidence,Delhi,0,0,18
Criminal,Passing of Orders,Delhi,0,0,96
Criminal,Evidence,Delhi,0,0,10
Criminal,Evidence,Delhi,0,0,11
Criminal,Evidence,Delhi,0,0,8
Criminal,Passing of Orders,Delhi,0,0,98
Criminal,Passing of Orders,Delhi,0,0,2
Criminal,Passing of Orders,Delhi,0,0,59
Criminal,Passing of Orders,Delhi,0,0,78
Criminal,Evidence,Delhi,0,0,7
Criminal,Evidence,Delhi,0,0,2
Criminal,Evidence,Delhi,0,0,4
Criminal,Evidence,Delhi,0,0,16
Criminal,Passing of Orders,Delhi,0,0,234
Criminal,Passing of Orders,Delhi,0,0,10
Criminal,Passing of Orders,Delhi,0,0,93
Criminal,Passing of Orders,Delhi,0,0,69
Criminal,Evidence,Delhi,0,0,22
Criminal,Evidence,Delhi,0,0,22
Criminal,Evidence,Delhi,0,0,22
Criminal,Evidence,Delhi,0,0,6
Criminal,Evidence,Delhi,0,0,4
Criminal,Evidence,Delhi,0,0,4
Criminal,Evidence,Delhi,0,0,8
Criminal,Passing of Orders,Gujarat,0,0,10
Criminal,Evidence,Gujarat,0,0,582
Criminal,Passing of Orders,Gujarat,0,0,95
Criminal,Evidence,Gujarat,0,0,1254
Criminal,Passing of Orders,Gujarat,0,0,1479
Criminal,Passing of Orders,Gujarat,0,0,1666
Criminal,Passing of Orders,Gujarat,0,0,11
Criminal,Passing of Orders,Gujarat,0,0,14
Criminal,Passing of Orders,Gujarat,0,0,35
Criminal,Passing of Orders,Gujarat,0,0,48
Criminal,Evidence,Gujarat,0,0,11
Criminal,Evidence,Gujarat,0,0,20
Criminal,Evidence,Gujarat,0,0,543
Criminal,Evidence,Gujarat,0,0,752
Criminal,Evidence,Gujarat,0,0,752
Criminal,Evidence,Gujarat,0,0,846
Criminal,Evidence,Gujarat,0,0,1640
Criminal,Evidence,Gujarat,0,0,36
Criminal,Evidence,Gujarat,0,0,36
Criminal,Passing of Orders,Gujarat,0,0,76
Criminal,Passing of Orders,Gujarat,0,0,11
Criminal,Passing of Orders,Gujarat,0,0,4
Criminal,Passing of Orders,Gujarat,0,0,33
Criminal,Passing of Orders,Gujarat,0,0,36
Criminal,Passing of Orders,Gujarat,0,0,27
Criminal,Passing of Orders,Gujarat,0,0,8
Criminal,Passing of Orders,Gujarat,0,0,7
Criminal,Passing of Orders,Gujarat,0,0,11
Criminal,Passing of Orders,Gujarat,0,0,37
Criminal,Passing of Orders,Gujarat,0,0,43
Criminal,Evidence,Gujarat,0,0,551
Criminal,Passing of Orders,Gujarat,0,0,40
Criminal,Passing of Orders,Gujarat,0,0,30
Criminal,Passing of Orders,Gujarat,0,0,38
Criminal,Passing of Orders,Gujarat,0,0,25
Criminal,Passing of Orders,Gujarat,0,0,48
Criminal,Passing of Orders,Gujarat,0,0,739
Criminal,Evidence,Gujarat,0,0,954
Criminal,Evidence,Gujarat,0,0,965
Criminal,Evidence,Gujarat,0,0,893
Criminal,Evidence,Gujarat,0,0,7
Criminal,Evidence,Gujarat,0,0,320
Criminal,Passing of Orders,Gujarat,0,0,11
Criminal,Passing of Orders,Gujarat,0,0,27
Criminal,Passing of Orders,Gujarat,0,0,445
Criminal,Passing of Orders,Gujarat,0,0,11
Criminal,Passing of Orders,Gujarat,0,0,50
Criminal,Passing of Orders,Gujarat,0,0,10
Criminal,Evidence,Gujarat,0,0,1093
Criminal,Evidence,Gujarat,0,0,694
Criminal,Evidence,Gujarat,0,0,700
Criminal,Passing of Orders,Gujarat,0,0,353
Criminal,Passing of Orders,Gujarat,0,0,12
Criminal,Passing of Orders,Gujarat,0,0,39
Criminal,Passing of Orders,Gujarat,0,0,1754
Criminal,Evidence,Gujarat,0,0,804
Criminal,Evidence,Gujarat,0,0,804
Criminal,Evidence,Gujarat,0,0,804
Criminal,Evidence,Gujarat,0,0,25
Criminal,Passing of Orders,Gujarat,0,0,6
Criminal,Passing of Orders,Gujarat,0,0,47
Criminal,Passing of Orders,Gujarat,0,0,27
Criminal,Passing of Orders,Gujarat,0,0,27
Criminal,Passing of Orders,Gujarat,0,0,1398
Criminal,Passing of Orders,Gujarat,0,0,8
Criminal,Passing of Orders,Gujarat,0,0,1652
Criminal,Evidence,Gujarat,0,0,11
Criminal,Passing of Orders,Gujarat,0,0,15
Criminal,Evidence,Gujarat,0,0,673
Criminal,Passing of Orders,Gujarat,0,0,7
Criminal,Passing of Orders,Gujarat,0,0,20
Criminal,Passing of Orders,Gujarat,0,0,1276
Criminal,Passing of Orders,Gujarat,0,0,1586
Criminal,Evidence,Gujarat,0,0,725
Criminal,Evidence,Gujarat,0,0,1297
Criminal,Evidence,Gujarat,0,0,645
Criminal,Passing of Orders,Gujarat,0,0,94
Criminal,Evidence,Gujarat,0,0,94
Criminal,Evidence,Gujarat,0,0,318
Criminal,Evidence,Gujarat,0,0,548
Criminal,Evidence,Gujarat,0,0,1227
Criminal,Evidence,Gujarat,0,0,538
Criminal,Evidence,Gujarat,0,0,571
Criminal,Evidence,Gujarat,0,0,525
Criminal,Evidence,Gujarat,0,0,1242
Criminal,Passing of Orders,Gujarat,0,0,22
Criminal,Passing of Orders,Gujarat,0,0,5
Criminal,Passing of Orders,Gujarat,0,0,3
Criminal,Passing of Orders,Gujarat,0,0,2
Criminal,Passing of Orders,Gujarat,0,0,3
Criminal,Passing of Orders,Gujarat,0,0,39
Criminal,Passing of Orders,Gujarat,0,0,19
Criminal,Evidence,Gujarat,0,0,11
Criminal,Passing of Orders,Gujarat,0,0,1253
Criminal,Passing of Orders,Gujarat,0,0,22
Criminal,Passing of Orders,Gujarat,0,0,57
Criminal,Evidence,Gujarat,0,0,65
Criminal,Evidence,Gujarat,0,0,8
Criminal,Evidence,Gujarat,0,0,8
Criminal,Evidence,Gujarat,0,0,5
Civil,Passing of Orders,Meghalaya,0,0,1
Civil,Passing of Orders,Meghalaya,0,0,70
Civil,Passing of Orders,Meghalaya,0,0,532
Civil,Passing of Orders,Meghalaya,0,0,127
Civil,Passing of Orders,Meghalaya,0,0,490
Civil,Passing of Orders,Meghalaya,0,0,490
Civil,Passing of Orders,Meghalaya,0,0,177
Civil,Passing of Orders,Meghalaya,0,0,30
Civil,Passing of Orders,Meghalaya,0,0,112
Civil,Passing of Orders,Meghalaya,0,0,1255
Civil,Passing of Orders,Meghalaya,0,0,208
Civil,Passing of Orders,Meghalaya,0,0,655
Civil,Passing of Orders,Meghalaya,0,0,5
Civil,Passing of Orders,Meghalaya,0,0,5
Civil,Passing of Orders,Meghalaya,0,0,686
Civil,Passing of Orders,Meghalaya,0,0,23
Civil,Passing of Orders,Meghalaya,0,0,1255
Civil,Passing of Orders,Meghalaya,0,0,23
Civil,Passing of Orders,Meghalaya,0,0,686
Civil,Passing of Orders,Meghalaya,0,0,1219
Civil,Passing of Orders,Meghalaya,0,0,1219
Civil,Passing of Orders,Meghalaya,0,0,1219
Civil,Passing of Orders,Meghalaya,0,0,190
Civil,Passing of Orders,Meghalaya,0,0,70
Civil,Passing of Orders,Meghalaya,0,0,568
Civil,Passing of Orders,Meghalaya,0,0,7
Civil,Passing of Orders,Meghalaya,0,0,25
Civil,Passing of Orders,Meghalaya,0,0,1107
Civil,Passing of Orders,Meghalaya,0,0,975
Civil,Passing of Orders,Meghalaya,0,0,975
Civil,Passing of Orders,Meghalaya,0,0,645
Civil,Passing of Orders,Meghalaya,0,0,29
Civil,Passing of Orders,Meghalaya,0,0,26
Civil,Passing of Orders,Meghalaya,0,0,81
Civil,Passing of Orders,Meghalaya,0,0,29
Civil,Passing of Orders,Meghalaya,0,0,27
Civil,Passing of Orders,Meghalaya,0,0,854
Civil,Passing of Orders,Meghalaya,0,0,1669
Civil,Passing of Orders,Meghalaya,0,0,232
Civil,Passing of Orders,Meghalaya,0,0,72
Civil,Passing of Orders,Meghalaya,0,0,232
Civil,Passing of Orders,Meghalaya,0,0,232
Civil,Passing of Orders,Meghalaya,0,0,1255
Civil,Passing of Orders,Meghalaya,0,0,232
Civil,Passing of Orders,Meghalaya,0,0,112
Civil,Passing of Orders,Meghalaya,0,0,171
Civil,Passing of Orders,Meghalaya,0,0,421
Civil,Passing of Orders,Meghalaya,0,0,504
Civil,Passing of Orders,Meghalaya,0,0,50
Civil,Passing of Orders,Meghalaya,0,0,50
Civil,Passing of Orders,Meghalaya,0,0,693
Civil,Passing of Orders,Meghalaya,0,0,693
Civil,Passing of Orders,Meghalaya,0,0,693
Civil,Passing of Orders,Meghalaya,0,0,693
Civil,Passing of Orders,Meghalaya,0,0,57
Civil,Passing of Orders,Meghalaya,0,0,360
Civil,Passing of Orders,Meghalaya,0,0,371
Civil,Passing of Orders,Meghalaya,0,0,1255
Civil,Passing of Orders,Meghalaya,0,0,1255
Civil,Passing of Orders,Meghalaya,0,0,690
Civil,Passing of Orders,Meghalaya,0,0,1255
Civil,Passing of Orders,Meghalaya,0,0,15
Civil,Passing of Orders,Meghalaya,0,0,1072
Civil,Passing of Orders,Meghalaya,0,0,119
Civil,Passing of Orders,Meghalaya,0,0,70
Civil,Passing of Orders,Meghalaya,0,0,826
Civil,Passing of Orders,Meghalaya,0,0,223
Civil,Passing of Orders,Meghalaya,0,0,3
Civil,Passing of Orders,Meghalaya,0,0,1264
Civil,Passing of Orders,Meghalaya,0,0,1264
Civil,Passing of Orders,Meghalaya,0,0,693
Civil,Passing of Orders,Meghalaya,0,0,395
Civil,Passing of Orders,Meghalaya,0,0,112
Civil,Passing of Orders,Meghalaya,0,0,112
Civil,Passing of Orders,Meghalaya,0,0,112
Civil,Passing of Orders,Meghalaya,0,0,112
Civil,Passing of Orders,Meghalaya,0,0,115
Civil,Passing of Orders,Meghalaya,0,0,112
Civil,Passing of Orders,Meghalaya,0,0,112
Civil,Passing of Orders,Meghalaya,0,0,112
Civil,Passing of Orders,Meghalaya,0,0,827
Civil,Passing of Orders,Meghalaya,0,0,573
Civil,Passing of Orders,Meghalaya,0,0,2
Civil,Passing of Orders,Meghalaya,0,0,70
Civil,Passing of Orders,Meghalaya,0,0,1247
Civil,Passing of Orders,Meghalaya,0,0,518
Civil,Passing of Orders,Meghalaya,0,0,686
Civil,Passing of Orders,Meghalaya,0,0,690
Civil,Passing of Orders,Meghalaya,0,0,41
Civil,Passing of Orders,Meghalaya,0,0,661
Civil,Passing of Orders,Meghalaya,0,0,812
Civil,Passing of Orders,Meghalaya,0,0,1007
Civil,Passing of Orders,Meghalaya,0,0,141
Civil,Passing of Orders,Meghalaya,0,0,31
Civil,Passing of Orders,Meghalaya,0,0,31
Civil,Passing of Orders,Meghalaya,0,0,1
Civil,Passing of Orders,Meghalaya,0,0,1
Civil,Passing of Orders,Meghalaya,0,0,48
Civil,Passing of Orders,Meghalaya,0,0,6
Civil,Passing of Orders,Meghalaya,0,0,127
Criminal,Evidence,Bihar,0,0,7
Criminal,Evidence,Bihar,0,0,2
Criminal,Evidence,Bihar,0,0,31
Criminal,Evidence,Bihar,0,0,3
Criminal,Evidence,Bihar,0,0,18
Criminal,Evidence,Bihar,0,0,20
Criminal,Evidence,Bihar,0,0,28
Criminal,Evidence,Bihar,0,0,6
Criminal,Evidence,Bihar,0,0,8
Criminal,Evidence,Bihar,0,0,24
Criminal,Evidence,Bihar,0,0,1
Criminal,Evidence,Bihar,0,0,41
Criminal,Evidence,Bihar,0,0,1
Criminal,Evidence,Bihar,0,0,10
Criminal,Evidence,Bihar,0,0,53
Criminal,Evidence,Bihar,0,0,46
Criminal,Evidence,Bihar,0,0,20
Criminal,Evidence,Bihar,0,0,12
Criminal,Evidence,Bihar,0,0,20
Criminal,Evidence,Bihar,0,0,14
Criminal,Evidence,Bihar,0,0,2
Criminal,Evidence,Bihar,0,0,210
Criminal,Evidence,Bihar,0,0,14
Criminal,Evidence,Bihar,0,0,10
Criminal,Evidence,Bihar,0,0,133
Criminal,Evidence,Bihar,0,0,10
Criminal,Evidence,Bihar,0,0,78
Criminal,Evidence,Bihar,0,0,92
Criminal,Evidence,Bihar,0,0,85
Criminal,Evidence,Bihar,0,0,36
Criminal,Evidence,Bihar,0,0,28
Criminal,Evidence,Bihar,0,0,17
Criminal,Evidence,Bihar,0,0,19
Criminal,Evidence,Bihar,0,0,34
Criminal,Evidence,Bihar,0,0,119
Criminal,Evidence,Bihar,0,0,20
Criminal,Evidence,Bihar,0,0,119
Criminal,Evidence,Bihar,0,0,83
Criminal,Evidence,Bihar,0,0,92
Criminal,Evidence,Bihar,0,0,18
Criminal,Evidence,Bihar,0,0,16
Criminal,Evidence,Bihar,0,0,76
Criminal,Evidence,Bihar,0,0,78
Criminal,Evidence,Bihar,0,0,2
Criminal,Evidence,Bihar,0,0,22
Criminal,Evidence,Bihar,0,0,22
Criminal,Evidence,Bihar,0,0,8
Criminal,Evidence,Bihar,0,0,13
Criminal,Evidence,Bihar,0,0,2
Criminal,Evidence,Bihar,0,0,11
Criminal,Evidence,Bihar,0,0,34
Criminal,Evidence,Bihar,0,0,12
Criminal,Evidence,Bihar,0,0,18
Criminal,Evidence,Bihar,0,0,45
Criminal,Evidence,Bihar,0,0,24
Criminal,Evidence,Bihar,0,0,8
Criminal,Evidence,Bihar,0,0,21
Criminal,Evidence,Bihar,0,0,56
Criminal,Evidence,Bihar,0,0,3
Criminal,Evidence,Bihar,0,0,3
Criminal,Evidence,Bihar,0,0,7
Criminal,Evidence,Bihar,0,0,59
Criminal,Evidence,Bihar,0,0,31
Criminal,Evidence,Bihar,0,0,46
Criminal,Evidence,Bihar,0,0,271
Criminal,Evidence,Bihar,0,0,59
Criminal,Evidence,Bihar,0,0,47
Criminal,Evidence,Bihar,0,0,44
Criminal,Evidence,Bihar,0,0,23
Criminal,Evidence,Bihar,0,0,25
Criminal,Evidence,Bihar,0,0,122
Criminal,Evidence,Bihar,0,0,87
Criminal,Evidence,Bihar,0,0,16
Criminal,Evidence,Bihar,0,0,13
Criminal,Evidence,Bihar,0,0,57
Criminal,Evidence,Bihar,0,0,62
Criminal,Evidence,Bihar,0,0,8
Criminal,Evidence,Bihar,0,0,26
Criminal,Evidence,Bihar,0,0,6
Criminal,Evidence,Bihar,0,0,42
Criminal,Evidence,Bihar,0,0,3
Criminal,Evidence,Bihar,0,0,29
Criminal,Evidence,Bihar,0,0,55
Criminal,Evidence,Bihar,0,0,4
Criminal,Evidence,Bihar,0,0,48
Criminal,Evidence,Bihar,0,0,59
Criminal,Evidence,Bihar,0,0,55
Criminal,Evidence,Bihar,0,0,33
Criminal,Evidence,Bihar,0,0,41
Criminal,Evidence,Bihar,0,0,25
Criminal,Evidence,Bihar,0,0,42
Criminal,Evidence,Bihar,0,0,41
Criminal,Evidence,Bihar,0,0,29
Criminal,Evidence,Bihar,0,0,14
Criminal,Evidence,Bihar,0,0,39
Criminal,Evidence,Bihar,0,0,48
Criminal,Evidence,Bihar,0,0,25
Criminal,Evidence,Bihar,0,0,95
Criminal,Evidence,Bihar,0,0,52
Criminal,Evidence,Bihar,0,0,36
Civil,Passing of Orders,Karnataka,0,0,16
Civil,Passing of Orders,Karnataka,0,0,6
Civil,Passing of Orders,Karnataka,0,0,8
Civil,Passing of Orders,Karnataka,0,0,7
Civil,Passing of Orders,Maharashtra,0,0,2285
Civil,Passing of Orders,Karnataka,0,0,96
Civil,Passing of Orders,Karnataka,0,0,1449
Civil,Passing of Orders,Karnataka,0,0,1033
Civil,Passing of Orders,Karnataka,0,0,28
Civil,Passing of Orders,Karnataka,0,0,1172
Civil,Passing of Orders,Karnataka,0,0,8
Civil,Passing of Orders,Karnataka,0,0,11
Civil,Passing of Orders,Karnataka,0,0,19
Civil,Passing of Orders,Karnataka,0,0,771
Civil,Passing of Orders,Karnataka,0,0,360
Civil,Passing of Orders,Karnataka,0,0,1349
Civil,Passing of Orders,Karnataka,0,0,726
Civil,Passing of Orders,Maharashtra,0,0,410
Civil,Passing of Orders,Maharashtra,0,0,2264
Civil,Passing of Orders,Maharashtra,0,0,1125
Civil,Passing of Orders,Delhi,0,0,344
Civil,Passing of Orders,Maharashtra,0,0,6
Civil,Passing of Orders,Maharashtra,0,0,6155
Civil,Passing of Orders,Maharashtra,0,0,507
Civil,Passing of Orders,Maharashtra,0,0,7851
Civil,Passing of Orders,Maharashtra,0,0,462
Civil,Passing of Orders,Delhi,0,0,9
Civil,Passing of Orders,Delhi,0,0,87
Civil,Passing of Orders,Delhi,0,0,5
Civil,Passing of Orders,Delhi,0,0,100
Civil,Passing of Orders,Delhi,0,0,1
Civil,Passing of Orders,Delhi,0,0,85
Civil,Passing of Orders,Delhi,0,0,864
Civil,Passing of Orders,Delhi,0,0,515
Civil,Passing of Orders,Delhi,0,0,2
Civil,Passing of Orders,Delhi,0,0,751
Civil,Passing of Orders,Delhi,0,0,864
Civil,Passing of Orders,Delhi,0,0,58
Civil,Passing of Orders,Delhi,0,0,31
Civil,Passing of Orders,Delhi,0,0,485
Civil,Passing of Orders,Delhi,0,0,1
Civil,Passing of Orders,Delhi,0,0,122
Civil,Passing of Orders,Delhi,0,0,71
Civil,Passing of Orders,Delhi,0,0,11
Civil,Passing of Orders,Delhi,0,0,903
Civil,Passing of Orders,Delhi,0,0,3
Civil,Passing of Orders,Delhi,0,0,91
Civil,Passing of Orders,Delhi,0,0,1
Civil,Passing of Orders,Delhi,0,0,1123
Civil,Passing of Orders,Delhi,0,0,2
Civil,Passing of Orders,Delhi,0,0,525
Civil,Passing of Orders,Delhi,0,0,61
Civil,Passing of Orders,Delhi,0,0,106
Civil,Passing of Orders,Delhi,0,0,106
Civil,Passing of Orders,Delhi,0,0,106
Civil,Passing of Orders,Delhi,0,0,1036
Civil,Passing of Orders,Delhi,0,0,4
Civil,Passing of Orders,Delhi,0,0,106
Civil,Passing of Orders,Delhi,0,0,106
Civil,Passing of Orders,Delhi,0,0,210
Civil,Passing of Orders,Delhi,0,0,243
Civil,Passing of Orders,Delhi,0,0,789
Civil,Passing of Orders,Delhi,0,0,10
Civil,Passing of Orders,Delhi,0,0,582
Civil,Passing of Orders,Delhi,0,0,78
Civil,Passing of Orders,Delhi,0,0,57
Civil,Passing of Orders,Delhi,0,0,4
Civil,Passing of Orders,Delhi,0,0,231
Civil,Passing of Orders,Delhi,0,0,684
Civil,Passing of Orders,Delhi,0,0,790
Civil,Passing of Orders,Delhi,0,0,1
Civil,Passing of Orders,Delhi,0,0,1
Civil,Passing of Orders,Delhi,0,0,7
Criminal,Passing of Orders,Maharashtra,0,0,559
Criminal,Passing of Orders,Maharashtra,0,0,741
Criminal,Passing of Orders,Maharashtra,0,0,562
Criminal,Passing of Orders,Maharashtra,0,0,403
Criminal,Passing of Orders,Maharashtra,0,0,244
Criminal,Passing of Orders,Maharashtra,0,0,547
Criminal,Passing of Orders,Maharashtra,0,0,565
Criminal,Passing of Orders,Maharashtra,0,0,207
Criminal,Passing of Orders,Maharashtra,0,0,343
Criminal,Passing of Orders,Maharashtra,0,0,406
Criminal,Passing of Orders,Maharashtra,0,0,150
Criminal,Passing of Orders,Maharashtra,0,0,517
Criminal,Passing of Orders,Maharashtra,0,0,398
Criminal,Passing of Orders,Maharashtra,0,0,223
Criminal,Passing of Orders,Maharashtra,0,0,967
Criminal,Passing of Orders,Maharashtra,0,0,542
Criminal,Passing of Orders,Maharashtra,0,0,358
Criminal,Passing of Orders,Maharashtra,0,0,672
Criminal,Passing of Orders,Maharashtra,0,0,108
Criminal,Passing of Orders,Maharashtra,0,0,450
Criminal,Passing of Orders,Maharashtra,0,0,561
Criminal,Passing of Orders,Maharashtra,0,0,560
Criminal,Passing of Orders,Maharashtra,0,0,480
Criminal,Passing of Orders,Maharashtra,0,0,621
Criminal,Passing of Orders,Maharashtra,0,0,181
Criminal,Passing of Orders,Maharashtra,0,0,772
Criminal,Passing of Orders,Maharashtra,0,0,72
Criminal,Passing of Orders,Maharashtra,0,0,194
Criminal,Passing of Orders,Maharashtra,0,0,860
Criminal,Passing of Orders,Maharashtra,0,0,844
Criminal,Passing of Orders,Maharashtra,0,0,215
Criminal,Passing of Orders,Maharashtra,0,0,253
Criminal,Passing of Orders,Maharashtra,0,0,534
Criminal,Passing of Orders,Maharashtra,0,0,229
Criminal,Passing of Orders,Maharashtra,0,0,590
Criminal,Passing of Orders,Maharashtra,0,0,238
Criminal,Passing of Orders,Maharashtra,0,0,753
Criminal,Passing of Orders,Maharashtra,0,0,368
Criminal,Passing of Orders,Maharashtra,0,0,13
Criminal,Passing of Orders,Maharashtra,0,0,847
Criminal,Passing of Orders,Maharashtra,0,0,30
Criminal,Passing of Orders,Maharashtra,0,0,333
Criminal,Passing of Orders,Maharashtra,0,0,617
Criminal,Passing of Orders,Maharashtra,0,0,45
Criminal,Passing of Orders,Maharashtra,0,0,25
Criminal,Passing of Orders,Maharashtra,0,0,80
Criminal,Passing of Orders,Maharashtra,0,0,432
Criminal,Passing of Orders,Maharashtra,0,0,34
Civil,Passing of Orders,Chhattisgarh,0,0,10
Civil,Passing of Orders,Chhattisgarh,0,0,6
Civil,Passing of Orders,Chhattisgarh,0,0,314
Civil,Passing of Orders,Chhattisgarh,0,0,1
Civil,Passing of Orders,Chhattisgarh,0,0,88
Civil,Passing of Orders,Chhattisgarh,0,0,272
Civil,Passing of Orders,Chhattisgarh,0,0,4
Civil,Passing of Orders,Chhattisgarh,0,0,13
Civil,Passing of Orders,Chhattisgarh,0,0,927
Civil,Passing of Orders,Chhattisgarh,0,0,1760
Civil,Passing of Orders,Assam,0,0,227
Civil,Passing of Orders,Chhattisgarh,0,0,2514
Civil,Passing of Orders,Chhattisgarh,0,0,6
Civil,Passing of Orders,Chhattisgarh,0,0,6
Civil,Passing of Orders,Chhattisgarh,0,0,6
Civil,Passing of Orders,Chhattisgarh,0,0,1467
Civil,Passing of Orders,Chhattisgarh,0,0,7
Civil,Passing of Orders,Chhattisgarh,0,0,3506
Civil,Passing of Orders,Assam,0,0,837
Civil,Passing of Orders,Assam,0,0,709
Civil,Passing of Orders,Assam,0,0,1972
Civil,Passing of Orders,Assam,0,0,573
Civil,Passing of Orders,Assam,0,0,25
Civil,Passing of Orders,Assam,0,0,177
Criminal,Passing of Orders,Assam,0,0,21
Criminal,Passing of Orders,Assam,0,0,35
Civil,Passing of Orders,Assam,0,0,12
Civil,Passing of Orders,Assam,0,0,619
Civil,Passing of Orders,Assam,0,0,21
Criminal,Passing of Orders,Assam,0,0,80
Criminal,Passing of Orders,Rajasthan,0,0,1441
Criminal,Passing of Orders,Rajasthan,0,0,1
Criminal,Passing of Orders,Rajasthan,0,0,889
Criminal,Passing of Orders,Rajasthan,0,0,177
Criminal,Passing of Orders,Rajasthan,0,0,21
Criminal,Passing of Orders,Rajasthan,0,0,21
Criminal,Passing of Orders,Rajasthan,0,0,272
Criminal,Passing of Orders,Rajasthan,0,0,614
Criminal,Passing of Orders,Rajasthan,0,0,43
Criminal,Passing of Orders,Rajasthan,0,0,10
Criminal,Passing of Orders,Rajasthan,0,0,198
Criminal,Passing of Orders,Madhya Pradesh,0,0,148
Criminal,Passing of Orders,Rajasthan,0,0,68
Criminal,Passing of Orders,Rajasthan,0,0,17
Criminal,Passing of Orders,Rajasthan,0,0,1863
Criminal,Passing of Orders,Rajasthan,0,0,1485
Criminal,Passing of Orders,Rajasthan,0,0,248
Criminal,Passing of Orders,Rajasthan,0,0,99
Criminal,Passing of Orders,Rajasthan,0,0,639
Criminal,Passing of Orders,Rajasthan,0,0,245
Criminal,Passing of Orders,Rajasthan,0,0,120
Criminal,Passing of Orders,Rajasthan,0,0,125
Criminal,Passing of Orders,Rajasthan,0,0,1015
Criminal,Passing of Orders,Rajasthan,0,0,73
Criminal,Passing of Orders,Rajasthan,0,0,420
Criminal,Passing of Orders,Rajasthan,0,0,197
Criminal,Passing of Orders,Rajasthan,0,0,64
Criminal,Passing of Orders,Rajasthan,0,0,3532
Criminal,Passing of Orders,Rajasthan,0,0,342
Criminal,Passing of Orders,Rajasthan,0,0,3607
Criminal,Passing of Orders,Maharashtra,0,0,2242
Criminal,Passing of Orders,Maharashtra,0,0,2520
Criminal,Passing of Orders,Maharashtra,0,0,3355
Criminal,Passing of Orders,Maharashtra,0,0,1750
Criminal,Passing of Orders,Maharashtra,0,0,2313
Criminal,Passing of Orders,Maharashtra,0,0,1904
Criminal,Passing of Orders,Maharashtra,0,0,2342
Criminal,Passing of Orders,Maharashtra,0,0,1961
Criminal,Passing of Orders,Maharashtra,0,0,2338
Criminal,Passing of Orders,Maharashtra,0,0,2454
Criminal,Passing of Orders,Maharashtra,0,0,2009
Criminal,Passing of Orders,Maharashtra,0,0,2806
Criminal,Passing of Orders,Maharashtra,0,0,3210
Criminal,Passing of Orders,Maharashtra,0,0,2657
Criminal,Passing of Orders,Maharashtra,0,0,2112
Criminal,Passing of Orders,Maharashtra,0,0,4169
Criminal,Passing of Orders,Maharashtra,0,0,2017
Criminal,Passing of Orders,Maharashtra,0,0,1911
Criminal,Passing of Orders,Maharashtra,0,0,2686
Criminal,Passing of Orders,Maharashtra,0,0,2112
Criminal,Passing of Orders,Maharashtra,0,0,2287
Criminal,Passing of Orders,Maharashtra,0,0,1750
Criminal,Passing of Orders,Maharashtra,0,0,1605
Criminal,Passing of Orders,Maharashtra,0,0,2396
Criminal,Passing of Orders,Maharashtra,0,0,2631
Criminal,Passing of Orders,Maharashtra,0,0,3189
Criminal,Passing of Orders,Maharashtra,0,0,3179
Criminal,Passing of Orders,Maharashtra,0,0,2258
Criminal,Passing of Orders,Maharashtra,0,0,3359
Criminal,Passing of Orders,Maharashtra,0,0,2517
Criminal,Passing of Orders,Maharashtra,0,0,1976
Criminal,Passing of Orders,Maharashtra,0,0,1947
Criminal,Passing of Orders,Maharashtra,0,0,1917
Criminal,Passing of Orders,Maharashtra,0,0,2264
Criminal,Passing of Orders,Maharashtra,0,0,1918
Criminal,Passing of Orders,Maharashtra,0,0,1613
Civil,Passing of Orders,Karnataka,0,0,221
Civil,Passing of Orders,Telangana,0,0,861
Civil,Passing of Orders,Rajasthan,0,0,1005
Civil,Passing of Orders,Telangana,0,0,1
Civil,Passing of Orders,Tamil Nadu,0,0,845
Civil,Passing of Orders,Tamil Nadu,0,0,6
Civil,Passing of Orders,Tamil Nadu,0,0,194
Civil,Passing of Orders,Tamil Nadu,0,0,5
Civil,Passing of Orders,Tamil Nadu,0,0,5
Civil,Passing of Orders,Tamil Nadu,0,0,4
Civil,Passing of Orders,Tamil Nadu,0,0,158
Civil,Passing of Orders,Tamil Nadu,0,0,5
Civil,Passing of Orders,Tamil Nadu,0,0,6
Civil,Passing of Orders,Tamil Nadu,0,0,727
Civil,Passing of Orders,Tamil Nadu,0,0,1564
Civil,Passing of Orders,Tamil Nadu,0,0,71
Civil,Passing of Orders,Madhya Pradesh,0,0,180
Civil,Passing of Orders,Madhya Pradesh,0,0,14
Civil,Passing of Orders,Punjab,0,0,1519
Civil,Passing of Orders,Punjab,0,0,193
Civil,Passing of Orders,Punjab,0,0,1625
Civil,Passing of Orders,Chhattisgarh,0,0,19
Civil,Passing of Orders,Chhattisgarh,0,0,15
Civil,Passing of Orders,Madhya Pradesh,0,0,7
Civil,Passing of Orders,Madhya Pradesh,0,0,12
Civil,Passing of Orders,Madhya Pradesh,0,0,427
Civil,Passing of Orders,Madhya Pradesh,0,0,112
Civil,Passing of Orders,Madhya Pradesh,0,0,268
Civil,Passing of Orders,Madhya Pradesh,0,0,323
Civil,Passing of Orders,Madhya Pradesh,0,0,267
Civil,Passing of Orders,Karnataka,0,0,1540
Civil,Passing of Orders,Punjab,0,0,34
Civil,Passing of Orders,Madhya Pradesh,0,0,22
Civil,Passing of Orders,Tamil Nadu,0,0,182
Civil,Passing of Orders,Tamil Nadu,0,0,4
Civil,Passing of Orders,Tamil Nadu,0,0,6
Civil,Passing of Orders,Karnataka,0,0,555
Civil,Passing of Orders,Karnataka,0,0,634
Civil,Passing of Orders,Maharashtra,0,0,640
Civil,Passing of Orders,Maharashtra,0,0,37
Civil,Passing of Orders,Maharashtra,0,0,83
Civil,Passing of Orders,Maharashtra,0,0,45
Civil,Passing of Orders,Tamil Nadu,0,0,104
Civil,Passing of Orders,Tamil Nadu,0,0,847
Civil,Passing of Orders,Tamil Nadu,0,0,4
Civil,Passing of Orders,Tamil Nadu,0,0,9
Civil,Passing of Orders,Karnataka,0,0,634
Civil,Evidence,Maharashtra,0,0,1725
Civil,Evidence,Maharashtra,0,0,2266
Civil,Evidence,Maharashtra,0,0,2437
Civil,Evidence,Maharashtra,0,0,623
Civil,Evidence,Maharashtra,0,0,78
Civil,Evidence,Maharashtra,0,0,78
Civil,Evidence,Maharashtra,0,0,1027
Civil,Evidence,Maharashtra,0,0,11
Civil,Evidence,Maharashtra,0,0,10
Civil,Evidence,Maharashtra,0,0,2095
Civil,Evidence,Maharashtra,0,0,11
Civil,Evidence,Maharashtra,0,0,2165
Civil,Evidence,Maharashtra,0,0,11
Civil,Evidence,Haryana,0,0,350
Civil,Evidence,Haryana,0,0,685
Civil,Evidence,Uttar Pradesh,0,0,1300
Civil,Evidence,Uttar Pradesh,0,0,520
Civil,Evidence,Maharashtra,0,0,1351
Civil,Evidence,Gujarat,0,0,316
Civil,Evidence,Gujarat,0,0,154
Civil,Evidence,Gujarat,0,0,36
Civil,Evidence,Gujarat,0,0,880
Civil,Evidence,Gujarat,0,0,31
Civil,Evidence,Bihar,0,0,389
Civil,Evidence,Maharashtra,0,0,1878
Civil,Evidence,Punjab,0,0,53
Civil,Evidence,Punjab,0,0,136
Civil,Evidence,Uttar Pradesh,0,0,636
Civil,Evidence,Uttar Pradesh,0,0,563
Civil,Evidence,Uttar Pradesh,0,0,342
Civil,Evidence,Uttar Pradesh,0,0,342
Civil,Evidence,Uttar Pradesh,0,0,342
Civil,Evidence,Uttar Pradesh,0,0,342
Civil,Evidence,Uttar Pradesh,0,0,342
Civil,Evidence,Uttar Pradesh,0,0,342
Civil,Evidence,Uttar Pradesh,0,0,342
Civil,Evidence,Uttar Pradesh,0,0,245
Civil,Evidence,Uttar Pradesh,0,0,245
Civil,Evidence,Uttar Pradesh,0,0,251
Civil,Evidence,Uttar Pradesh,0,0,800
Civil,Evidence,Uttar Pradesh,0,0,253
Civil,Evidence,Uttar Pradesh,0,0,246
Civil,Evidence,Uttar Pradesh,0,0,1078
Civil,Evidence,Uttar Pradesh,0,0,1018
Civil,Evidence,Uttar Pradesh,0,0,220
Civil,Evidence,Uttar Pradesh,0,0,699
Criminal,Evidence,Bihar,0,0,14
Criminal,Evidence,Bihar,0,0,18
Criminal,Evidence,Chhattisgarh,0,0,3
Criminal,Evidence,Chhattisgarh,0,0,3
Criminal,Evidence,Maharashtra,0,0,8
Criminal,Evidence,Bihar,0,0,61
Criminal,Evidence,Maharashtra,0,0,7
Criminal,Evidence,Maharashtra,0,0,2
Criminal,Evidence,Maharashtra,0,0,2
Criminal,Evidence,Maharashtra,0,0,3
Criminal,Evidence,Maharashtra,0,0,8
Criminal,Evidence,Maharashtra,0,0,13
Civil,Evidence,Maharashtra,0,0,140
Civil,Evidence,Maharashtra,0,0,81
Civil,Evidence,Maharashtra,0,0,15
Civil,Evidence,Maharashtra,0,0,46
Civil,Evidence,Maharashtra,0,0,16
Civil,Passing of Orders,Kerala,0,0,39
Civil,Passing of Orders,Kerala,0,0,36
Civil,Passing of Orders,Kerala,0,0,1
Civil,Passing of Orders,Kerala,0,0,19
Civil,Passing of Orders,Kerala,0,0,439
Civil,Passing of Orders,Kerala,0,0,1
Civil,Passing of Orders,Kerala,0,0,3439
Civil,Passing of Orders,Kerala,0,0,11
Civil,Passing of Orders,Kerala,0,0,2
Civil,Passing of Orders,Kerala,0,0,33
Civil,Passing of Orders,Kerala,0,0,155
Civil,Passing of Orders,Kerala,0,0,5761
Civil,Passing of Orders,Kerala,0,0,703
Civil,Passing of Orders,Kerala,0,0,2927
Civil,Passing of Orders,Kerala,0,0,468
Civil,Passing of Orders,Kerala,0,0,3879
Civil,Passing of Orders,Kerala,0,0,3091
Civil,Passing of Orders,Kerala,0,0,171
Civil,Passing of Orders,Kerala,0,0,1
Civil,Passing of Orders,Kerala,0,0,55
Civil,Passing of Orders,Kerala,0,0,88
Civil,Passing of Orders,Kerala,0,0,349
Civil,Passing of Orders,Kerala,0,0,19
Civil,Passing of Orders,Kerala,0,0,15
Civil,Passing of Orders,Kerala,0,0,4
Civil,Passing of Orders,Kerala,0,0,376
Civil,Passing of Orders,Kerala,0,0,2
Civil,Passing of Orders,Kerala,0,0,294
Civil,Passing of Orders,Kerala,0,0,343
Civil,Passing of Orders,Kerala,0,0,3052
Civil,Passing of Orders,Kerala,0,0,2391
Civil,Passing of Orders,Kerala,0,0,2828
Civil,Passing of Orders,Kerala,0,0,61
Civil,Passing of Orders,Kerala,0,0,3
Civil,Passing of Orders,Kerala,0,0,295
Civil,Passing of Orders,Kerala,0,0,160
Civil,Passing of Orders,Kerala,0,0,57
Civil,Passing of Orders,Kerala,0,0,2755
Civil,Passing of Orders,Kerala,0,0,3328
Civil,Passing of Orders,Kerala,0,0,4
Civil,Passing of Orders,Kerala,0,0,4
Civil,Passing of Orders,Kerala,0,0,38
Civil,Passing of Orders,Kerala,0,0,29
Civil,Passing of Orders,Kerala,0,0,37
Civil,Passing of Orders,Kerala,0,0,8
Civil,Passing of Orders,Kerala,0,0,91
Civil,Passing of Orders,Kerala,0,0,2
Civil,Passing of Orders,Kerala,0,0,9
Civil,Passing of Orders,Kerala,0,0,3
Civil,Passing of Orders,Kerala,0,0,53
Civil,Passing of Orders,Kerala,0,0,39
Civil,Passing of Orders,Kerala,0,0,46
Civil,Passing of Orders,Kerala,0,0,3
Civil,Passing of Orders,Kerala,0,0,2
Civil,Passing of Orders,Kerala,0,0,72
Civil,Passing of Orders,Kerala,0,0,43
Civil,Passing of Orders,Kerala,0,0,107
Civil,Passing of Orders,Kerala,0,0,99
Civil,Passing of Orders,Kerala,0,0,15
Civil,Passing of Orders,Kerala,0,0,2
Civil,Passing of Orders,Kerala,0,0,76
Civil,Passing of Orders,Kerala,0,0,2
Civil,Passing of Orders,Kerala,0,0,21
Civil,Passing of Orders,Kerala,0,0,15
Civil,Passing of Orders,Kerala,0,0,2
Civil,Passing of Orders,Kerala,0,0,42
Civil,Passing of Orders,Kerala,0,0,91
Civil,Passing of Orders,Kerala,0,0,71
Civil,Passing of Orders,Kerala,0,0,5
Civil,Passing of Orders,Kerala,0,0,13
Civil,Passing of Orders,Kerala,0,0,35
Civil,Passing of Orders,Kerala,0,0,52
Civil,Passing of Orders,Kerala,0,0,2
Civil,Passing of Orders,Kerala,0,0,3
Civil,Passing of Orders,Kerala,0,0,25
Civil,Passing of Orders,Kerala,0,0,2
Civil,Passing of Orders,Kerala,0,0,48
Civil,Passing of Orders,Kerala,0,0,70
Civil,Passing of Orders,Kerala,0,0,4
Civil,Passing of Orders,Kerala,0,0,52
Civil,Passing of Orders,Kerala,0,0,35
Civil,Passing of Orders,Kerala,0,0,45
Civil,Passing of Orders,Kerala,0,0,2
Civil,Passing of Orders,Kerala,0,0,44
Civil,Passing of Orders,Kerala,0,0,4
Civil,Passing of Orders,Kerala,0,0,7
Civil,Passing of Orders,Kerala,0,0,60
Civil,Passing of Orders,Kerala,0,0,10
Civil,Passing of Orders,Kerala,0,0,3
Civil,Passing of Orders,Kerala,0,0,15
Civil,Passing of Orders,Kerala,0,0,2
Civil,Passing of Orders,Kerala,0,0,32
Civil,Passing of Orders,Kerala,0,0,11
Civil,Passing of Orders,Kerala,0,0,5
Civil,Passing of Orders,Kerala,0,0,30
Civil,Passing of Orders,Kerala,0,0,3
Civil,Passing of Orders,Kerala,0,0,2
Civil,Passing of Orders,Kerala,0,0,2
Civil,Passing of Orders,Kerala,0,0,17
Criminal,Passing of Orders,Kerala,0,0,37
Criminal,Passing of Orders,Kerala,0,0,205
Criminal,Passing of Orders,Kerala,0,0,25
Criminal,Passing of Orders,Kerala,0,0,87
Criminal,Passing of Orders,Kerala,0,0,398
Criminal,Passing of Orders,Kerala,0,0,26
Criminal,Passing of Orders,Kerala,0,0,39
Criminal,Passing of Orders,Kerala,0,0,68
Criminal,Passing of Orders,Kerala,0,0,33
Criminal,Passing of Orders,Kerala,0,0,26
Criminal,Passing of Orders,Kerala,0,0,15
Criminal,Passing of Orders,Kerala,0,0,26
Criminal,Passing of Orders,Kerala,0,0,26
Criminal,Passing of Orders,Kerala,0,0,54
Criminal,Passing of Orders,Kerala,0,0,15
Criminal,Passing of Orders,Kerala,0,0,28
Criminal,Passing of Orders,Kerala,0,0,13
Criminal,Passing of Orders,Kerala,0,0,13
Criminal,Passing of Orders,Kerala,0,0,237
Criminal,Passing of Orders,Kerala,0,0,6
Criminal,Passing of Orders,Kerala,0,0,72
Criminal,Passing of Orders,Kerala,0,0,13
Criminal,Passing of Orders,Kerala,0,0,13
Criminal,Passing of Orders,Kerala,0,0,82
Criminal,Passing of Orders,Kerala,0,0,13
Criminal,Passing of Orders,Kerala,0,0,13
Criminal,Passing of Orders,Kerala,0,0,13
Criminal,Passing of Orders,Kerala,0,0,13
Criminal,Passing of Orders,Kerala,0,0,13
Criminal,Passing of Orders,Kerala,0,0,13
Criminal,Passing of Orders,Kerala,0,0,13
Criminal,Passing of Orders,Kerala,0,0,10
Criminal,Passing of Orders,Kerala,0,0,24
Criminal,Passing of Orders,Kerala,0,0,10
Criminal,Passing of Orders,Kerala,0,0,22
Criminal,Passing of Orders,Kerala,0,0,64
Criminal,Passing of Orders,Kerala,0,0,64
Criminal,Passing of Orders,Kerala,0,0,24
Criminal,Passing of Orders,Kerala,0,0,63
Criminal,Passing of Orders,Kerala,0,0,16
Criminal,Passing of Orders,Kerala,0,0,16
Criminal,Passing of Orders,Kerala,0,0,9
Criminal,Passing of Orders,Kerala,0,0,65
Criminal,Passing of Orders,Kerala,0,0,16
Criminal,Passing of Orders,Kerala,0,0,16
Criminal,Passing of Orders,Kerala,0,0,24
Criminal,Passing of Orders,Kerala,0,0,12
Criminal,Passing of Orders,Kerala,0,0,16
Criminal,Passing of Orders,Kerala,0,0,12
Criminal,Passing of Orders,Kerala,0,0,16
Criminal,Passing of Orders,Kerala,0,0,12
Criminal,Passing of Orders,Kerala,0,0,15
Criminal,Passing of Orders,Kerala,0,0,73
Criminal,Passing of Orders,Kerala,0,0,14
Criminal,Passing of Orders,Kerala,0,0,38
Criminal,Passing of Orders,Kerala,0,0,12
Criminal,Passing of Orders,Kerala,0,0,12
Criminal,Passing of Orders,Kerala,0,0,12
Criminal,Passing of Orders,Kerala,0,0,19
Criminal,Passing of Orders,Kerala,0,0,42
Criminal,Passing of Orders,Kerala,0,0,20
Criminal,Passing of Orders,Kerala,0,0,22
Criminal,Passing of Orders,Kerala,0,0,77
Criminal,Passing of Orders,Kerala,0,0,32
Criminal,Passing of Orders,Kerala,0,0,47
Criminal,Passing of Orders,Kerala,0,0,41
Criminal,Passing of Orders,Kerala,0,0,84
Criminal,Passing of Orders,Kerala,0,0,32
Criminal,Passing of Orders,Kerala,0,0,41
Criminal,Passing of Orders,Kerala,0,0,32
Criminal,Passing of Orders,Kerala,0,0,32
Criminal,Passing of Orders,Kerala,0,0,379
Criminal,Passing of Orders,Kerala,0,0,9
Criminal,Passing of Orders,Kerala,0,0,82
Criminal,Passing of Orders,Kerala,0,0,22
Criminal,Passing of Orders,Kerala,0,0,31
Criminal,Passing of Orders,Kerala,0,0,23
Criminal,Passing of Orders,Kerala,0,0,8
Criminal,Passing of Orders,Kerala,0,0,8
Criminal,Passing of Orders,Kerala,0,0,33
Criminal,Passing of Orders,Kerala,0,0,21
Criminal,Passing of Orders,Kerala,0,0,26
Criminal,Passing of Orders,Kerala,0,0,27
Criminal,Passing of Orders,Kerala,0,0,428
Criminal,Passing of Orders,Kerala,0,0,90
Criminal,Passing of Orders,Kerala,0,0,12
Criminal,Passing of Orders,Kerala,0,0,251
Criminal,Passing of Orders,Kerala,0,0,10
Criminal,Passing of Orders,Kerala,0,0,32
Criminal,Passing of Orders,Kerala,0,0,279
Criminal,Passing of Orders,Kerala,0,0,577
Criminal,Passing of Orders,Kerala,0,0,8
Criminal,Passing of Orders,Kerala,0,0,8
Criminal,Passing of Orders,Kerala,0,0,17
Criminal,Passing of Orders,Kerala,0,0,80
Criminal,Passing of Orders,Kerala,0,0,123
Criminal,Passing of Orders,Kerala,0,0,13
Criminal,Passing of Orders,Kerala,0,0,11
Criminal,Passing of Orders,Kerala,0,0,24
Criminal,Passing of Orders,Kerala,0,0,26
Criminal,Passing of Orders,Kerala,0,0,2244
Criminal,Passing of Orders,Kerala,0,0,15
Criminal,Passing of Orders,Kerala,0,0,6448
Criminal,Passing of Orders,Kerala,0,0,816
Criminal,Passing of Orders,Kerala,0,0,11
Criminal,Passing of Orders,Kerala,0,0,126
Criminal,Passing of Orders,Kerala,0,0,6166
Criminal,Passing of Orders,Kerala,0,0,5445
Criminal,Passing of Orders,Kerala,0,0,3580
Criminal,Passing of Orders,Kerala,0,0,6035
Criminal,Passing of Orders,Kerala,0,0,92
Criminal,Passing of Orders,Kerala,0,0,6554
Criminal,Passing of Orders,Kerala,0,0,2274
Criminal,Passing of Orders,Kerala,0,0,5901
Criminal,Passing of Orders,Kerala,0,0,3179
Criminal,Passing of Orders,Kerala,0,0,5454
Criminal,Passing of Orders,Kerala,0,0,2507
Criminal,Passing of Orders,Kerala,0,0,6183
Criminal,Passing of Orders,Kerala,0,0,1805
Criminal,Passing of Orders,Kerala,0,0,6427
Criminal,Passing of Orders,Kerala,0,0,2568
Criminal,Passing of Orders,Kerala,0,0,2970
Criminal,Passing of Orders,Kerala,0,0,3850
Criminal,Passing of Orders,Kerala,0,0,3818
Criminal,Passing of Orders,Kerala,0,0,2528
Criminal,Passing of Orders,Kerala,0,0,3166
Criminal,Passing of Orders,Kerala,0,0,3208
Criminal,Passing of Orders,Kerala,0,0,3194
Criminal,Passing of Orders,Kerala,0,0,5932
Criminal,Passing of Orders,Kerala,0,0,92
Criminal,Passing of Orders,Kerala,0,0,6458
Criminal,Passing of Orders,Kerala,0,0,6169
Criminal,Passing of Orders,Kerala,0,0,6070
Criminal,Passing of Orders,Kerala,0,0,1017
Criminal,Passing of Orders,Kerala,0,0,6765
Criminal,Passing of Orders,Kerala,0,0,5860
Criminal,Passing of Orders,Kerala,0,0,5453
Criminal,Passing of Orders,Kerala,0,0,6021
Criminal,Passing of Orders,Kerala,0,0,5370
Criminal,Passing of Orders,Kerala,0,0,5986
Criminal,Passing of Orders,Kerala,0,0,5332
Criminal,Passing of Orders,Kerala,0,0,5343
Criminal,Passing of Orders,Kerala,0,0,5343
Criminal,Passing of Orders,Kerala,0,0,19
Criminal,Passing of Orders,Kerala,0,0,1517
Criminal,Passing of Orders,Kerala,0,0,3213
Criminal,Passing of Orders,Kerala,0,0,6742
Criminal,Passing of Orders,Kerala,0,0,4492
Criminal,Passing of Orders,Kerala,0,0,20
Criminal,Passing of Orders,Kerala,0,0,39
Criminal,Passing of Orders,Kerala,0,0,18
Criminal,Passing of Orders,Kerala,0,0,6305
Criminal,Passing of Orders,Kerala,0,0,5982
Criminal,Passing of Orders,Kerala,0,0,6331
Criminal,Passing of Orders,Kerala,0,0,4113
Criminal,Passing of Orders,Kerala,0,0,7579
Criminal,Passing of Orders,Kerala,0,0,4908
Criminal,Passing of Orders,Kerala,0,0,1950
Criminal,Passing of Orders,Kerala,0,0,2258
Criminal,Passing of Orders,Kerala,0,0,5483
Criminal,Passing of Orders,Kerala,0,0,357
Criminal,Passing of Orders,Kerala,0,0,3368
Criminal,Passing of Orders,Kerala,0,0,3934
Criminal,Passing of Orders,Kerala,0,0,6780
Criminal,Passing of Orders,Kerala,0,0,6265
Criminal,Passing of Orders,Kerala,0,0,5299
Criminal,Passing of Orders,Kerala,0,0,5976
Criminal,Passing of Orders,Kerala,0,0,6955
Criminal,Passing of Orders,Kerala,0,0,6726
Criminal,Passing of Orders,Kerala,0,0,6172
Criminal,Passing of Orders,Kerala,0,0,5422
Criminal,Passing of Orders,Kerala,0,0,6066
Criminal,Passing of Orders,Kerala,0,0,6154
Criminal,Passing of Orders,Kerala,0,0,6142
Criminal,Passing of Orders,Kerala,0,0,6310
Criminal,Passing of Orders,Kerala,0,0,6483
Criminal,Passing of Orders,Kerala,0,0,538
Criminal,Passing of Orders,Kerala,0,0,276
Criminal,Passing of Orders,Kerala,0,0,2503
Criminal,Passing of Orders,Kerala,0,0,5
Criminal,Passing of Orders,Kerala,0,0,583
Criminal,Passing of Orders,Kerala,0,0,5891
Criminal,Passing of Orders,Kerala,0,0,2514
Criminal,Passing of Orders,Kerala,0,0,5281
Criminal,Passing of Orders,Kerala,0,0,2569
Criminal,Passing of Orders,Kerala,0,0,2543
Criminal,Passing of Orders,Kerala,0,0,3962
Criminal,Passing of Orders,Kerala,0,0,1600
Criminal,Passing of Orders,Kerala,0,0,1640
Criminal,Passing of Orders,Kerala,0,0,245
Criminal,Passing of Orders,Kerala,0,0,57
Criminal,Passing of Orders,Kerala,0,0,39
Criminal,Passing of Orders,Kerala,0,0,5357
Criminal,Passing of Orders,Kerala,0,0,97
Criminal,Passing of Orders,Kerala,0,0,2375
Criminal,Passing of Orders,Kerala,0,0,2436
Criminal,Passing of Orders,Kerala,0,0,157
Criminal,Passing of Orders,Kerala,0,0,2295
Criminal,Passing of Orders,Kerala,0,0,5933
Criminal,Passing of Orders,Kerala,0,0,492
Criminal,Passing of Orders,Uttar Pradesh,0,0,2192
Criminal,Passing of Orders,Uttar Pradesh,0,0,408
Criminal,Passing of Orders,Uttar Pradesh,0,0,1120
Criminal,Passing of Orders,Uttar Pradesh,0,0,654
Criminal,Passing of Orders,Uttar Pradesh,0,0,312
Criminal,Passing of Orders,Uttar Pradesh,0,0,983
Criminal,Passing of Orders,Uttar Pradesh,0,0,276
Criminal,Passing of Orders,Uttar Pradesh,0,0,61
Criminal,Passing of Orders,Uttar Pradesh,0,0,392
Criminal,Passing of Orders,Uttar Pradesh,0,0,65
Criminal,Passing of Orders,Uttar Pradesh,0,0,925
Criminal,Passing of Orders,Uttar Pradesh,0,0,25
Criminal,Passing of Orders,Uttar Pradesh,0,0,92
Criminal,Passing of Orders,Uttar Pradesh,0,0,85
Criminal,Passing of Orders,Uttar Pradesh,0,0,35
Criminal,Passing of Orders,Uttar Pradesh,0,0,40
Criminal,Passing of Orders,Uttar Pradesh,0,0,20
Criminal,Passing of Orders,Uttar Pradesh,0,0,148
Criminal,Passing of Orders,Uttar Pradesh,0,0,127
Criminal,Passing of Orders,Uttar Pradesh,0,0,265
Criminal,Passing of Orders,Uttar Pradesh,0,0,49
Criminal,Passing of Orders,Uttar Pradesh,0,0,53
Criminal,Passing of Orders,Uttar Pradesh,0,0,144
Criminal,Passing of Orders,Uttar Pradesh,0,0,1715
Criminal,Passing of Orders,Uttar Pradesh,0,0,42
Criminal,Passing of Orders,Uttar Pradesh,0,0,54
Criminal,Passing of Orders,Uttar Pradesh,0,0,77
Criminal,Passing of Orders,Uttar Pradesh,0,0,525
Criminal,Passing of Orders,Uttar Pradesh,0,0,36
Criminal,Passing of Orders,Uttar Pradesh,0,0,76
Criminal,Passing of Orders,Uttar Pradesh,0,0,32
Criminal,Passing of Orders,Uttar Pradesh,0,0,22
Criminal,Passing of Orders,Uttar Pradesh,0,0,42
Criminal,Passing of Orders,Uttar Pradesh,0,0,105
Criminal,Passing of Orders,Uttar Pradesh,0,0,62
Criminal,Passing of Orders,Uttar Pradesh,0,0,42
Criminal,Passing of Orders,Uttar Pradesh,0,0,22
Criminal,Passing of Orders,Uttar Pradesh,0,0,39
Criminal,Passing of Orders,Uttar Pradesh,0,0,43
Criminal,Passing of Orders,Uttar Pradesh,0,0,320
Criminal,Passing of Orders,Uttar Pradesh,0,0,1269
Criminal,Passing of Orders,Uttar Pradesh,0,0,215
Criminal,Passing of Orders,Uttar Pradesh,0,0,553
Criminal,Passing of Orders,Uttar Pradesh,0,0,1261
Criminal,Passing of Orders,Uttar Pradesh,0,0,895
Criminal,Passing of Orders,Uttar Pradesh,0,0,755
Criminal,Passing of Orders,Uttar Pradesh,0,0,212
Criminal,Passing of Orders,Uttar Pradesh,0,0,536
Criminal,Passing of Orders,Uttar Pradesh,0,0,106
Criminal,Passing of Orders,Uttar Pradesh,0,0,1230
Criminal,Passing of Orders,Uttar Pradesh,0,0,155
Criminal,Passing of Orders,Uttar Pradesh,0,0,1047
Criminal,Passing of Orders,Uttar Pradesh,0,0,286
Criminal,Passing of Orders,Uttar Pradesh,0,0,607
Criminal,Passing of Orders,Uttar Pradesh,0,0,1606
Criminal,Passing of Orders,Uttar Pradesh,0,0,154
Criminal,Passing of Orders,Uttar Pradesh,0,0,391
Criminal,Passing of Orders,Uttar Pradesh,0,0,390
Criminal,Passing of Orders,Uttar Pradesh,0,0,906
Criminal,Passing of Orders,Uttar Pradesh,0,0,939
Criminal,Passing of Orders,Uttar Pradesh,0,0,344
Criminal,Passing of Orders,Uttar Pradesh,0,0,276
Criminal,Passing of Orders,Uttar Pradesh,0,0,109
Criminal,Passing of Orders,Uttar Pradesh,0,0,1098
Criminal,Passing of Orders,Uttar Pradesh,0,0,266
Criminal,Passing of Orders,Uttar Pradesh,0,0,267
Criminal,Passing of Orders,Uttar Pradesh,0,0,892
Criminal,Passing of Orders,Uttar Pradesh,0,0,1227
Criminal,Passing of Orders,Uttar Pradesh,0,0,515
Criminal,Passing of Orders,Uttar Pradesh,0,0,223
Criminal,Passing of Orders,Uttar Pradesh,0,0,112
Criminal,Passing of Orders,Uttar Pradesh,0,0,534
Criminal,Passing of Orders,Uttar Pradesh,0,0,152
Criminal,Passing of Orders,Uttar Pradesh,0,0,320
Criminal,Passing of Orders,Uttar Pradesh,0,0,86
Criminal,Passing of Orders,Uttar Pradesh,0,0,19
Criminal,Passing of Orders,Uttar Pradesh,0,0,703
Criminal,Passing of Orders,Uttar Pradesh,0,0,197
Criminal,Passing of Orders,Uttar Pradesh,0,0,224
Criminal,Passing of Orders,Uttar Pradesh,0,0,642
Criminal,Passing of Orders,Uttar Pradesh,0,0,191
Criminal,Passing of Orders,Uttar Pradesh,0,0,618
Criminal,Passing of Orders,Uttar Pradesh,0,0,29
Criminal,Passing of Orders,Uttar Pradesh,0,0,20
Criminal,Passing of Orders,Uttar Pradesh,0,0,595
Criminal,Passing of Orders,Uttar Pradesh,0,0,266
Criminal,Passing of Orders,Uttar Pradesh,0,0,824
Criminal,Passing of Orders,Uttar Pradesh,0,0,568
Criminal,Passing of Orders,Uttar Pradesh,0,0,843
Criminal,Passing of Orders,Uttar Pradesh,0,0,280
Criminal,Passing of Orders,Uttar Pradesh,0,0,1533
Criminal,Passing of Orders,Uttar Pradesh,0,0,628
Criminal,Passing of Orders,Uttar Pradesh,0,0,95
Criminal,Passing of Orders,Uttar Pradesh,0,0,523
Criminal,Passing of Orders,Uttar Pradesh,0,0,220
Criminal,Passing of Orders,Uttar Pradesh,0,0,907
Criminal,Passing of Orders,Uttar Pradesh,0,0,195
Criminal,Passing of Orders,Uttar Pradesh,0,0,1252
Criminal,Passing of Orders,Uttar Pradesh,0,0,153
Criminal,Passing of Orders,Uttar Pradesh,0,0,210
Criminal,Passing of Orders,Uttar Pradesh,0,0,23
Criminal,Passing of Orders,Uttar Pradesh,0,0,92
Criminal,Passing of Orders,Uttar Pradesh,0,0,1905
Criminal,Passing of Orders,Uttar Pradesh,0,0,105
Criminal,Passing of Orders,Uttar Pradesh,0,0,68
Criminal,Passing of Orders,Uttar Pradesh,0,0,72
Criminal,Passing of Orders,Uttar Pradesh,0,0,617
Criminal,Passing of Orders,Uttar Pradesh,0,0,286
Criminal,Passing of Orders,Uttar Pradesh,0,0,360
Criminal,Passing of Orders,Uttar Pradesh,0,0,488
Criminal,Passing of Orders,Uttar Pradesh,0,0,193
Criminal,Passing of Orders,Uttar Pradesh,0,0,6096
Criminal,Passing of Orders,Uttar Pradesh,0,0,84
Criminal,Passing of Orders,Uttar Pradesh,0,0,217
Criminal,Passing of Orders,Uttar Pradesh,0,0,370
Criminal,Passing of Orders,Uttar Pradesh,0,0,1903
Criminal,Passing of Orders,Uttar Pradesh,0,0,196
Criminal,Passing of Orders,Uttar Pradesh,0,0,6894
Criminal,Passing of Orders,Uttar Pradesh,0,0,441
Criminal,Passing of Orders,Uttar Pradesh,0,0,88
Criminal,Passing of Orders,Uttar Pradesh,0,0,59
Criminal,Passing of Orders,Uttar Pradesh,0,0,377
Criminal,Passing of Orders,Uttar Pradesh,0,0,156
Criminal,Passing of Orders,Uttar Pradesh,0,0,41
Criminal,Passing of Orders,Uttar Pradesh,0,0,175
Criminal,Passing of Orders,Uttar Pradesh,0,0,28
Criminal,Passing of Orders,Uttar Pradesh,0,0,6076
Criminal,Passing of Orders,Uttar Pradesh,0,0,411
Criminal,Passing of Orders,Uttar Pradesh,0,0,6218
Criminal,Passing of Orders,Uttar Pradesh,0,0,203
Criminal,Passing of Orders,Uttar Pradesh,0,0,5656
Criminal,Passing of Orders,Uttar Pradesh,0,0,8436
Criminal,Passing of Orders,Uttar Pradesh,0,0,3994
Criminal,Passing of Orders,Uttar Pradesh,0,0,390
Criminal,Passing of Orders,Uttar Pradesh,0,0,6966
Criminal,Passing of Orders,Uttar Pradesh,0,0,6299
Criminal,Passing of Orders,Uttar Pradesh,0,0,3779
Criminal,Passing of Orders,Uttar Pradesh,0,0,19
Criminal,Passing of Orders,Uttar Pradesh,0,0,155
Criminal,Passing of Orders,Uttar Pradesh,0,0,5133
Criminal,Passing of Orders,Uttar Pradesh,0,0,87
Criminal,Passing of Orders,Uttar Pradesh,0,0,133
Criminal,Passing of Orders,Uttar Pradesh,0,0,314
Criminal,Passing of Orders,Uttar Pradesh,0,0,6011
Criminal,Passing of Orders,Uttar Pradesh,0,0,8293
Criminal,Passing of Orders,Uttar Pradesh,0,0,7708
Criminal,Passing of Orders,Uttar Pradesh,0,0,122
Criminal,Passing of Orders,Uttar Pradesh,0,0,115
Criminal,Passing of Orders,Uttar Pradesh,0,0,263
Criminal,Passing of Orders,Uttar Pradesh,0,0,273
Criminal,Passing of Orders,Uttar Pradesh,0,0,8330
Criminal,Passing of Orders,Uttar Pradesh,0,0,20
Criminal,Passing of Orders,Uttar Pradesh,0,0,834
Criminal,Passing of Orders,Uttar Pradesh,0,0,8564
Criminal,Passing of Orders,Uttar Pradesh,0,0,92
Criminal,Passing of Orders,Uttar Pradesh,0,0,109
Criminal,Passing of Orders,Uttar Pradesh,0,0,72
Criminal,Passing of Orders,Uttar Pradesh,0,0,178
Criminal,Passing of Orders,Uttar Pradesh,0,0,60
Criminal,Passing of Orders,Uttar Pradesh,0,0,242
Criminal,Passing of Orders,Uttar Pradesh,0,0,60
Criminal,Passing of Orders,Uttar Pradesh,0,0,35
Criminal,Passing of Orders,Uttar Pradesh,0,0,115
Criminal,Passing of Orders,Uttar Pradesh,0,0,303
Criminal,Passing of Orders,Uttar Pradesh,0,0,7275
Criminal,Passing of Orders,Uttar Pradesh,0,0,809
Criminal,Passing of Orders,Uttar Pradesh,0,0,5116
Criminal,Passing of Orders,Uttar Pradesh,0,0,8037
Criminal,Passing of Orders,Uttar Pradesh,0,0,190
Criminal,Passing of Orders,Uttar Pradesh,0,0,289
Criminal,Passing of Orders,Uttar Pradesh,0,0,12
Criminal,Passing of Orders,Uttar Pradesh,0,0,6286
Criminal,Passing of Orders,Uttar Pradesh,0,0,1330
Criminal,Passing of Orders,Uttar Pradesh,0,0,5263
Criminal,Passing of Orders,Uttar Pradesh,0,0,238
Criminal,Passing of Orders,Uttar Pradesh,0,0,123
Criminal,Passing of Orders,Uttar Pradesh,0,0,22
Criminal,Passing of Orders,Uttar Pradesh,0,0,34
Criminal,Passing of Orders,Uttar Pradesh,0,0,35
Criminal,Passing of Orders,Uttar Pradesh,0,0,41
Criminal,Passing of Orders,Uttar Pradesh,0,0,56
Criminal,Passing of Orders,Uttar Pradesh,0,0,427
Criminal,Passing of Orders,Uttar Pradesh,0,0,373
Criminal,Passing of Orders,Uttar Pradesh,0,0,184
Criminal,Passing of Orders,Uttar Pradesh,0,0,452
Criminal,Passing of Orders,Uttar Pradesh,0,0,65
Criminal,Passing of Orders,Uttar Pradesh,0,0,1845
Criminal,Passing of Orders,Uttar Pradesh,0,0,2898
Criminal,Passing of Orders,Uttar Pradesh,0,0,211
Criminal,Passing of Orders,Uttar Pradesh,0,0,1988
Criminal,Passing of Orders,Uttar Pradesh,0,0,196
Criminal,Passing of Orders,Uttar Pradesh,0,0,200
Criminal,Passing of Orders,Uttar Pradesh,0,0,468
Criminal,Passing of Orders,Uttar Pradesh,0,0,133
Criminal,Passing of Orders,Uttar Pradesh,0,0,2215
Criminal,Passing of Orders,Uttar Pradesh,0,0,565
Criminal,Passing of Orders,Uttar Pradesh,0,0,6444
Criminal,Passing of Orders,Uttar Pradesh,0,0,5231
Criminal,Passing of Orders,Uttar Pradesh,0,0,5111
Criminal,Passing of Orders,Uttar Pradesh,0,0,1633
Criminal,Passing of Orders,Tamil Nadu,0,0,4704
Criminal,Passing of Orders,Tamil Nadu,0,0,8
Criminal,Passing of Orders,Tamil Nadu,0,0,1223
Criminal,Passing of Orders,Tamil Nadu,0,0,2894
Criminal,Passing of Orders,Tamil Nadu,0,0,419
Criminal,Passing of Orders,Tamil Nadu,0,0,736
Criminal,Passing of Orders,Tamil Nadu,0,0,29
Criminal,Passing of Orders,Tamil Nadu,0,0,792
Criminal,Passing of Orders,Tamil Nadu,0,0,2350
Criminal,Passing of Orders,Tamil Nadu,0,0,372
Criminal,Passing of Orders,Tamil Nadu,0,0,4408
Criminal,Passing of Orders,Tamil Nadu,0,0,578
Criminal,Passing of Orders,Tamil Nadu,0,0,152
Criminal,Passing of Orders,Tamil Nadu,0,0,3294
Criminal,Passing of Orders,Tamil Nadu,0,0,148
Criminal,Passing of Orders,Tamil Nadu,0,0,34
Criminal,Passing of Orders,Tamil Nadu,0,0,1040
Criminal,Passing of Orders,Tamil Nadu,0,0,312
Criminal,Passing of Orders,Tamil Nadu,0,0,49
Criminal,Passing of Orders,Tamil Nadu,0,0,100
Criminal,Passing of Orders,Tamil Nadu,0,0,2
Criminal,Passing of Orders,Tamil Nadu,0,0,2241
Criminal,Passing of Orders,Tamil Nadu,0,0,64
Criminal,Passing of Orders,Tamil Nadu,0,0,1128
Criminal,Passing of Orders,Tamil Nadu,0,0,4270
Criminal,Passing of Orders,Tamil Nadu,0,0,584
Criminal,Passing of Orders,Tamil Nadu,0,0,8
Criminal,Passing of Orders,Tamil Nadu,0,0,945
Criminal,Passing of Orders,Tamil Nadu,0,0,431
Criminal,Passing of Orders,Tamil Nadu,0,0,1009
Criminal,Passing of Orders,Tamil Nadu,0,0,874
Criminal,Passing of Orders,Tamil Nadu,0,0,24
Criminal,Passing of Orders,Tamil Nadu,0,0,300
Criminal,Passing of Orders,Tamil Nadu,0,0,312
Criminal,Passing of Orders,Tamil Nadu,0,0,3007
Criminal,Passing of Orders,Tamil Nadu,0,0,1176
Criminal,Passing of Orders,Tamil Nadu,0,0,4569
Criminal,Passing of Orders,Tamil Nadu,0,0,2006
Criminal,Passing of Orders,Tamil Nadu,0,0,36
Criminal,Passing of Orders,Tamil Nadu,0,0,876
Criminal,Passing of Orders,Tamil Nadu,0,0,33
Criminal,Passing of Orders,Tamil Nadu,0,0,1099
Criminal,Passing of Orders,Tamil Nadu,0,0,2328
Criminal,Passing of Orders,Tamil Nadu,0,0,2158
Criminal,Passing of Orders,Tamil Nadu,0,0,847
Criminal,Passing of Orders,Tamil Nadu,0,0,1057
Criminal,Passing of Orders,Tamil Nadu,0,0,1837
Criminal,Passing of Orders,Tamil Nadu,0,0,1467
Criminal,Passing of Orders,Tamil Nadu,0,0,1198
Criminal,Passing of Orders,Tamil Nadu,0,0,329
Criminal,Passing of Orders,Tamil Nadu,0,0,2253
Criminal,Passing of Orders,Tamil Nadu,0,0,777
Criminal,Passing of Orders,Tamil Nadu,0,0,1098
Criminal,Passing of Orders,Tamil Nadu,0,0,3326
Criminal,Passing of Orders,Tamil Nadu,0,0,49
Criminal,Passing of Orders,Tamil Nadu,0,0,687
Criminal,Passing of Orders,Tamil Nadu,0,0,1300
Criminal,Passing of Orders,Tamil Nadu,0,0,1274
Criminal,Passing of Orders,Tamil Nadu,0,0,121
Criminal,Passing of Orders,Tamil Nadu,0,0,2085
Criminal,Passing of Orders,Tamil Nadu,0,0,73
Criminal,Passing of Orders,Tamil Nadu,0,0,2165
Criminal,Passing of Orders,Tamil Nadu,0,0,1026
Criminal,Passing of Orders,Tamil Nadu,0,0,2001
Criminal,Passing of Orders,Tamil Nadu,0,0,789
Criminal,Passing of Orders,Tamil Nadu,0,0,976
Criminal,Passing of Orders,Tamil Nadu,0,0,25
Criminal,Passing of Orders,Tamil Nadu,0,0,1094
Criminal,Passing of Orders,Tamil Nadu,0,0,312
Criminal,Passing of Orders,Tamil Nadu,0,0,1686
Criminal,Passing of Orders,Tamil Nadu,0,0,3147
Criminal,Passing of Orders,Tamil Nadu,0,0,1210
Criminal,Passing of Orders,Tamil Nadu,0,0,150
Criminal,Passing of Orders,Tamil Nadu,0,0,994
Criminal,Passing of Orders,Tamil Nadu,0,0,1185
Criminal,Passing of Orders,Tamil Nadu,0,0,2261
Criminal,Passing of Orders,Tamil Nadu,0,0,3059
Criminal,Passing of Orders,Tamil Nadu,0,0,1977
Criminal,Passing of Orders,Tamil Nadu,0,0,318
Criminal,Passing of Orders,Tamil Nadu,0,0,4896
Criminal,Passing of Orders,Tamil Nadu,0,0,408
Criminal,Passing of Orders,Tamil Nadu,0,0,62
Criminal,Passing of Orders,Tamil Nadu,0,0,13
Criminal,Passing of Orders,Tamil Nadu,0,0,34
Criminal,Passing of Orders,Tamil Nadu,0,0,132
Criminal,Passing of Orders,Tamil Nadu,0,0,2891
Criminal,Passing of Orders,Tamil Nadu,0,0,257
Criminal,Passing of Orders,Tamil Nadu,0,0,1366
Criminal,Passing of Orders,Tamil Nadu,0,0,1208
Criminal,Passing of Orders,Tamil Nadu,0,0,994
Criminal,Passing of Orders,Tamil Nadu,0,0,160
Criminal,Passing of Orders,Tamil Nadu,0,0,759
Criminal,Passing of Orders,Tamil Nadu,0,0,1313
Criminal,Passing of Orders,Tamil Nadu,0,0,2316
Criminal,Passing of Orders,Tamil Nadu,0,0,3489
Criminal,Passing of Orders,Tamil Nadu,0,0,2927
Criminal,Passing of Orders,Tamil Nadu,0,0,2421
Criminal,Passing of Orders,Tamil Nadu,0,0,2373
Criminal,Passing of Orders,Tamil Nadu,0,0,28
Criminal,Passing of Orders,Tamil Nadu,0,0,36
Civil,Evidence,Karnataka,0,0,428
Civil,Evidence,Karnataka,0,0,261
Civil,Evidence,Karnataka,0,0,611
Civil,Evidence,Karnataka,0,0,1197
Civil,Evidence,Karnataka,0,0,456
Civil,Evidence,Karnataka,0,0,233
Civil,Evidence,Karnataka,0,0,89
Civil,Evidence,Karnataka,0,0,661
Civil,Evidence,Karnataka,0,0,243
Civil,Evidence,Karnataka,0,0,445
Civil,Evidence,Karnataka,0,0,99
Civil,Evidence,Karnataka,0,0,473
Civil,Evidence,Karnataka,0,0,340
Civil,Evidence,Karnataka,0,0,134
Civil,Evidence,Karnataka,0,0,134
Civil,Evidence,Karnataka,0,0,262
Civil,Evidence,Karnataka,0,0,291
Civil,Evidence,Karnataka,0,0,611
Civil,Evidence,Karnataka,0,0,885
Civil,Evidence,Karnataka,0,0,692
Civil,Evidence,Karnataka,0,0,99
Civil,Evidence,Karnataka,0,0,926
Civil,Evidence,Karnataka,0,0,447
Civil,Evidence,Karnataka,0,0,446
Civil,Evidence,Karnataka,0,0,73
Civil,Evidence,Karnataka,0,0,668
Civil,Evidence,Karnataka,0,0,396
Civil,Evidence,Karnataka,0,0,99
Civil,Evidence,Karnataka,0,0,99
Civil,Evidence,Karnataka,0,0,99
Civil,Evidence,Karnataka,0,0,892
Civil,Evidence,Karnataka,0,0,422
Civil,Evidence,Karnataka,0,0,78
Civil,Evidence,Karnataka,0,0,1099
Civil,Evidence,Karnataka,0,0,32
Civil,Evidence,Karnataka,0,0,185
Civil,Evidence,Karnataka,0,0,139
Civil,Evidence,Karnataka,0,0,139
Civil,Evidence,Karnataka,0,0,397
Civil,Evidence,Karnataka,0,0,156
Civil,Evidence,Karnataka,0,0,407
Civil,Evidence,Karnataka,0,0,279
Civil,Evidence,Karnataka,0,0,343
Civil,Evidence,Karnataka,0,0,219
Civil,Evidence,Karnataka,0,0,101
Civil,Evidence,Karnataka,0,0,409
Civil,Evidence,Karnataka,0,0,169
Civil,Evidence,Tamil Nadu,0,0,14
Civil,Evidence,Tamil Nadu,0,0,26
Civil,Evidence,Tamil Nadu,0,0,2
Civil,Evidence,Tamil Nadu,0,0,2
Civil,Evidence,Tamil Nadu,0,0,50
Civil,Evidence,Tamil Nadu,0,0,76
Civil,Evidence,Tamil Nadu,0,0,2
Civil,Evidence,Tamil Nadu,0,0,105
Civil,Evidence,Tamil Nadu,0,0,44
Civil,Evidence,Tamil Nadu,0,0,53
Civil,Evidence,Tamil Nadu,0,0,44
Civil,Evidence,Tamil Nadu,0,0,60
Civil,Evidence,Tamil Nadu,0,0,130
Civil,Evidence,Tamil Nadu,0,0,45
Civil,Evidence,Tamil Nadu,0,0,2
Civil,Evidence,Tamil Nadu,0,0,48
Civil,Evidence,Tamil Nadu,0,0,48
Civil,Evidence,Tamil Nadu,0,0,48
Civil,Evidence,Tamil Nadu,0,0,104
Civil,Evidence,Tamil Nadu,0,0,62
Civil,Evidence,Tamil Nadu,0,0,11
Civil,Evidence,Tamil Nadu,0,0,91
Civil,Evidence,Tamil Nadu,0,0,15
Civil,Evidence,Tamil Nadu,0,0,161
Civil,Evidence,Tamil Nadu,0,0,1
Civil,Evidence,Tamil Nadu,0,0,7
Civil,Evidence,Tamil Nadu,0,0,163
Civil,Evidence,Tamil Nadu,0,0,16
Civil,Evidence,Tamil Nadu,0,0,16
Civil,Evidence,Tamil Nadu,0,0,148
Civil,Evidence,Tamil Nadu,0,0,146
Civil,Evidence,Tamil Nadu,0,0,48
Civil,Evidence,Tamil Nadu,0,0,44
Civil,Evidence,Tamil Nadu,0,0,39
Civil,Evidence,Tamil Nadu,0,0,39
Civil,Evidence,Tamil Nadu,0,0,180
Civil,Evidence,Tamil Nadu,0,0,6
Civil,Evidence,Tamil Nadu,0,0,6
Civil,Evidence,Tamil Nadu,0,0,21
Civil,Evidence,Tamil Nadu,0,0,83
Civil,Evidence,Tamil Nadu,0,0,21
Civil,Evidence,Tamil Nadu,0,0,180
Civil,Evidence,Tamil Nadu,0,0,6
Civil,Evidence,Tamil Nadu,0,0,83
Civil,Evidence,Tamil Nadu,0,0,83
Civil,Evidence,Tamil Nadu,0,0,26
Civil,Evidence,Tamil Nadu,0,0,64
Civil,Evidence,Tamil Nadu,0,0,26
Civil,Evidence,Tamil Nadu,0,0,44
Civil,Evidence,Tamil Nadu,0,0,39
Civil,Evidence,Tamil Nadu,0,0,37
Civil,Evidence,Tamil Nadu,0,0,5
Civil,Evidence,Tamil Nadu,0,0,5
Civil,Evidence,Tamil Nadu,0,0,64
Civil,Evidence,Tamil Nadu,0,0,64
Civil,Evidence,Tamil Nadu,0,0,64
Civil,Evidence,Tamil Nadu,0,0,64
Civil,Evidence,Tamil Nadu,0,0,64
Civil,Evidence,Tamil Nadu,0,0,64
Civil,Evidence,Tamil Nadu,0,0,64
Civil,Evidence,Tamil Nadu,0,0,44
Civil,Evidence,West Bengal,0,0,169
Civil,Evidence,West Bengal,0,0,143
Civil,Evidence,West Bengal,0,0,1998
Civil,Evidence,West Bengal,0,0,356
Civil,Evidence,West Bengal,0,0,2498
Civil,Evidence,West Bengal,0,0,56
Civil,Evidence,West Bengal,0,0,306
Civil,Evidence,West Bengal,0,0,196
Civil,Evidence,West Bengal,0,0,343
Civil,Passing of Orders,West Bengal,0,0,1258
Civil,Passing of Orders,West Bengal,0,0,4013
Civil,Evidence,West Bengal,0,0,303
Civil,Evidence,West Bengal,0,0,159
Civil,Evidence,West Bengal,0,0,1917
Civil,Evidence,West Bengal,0,0,600
Civil,Evidence,West Bengal,0,0,216
Civil,Evidence,West Bengal,0,0,281
Civil,Evidence,West Bengal,0,0,127
Civil,Evidence,West Bengal,0,0,29
Civil,Evidence,West Bengal,0,0,171
Civil,Evidence,West Bengal,0,0,210
Civil,Evidence,West Bengal,0,0,163
Civil,Evidence,West Bengal,0,0,296
Civil,Evidence,West Bengal,0,0,114
Civil,Evidence,West Bengal,0,0,222
Civil,Evidence,West Bengal,0,0,130
Civil,Evidence,West Bengal,0,0,129
Civil,Evidence,West Bengal,0,0,73
Civil,Evidence,West Bengal,0,0,136
Civil,Evidence,West Bengal,0,0,199
Civil,Evidence,West Bengal,0,0,250
Civil,Evidence,West Bengal,0,0,63
Civil,Evidence,West Bengal,0,0,199
Civil,Passing of Orders,West Bengal,0,0,527
Civil,Evidence,West Bengal,0,0,366
Civil,Evidence,West Bengal,0,0,69
Civil,Evidence,West Bengal,0,0,297
Civil,Evidence,West Bengal,0,0,163
Civil,Evidence,West Bengal,0,0,285
Civil,Evidence,West Bengal,0,0,102
Civil,Evidence,West Bengal,0,0,130
Civil,Evidence,West Bengal,0,0,136
Civil,Passing of Orders,West Bengal,0,0,1337
Civil,Passing of Orders,West Bengal,0,0,746
Civil,Evidence,West Bengal,0,0,218
Civil,Evidence,West Bengal,0,0,211
Civil,Evidence,West Bengal,0,0,296
Civil,Evidence,West Bengal,0,0,109
Civil,Evidence,West Bengal,0,0,183
Civil,Evidence,West Bengal,0,0,3074
Civil,Evidence,West Bengal,0,0,4935
Civil,Evidence,West Bengal,0,0,1383
Civil,Evidence,West Bengal,0,0,517
Civil,Evidence,West Bengal,0,0,509
Civil,Evidence,West Bengal,0,0,494
Civil,Evidence,West Bengal,0,0,510
Civil,Evidence,West Bengal,0,0,409
Civil,Evidence,West Bengal,0,0,281
Civil,Evidence,West Bengal,0,0,287
Civil,Evidence,West Bengal,0,0,108
Civil,Evidence,West Bengal,0,0,68
Civil,Evidence,West Bengal,0,0,126
Civil,Evidence,West Bengal,0,0,281
Civil,Evidence,West Bengal,0,0,216
Civil,Evidence,West Bengal,0,0,127
Civil,Evidence,West Bengal,0,0,28
Civil,Evidence,West Bengal,0,0,236
Civil,Evidence,West Bengal,0,0,56
Civil,Evidence,West Bengal,0,0,71
Civil,Passing of Orders,West Bengal,0,0,447
Civil,Evidence,West Bengal,0,0,46
Civil,Evidence,West Bengal,0,0,311
Civil,Evidence,West Bengal,0,0,300
Civil,Evidence,West Bengal,0,0,227
Civil,Passing of Orders,West Bengal,0,0,1980
Civil,Evidence,West Bengal,0,0,25
Civil,Evidence,West Bengal,0,0,308
Civil,Evidence,West Bengal,0,0,139
Civil,Evidence,West Bengal,0,0,227
Civil,Evidence,West Bengal,0,0,466
Civil,Evidence,West Bengal,0,0,317
Civil,Evidence,West Bengal,0,0,49
Civil,Evidence,West Bengal,0,0,159
Civil,Evidence,West Bengal,0,0,289
Civil,Evidence,West Bengal,0,0,238
Civil,Evidence,West Bengal,0,0,195
Civil,Evidence,West Bengal,0,0,32
Civil,Evidence,West Bengal,0,0,280
Civil,Evidence,West Bengal,0,0,32
Civil,Evidence,West Bengal,0,0,32
Civil,Evidence,West Bengal,0,0,236
Civil,Evidence,West Bengal,0,0,99
Civil,Evidence,West Bengal,0,0,142
Civil,Evidence,West Bengal,0,0,69
Civil,Evidence,West Bengal,0,0,149
Civil,Evidence,West Bengal,0,0,317
Civil,Evidence,West Bengal,0,0,317
Civil,Evidence,West Bengal,0,0,168
Civil,Evidence,West Bengal,0,0,206
Civil,Evidence,West Bengal,0,0,265
Civil,Evidence,Gujarat,0,0,1929
Civil,Evidence,Gujarat,0,0,2840
Civil,Evidence,Gujarat,0,0,1274
Civil,Evidence,Gujarat,0,0,1832
Civil,Evidence,Gujarat,0,0,204
Civil,Evidence,Gujarat,0,0,266
Civil,Evidence,Gujarat,0,0,3069
Civil,Evidence,Gujarat,0,0,1231
Civil,Evidence,Gujarat,0,0,2638
Civil,Evidence,Gujarat,0,0,1299
Civil,Evidence,Gujarat,0,0,318
Civil,Evidence,Gujarat,0,0,499
Civil,Evidence,Gujarat,0,0,357
Civil,Evidence,Gujarat,0,0,1037
Civil,Evidence,Gujarat,0,0,365
Civil,Evidence,Gujarat,0,0,372
Civil,Evidence,Gujarat,0,0,368
Civil,Evidence,Gujarat,0,0,183
Civil,Evidence,Gujarat,0,0,306
Civil,Evidence,Gujarat,0,0,856
Civil,Evidence,Gujarat,0,0,928
Civil,Evidence,Gujarat,0,0,336
Civil,Evidence,Gujarat,0,0,293
Civil,Evidence,Gujarat,0,0,293
Civil,Evidence,Gujarat,0,0,1284
Civil,Evidence,Gujarat,0,0,293
Civil,Evidence,Gujarat,0,0,293
Civil,Evidence,Gujarat,0,0,698
Civil,Evidence,Gujarat,0,0,273
Civil,Evidence,Gujarat,0,0,274
Civil,Evidence,Gujarat,0,0,261
Civil,Evidence,Gujarat,0,0,195
Civil,Evidence,Gujarat,0,0,170
Civil,Evidence,Gujarat,0,0,368
Civil,Evidence,Gujarat,0,0,324
Civil,Evidence,Gujarat,0,0,2775
Civil,Evidence,Gujarat,0,0,2246
Civil,Evidence,Gujarat,0,0,229
Civil,Evidence,Gujarat,0,0,81
Civil,Evidence,Gujarat,0,0,461
Civil,Evidence,Gujarat,0,0,771
Civil,Evidence,Gujarat,0,0,771
Civil,Evidence,Gujarat,0,0,855
Civil,Evidence,Gujarat,0,0,771
Civil,Evidence,Gujarat,0,0,771
Civil,Evidence,Gujarat,0,0,771
Civil,Evidence,Gujarat,0,0,5
Civil,Evidence,Gujarat,0,0,771
Civil,Evidence,Gujarat,0,0,624
Civil,Evidence,Gujarat,0,0,4304
Civil,Evidence,Gujarat,0,0,275
Civil,Evidence,Gujarat,0,0,64
Civil,Evidence,Gujarat,0,0,39
Civil,Evidence,Gujarat,0,0,72
Civil,Evidence,Gujarat,0,0,39
Civil,Evidence,Gujarat,0,0,3034
Civil,Evidence,Gujarat,0,0,567
Civil,Evidence,Gujarat,0,0,5080
Civil,Evidence,Gujarat,0,0,1934
Civil,Evidence,Gujarat,0,0,123
Civil,Evidence,Gujarat,0,0,5068
Civil,Evidence,Gujarat,0,0,847
Civil,Evidence,Gujarat,0,0,4058
Civil,Evidence,Gujarat,0,0,830
Civil,Evidence,Gujarat,0,0,248
Civil,Evidence,Gujarat,0,0,259
Civil,Evidence,Gujarat,0,0,248
Civil,Evidence,Gujarat,0,0,830
Civil,Evidence,Gujarat,0,0,553
Civil,Evidence,Gujarat,0,0,557
Civil,Evidence,Gujarat,0,0,247
Civil,Evidence,Gujarat,0,0,553
Civil,Evidence,Gujarat,0,0,289
Civil,Evidence,Gujarat,0,0,1693
Civil,Evidence,Gujarat,0,0,555
Civil,Evidence,Gujarat,0,0,231
Civil,Evidence,Gujarat,0,0,231
Civil,Evidence,Gujarat,0,0,210
Civil,Evidence,Gujarat,0,0,202
Civil,Evidence,Gujarat,0,0,319
Civil,Evidence,Gujarat,0,0,556
Civil,Evidence,Gujarat,0,0,67
Civil,Evidence,Gujarat,0,0,69
Civil,Evidence,Gujarat,0,0,2311
Civil,Evidence,Gujarat,0,0,1186
Civil,Evidence,Gujarat,0,0,143
Civil,Evidence,Gujarat,0,0,771
Civil,Evidence,Gujarat,0,0,771
Civil,Evidence,Gujarat,0,0,261
Civil,Evidence,Gujarat,0,0,720
Civil,Evidence,Gujarat,0,0,1088
Civil,Evidence,Gujarat,0,0,303
Civil,Evidence,Gujarat,0,0,1935
Civil,Evidence,Gujarat,0,0,46
Civil,Evidence,Gujarat,0,0,340
Civil,Evidence,Rajasthan,0,0,2912
Civil,Passing of Orders,Rajasthan,0,0,266
Civil,Evidence,Rajasthan,0,0,3252
Civil,Evidence,Rajasthan,0,0,4432
Civil,Evidence,Rajasthan,0,0,123
Civil,Evidence,Rajasthan,0,0,1160
Civil,Evidence,Rajasthan,0,0,1303
Civil,Evidence,Rajasthan,0,0,3344
Civil,Evidence,Rajasthan,0,0,4836
Civil,Evidence,Rajasthan,0,0,1913
Civil,Evidence,Rajasthan,0,0,3186
Civil,Evidence,Rajasthan,0,0,1012
Civil,Evidence,Rajasthan,0,0,3125
Civil,Evidence,Rajasthan,0,0,114
Civil,Evidence,Rajasthan,0,0,2229
Civil,Evidence,Rajasthan,0,0,4163
Civil,Evidence,Rajasthan,0,0,4053
Civil,Evidence,Rajasthan,0,0,2522
Civil,Evidence,Rajasthan,0,0,1293
Civil,Evidence,Rajasthan,0,0,3961
Civil,Evidence,Rajasthan,0,0,51
Civil,Evidence,Rajasthan,0,0,2542
Civil,Evidence,Rajasthan,0,0,2609
Civil,Evidence,Rajasthan,0,0,437
Civil,Evidence,Rajasthan,0,0,273
Civil,Evidence,Rajasthan,0,0,154
Civil,Evidence,Rajasthan,0,0,136
Civil,Evidence,Rajasthan,0,0,96
Civil,Evidence,Rajasthan,0,0,240
Civil,Evidence,Rajasthan,0,0,360
Civil,Evidence,Rajasthan,0,0,241
Civil,Evidence,Rajasthan,0,0,118
Civil,Evidence,Rajasthan,0,0,3578
Civil,Evidence,Rajasthan,0,0,3882
Civil,Evidence,Rajasthan,0,0,3718
Civil,Evidence,Rajasthan,0,0,3340
Civil,Evidence,Rajasthan,0,0,1072
Civil,Evidence,Rajasthan,0,0,1170
Civil,Evidence,Rajasthan,0,0,1120
Civil,Evidence,Rajasthan,0,0,3556
Civil,Evidence,Rajasthan,0,0,433
Civil,Evidence,Rajasthan,0,0,240
Civil,Evidence,Rajasthan,0,0,1432
Civil,Evidence,Rajasthan,0,0,159
Civil,Evidence,Rajasthan,0,0,163
Civil,Evidence,Rajasthan,0,0,220
Civil,Evidence,Rajasthan,0,0,211
Civil,Evidence,Rajasthan,0,0,510
Civil,Evidence,Rajasthan,0,0,403
Civil,Evidence,Rajasthan,0,0,3416
Civil,Evidence,Rajasthan,0,0,1
Civil,Evidence,Rajasthan,0,0,362
Civil,Evidence,Rajasthan,0,0,948
Civil,Evidence,Rajasthan,0,0,179
Civil,Evidence,Rajasthan,0,0,654
Civil,Evidence,Rajasthan,0,0,880
Civil,Evidence,Rajasthan,0,0,2024
Civil,Evidence,Rajasthan,0,0,490
Civil,Evidence,Rajasthan,0,0,429
Civil,Evidence,Rajasthan,0,0,412
Civil,Passing of Orders,Rajasthan,0,0,3752
Civil,Passing of Orders,Rajasthan,0,0,3288
Civil,Evidence,Rajasthan,0,0,1028
Civil,Evidence,Rajasthan,0,0,2307
Civil,Passing of Orders,Rajasthan,0,0,3067
Civil,Evidence,Rajasthan,0,0,428
Civil,Evidence,Rajasthan,0,0,1666
Civil,Evidence,Rajasthan,0,0,60
Civil,Evidence,Rajasthan,0,0,2175
Civil,Evidence,Rajasthan,0,0,582
Civil,Evidence,Rajasthan,0,0,1125
Civil,Evidence,Rajasthan,0,0,1534
Civil,Evidence,Rajasthan,0,0,986
Civil,Evidence,Rajasthan,0,0,2565
Civil,Evidence,Rajasthan,0,0,364
Civil,Evidence,Rajasthan,0,0,2642
Civil,Evidence,Rajasthan,0,0,118
Civil,Evidence,Rajasthan,0,0,141
Civil,Evidence,Rajasthan,0,0,157
Civil,Evidence,Rajasthan,0,0,381
Civil,Evidence,Rajasthan,0,0,2589
Civil,Evidence,Rajasthan,0,0,1404
Civil,Evidence,Rajasthan,0,0,167
Civil,Evidence,Rajasthan,0,0,835
Civil,Evidence,Rajasthan,0,0,134
Civil,Evidence,Rajasthan,0,0,2435
Civil,Evidence,Rajasthan,0,0,789
Civil,Evidence,Rajasthan,0,0,59
Civil,Evidence,Rajasthan,0,0,8582
Civil,Evidence,Rajasthan,0,0,5097
Civil,Passing of Orders,Rajasthan,0,0,4135
Civil,Passing of Orders,Rajasthan,0,0,1720
Civil,Evidence,Rajasthan,0,0,1294
Civil,Evidence,Rajasthan,0,0,2509
Civil,Evidence,Rajasthan,0,0,3886
Civil,Evidence,Rajasthan,0,0,1326
Civil,Evidence,Rajasthan,0,0,724
Civil,Evidence,Rajasthan,0,0,3599
Civil,Evidence,Rajasthan,0,0,575
Criminal,Passing of Orders,Meghalaya,0,0,49
Criminal,Passing of Orders,Meghalaya,0,0,49
Criminal,Passing of Orders,Meghalaya,0,0,49
Criminal,Passing of Orders,Meghalaya,0,0,49
Criminal,Passing of Orders,Meghalaya,0,0,18
Criminal,Passing of Orders,Meghalaya,0,0,18
Criminal,Passing of Orders,Meghalaya,0,0,49
Criminal,Passing of Orders,Meghalaya,0,0,22
Criminal,Passing of Orders,Meghalaya,0,0,46
Criminal,Passing of Orders,Meghalaya,0,0,56
Criminal,Passing of Orders,Meghalaya,0,0,62
Criminal,Passing of Orders,Meghalaya,0,0,69
Criminal,Passing of Orders,Meghalaya,0,0,2
Criminal,Passing of Orders,Meghalaya,0,0,72
Criminal,Passing of Orders,Meghalaya,0,0,32
Criminal,Passing of Orders,Meghalaya,0,0,76
Criminal,Passing of Orders,Meghalaya,0,0,76
Criminal,Passing of Orders,Meghalaya,0,0,18
Criminal,Passing of Orders,Meghalaya,0,0,5
Criminal,Passing of Orders,Meghalaya,0,0,46
Criminal,Passing of Orders,Meghalaya,0,0,22
Criminal,Passing of Orders,Meghalaya,0,0,47
Criminal,Passing of Orders,Meghalaya,0,0,19
Criminal,Passing of Orders,Meghalaya,0,0,43
Criminal,Passing of Orders,Meghalaya,0,0,2
Criminal,Passing of Orders,Meghalaya,0,0,6
Criminal,Passing of Orders,Meghalaya,0,0,67
Criminal,Passing of Orders,Meghalaya,0,0,5
Criminal,Passing of Orders,Meghalaya,0,0,13
Criminal,Passing of Orders,Meghalaya,0,0,5
Criminal,Passing of Orders,Meghalaya,0,0,86
Criminal,Passing of Orders,Meghalaya,0,0,42
Criminal,Passing of Orders,Meghalaya,0,0,18
Criminal,Passing of Orders,Meghalaya,0,0,35
Criminal,Passing of Orders,Meghalaya,0,0,4
Criminal,Passing of Orders,Meghalaya,0,0,27
Criminal,Passing of Orders,Meghalaya,0,0,49
Criminal,Passing of Orders,Meghalaya,0,0,49
Criminal,Passing of Orders,Meghalaya,0,0,49
Criminal,Passing of Orders,Meghalaya,0,0,49
Criminal,Passing of Orders,Meghalaya,0,0,32
Criminal,Passing of Orders,Meghalaya,0,0,2
Criminal,Passing of Orders,Meghalaya,0,0,50
Criminal,Passing of Orders,Meghalaya,0,0,12
Criminal,Passing of Orders,Meghalaya,0,0,23
Criminal,Passing of Orders,Meghalaya,0,0,41
Criminal,Passing of Orders,Meghalaya,0,0,64
Criminal,Passing of Orders,Meghalaya,0,0,64
Criminal,Passing of Orders,Meghalaya,0,0,4
Criminal,Passing of Orders,Meghalaya,0,0,27
Criminal,Passing of Orders,Meghalaya,0,0,3
Criminal,Passing of Orders,Meghalaya,0,0,8
Criminal,Passing of Orders,Meghalaya,0,0,49
Criminal,Passing of Orders,Meghalaya,0,0,49
Criminal,Passing of Orders,Meghalaya,0,0,5
Criminal,Passing of Orders,Meghalaya,0,0,5
Criminal,Passing of Orders,Meghalaya,0,0,5
Criminal,Passing of Orders,Meghalaya,0,0,2
Criminal,Passing of Orders,Meghalaya,0,0,2
Criminal,Passing of Orders,Meghalaya,0,0,2
Criminal,Passing of Orders,Meghalaya,0,0,6
Criminal,Passing of Orders,Meghalaya,0,0,5
Criminal,Passing of Orders,Meghalaya,0,0,5
Criminal,Passing of Orders,Meghalaya,0,0,49
Criminal,Passing of Orders,Meghalaya,0,0,49
Criminal,Passing of Orders,Meghalaya,0,0,49
Criminal,Passing of Orders,Meghalaya,0,0,7
Criminal,Passing of Orders,Meghalaya,0,0,49
Criminal,Passing of Orders,Meghalaya,0,0,49
Criminal,Passing of Orders,Meghalaya,0,0,8
Criminal,Passing of Orders,Meghalaya,0,0,75
Criminal,Passing of Orders,Meghalaya,0,0,13
Criminal,Passing of Orders,Meghalaya,0,0,2
Criminal,Passing of Orders,Meghalaya,0,0,2
Criminal,Passing of Orders,Meghalaya,0,0,5
Criminal,Passing of Orders,Meghalaya,0,0,8
Criminal,Passing of Orders,Meghalaya,0,0,12
Criminal,Evidence,West Bengal,0,0,11
Criminal,Evidence,West Bengal,0,0,13
Criminal,Evidence,West Bengal,0,0,5
Criminal,Evidence,West Bengal,0,0,12
Criminal,Evidence,West Bengal,0,0,17
Criminal,Evidence,West Bengal,0,0,61
Criminal,Evidence,West Bengal,0,0,4
Criminal,Evidence,West Bengal,0,0,4
Criminal,Evidence,West Bengal,0,0,1
Criminal,Evidence,West Bengal,0,0,7
Criminal,Evidence,West Bengal,0,0,4
Criminal,Evidence,West Bengal,0,0,3
Criminal,Evidence,West Bengal,0,0,1
Criminal,Evidence,West Bengal,0,0,41
Criminal,Evidence,West Bengal,0,0,10
Criminal,Evidence,West Bengal,0,0,13
Criminal,Evidence,West Bengal,0,0,15
Criminal,Evidence,West Bengal,0,0,5
Criminal,Evidence,West Bengal,0,0,13
Criminal,Evidence,West Bengal,0,0,10
Criminal,Evidence,West Bengal,0,0,8
Criminal,Evidence,West Bengal,0,0,6
Criminal,Evidence,West Bengal,0,0,8
Criminal,Evidence,West Bengal,0,0,10
Criminal,Evidence,West Bengal,0,0,44
Criminal,Evidence,West Bengal,0,0,22
Criminal,Evidence,West Bengal,0,0,11
Criminal,Evidence,West Bengal,0,0,11
Criminal,Evidence,West Bengal,0,0,13
Criminal,Evidence,West Bengal,0,0,105
Criminal,Evidence,West Bengal,0,0,5
Criminal,Evidence,West Bengal,0,0,36
Criminal,Evidence,West Bengal,0,0,5
Criminal,Evidence,West Bengal,0,0,5
Criminal,Evidence,West Bengal,0,0,19
Criminal,Evidence,West Bengal,0,0,5
Criminal,Evidence,West Bengal,0,0,36
Criminal,Evidence,West Bengal,0,0,17
Criminal,Evidence,West Bengal,0,0,18
Criminal,Evidence,West Bengal,0,0,4
Criminal,Evidence,West Bengal,0,0,13
Criminal,Evidence,West Bengal,0,0,38
Criminal,Evidence,West Bengal,0,0,51
Criminal,Evidence,West Bengal,0,0,14
Criminal,Evidence,West Bengal,0,0,35
Criminal,Evidence,West Bengal,0,0,14
Criminal,Evidence,West Bengal,0,0,88
Criminal,Evidence,West Bengal,0,0,71
Criminal,Evidence,West Bengal,0,0,49
Criminal,Evidence,West Bengal,0,0,137
Criminal,Evidence,West Bengal,0,0,71
Criminal,Evidence,West Bengal,0,0,16
Criminal,Evidence,West Bengal,0,0,22
Criminal,Evidence,West Bengal,0,0,3
Criminal,Evidence,West Bengal,0,0,13
Criminal,Evidence,West Bengal,0,0,3
Criminal,Evidence,West Bengal,0,0,9
Criminal,Evidence,West Bengal,0,0,10
Criminal,Evidence,West Bengal,0,0,11
Criminal,Evidence,West Bengal,0,0,10
Criminal,Evidence,West Bengal,0,0,28
Criminal,Evidence,West Bengal,0,0,71
Criminal,Evidence,West Bengal,0,0,13
Criminal,Evidence,West Bengal,0,0,13
Criminal,Evidence,West Bengal,0,0,13
Criminal,Evidence,West Bengal,0,0,10
Criminal,Evidence,West Bengal,0,0,10
Criminal,Evidence,West Bengal,0,0,10
Criminal,Evidence,West Bengal,0,0,17
Criminal,Evidence,West Bengal,0,0,10
Criminal,Evidence,West Bengal,0,0,28
Criminal,Evidence,West Bengal,0,0,13
Criminal,Evidence,West Bengal,0,0,31
Criminal,Evidence,West Bengal,0,0,10
Criminal,Evidence,West Bengal,0,0,17
Criminal,Evidence,West Bengal,0,0,17
Criminal,Evidence,West Bengal,0,0,18
Criminal,Evidence,West Bengal,0,0,18
Criminal,Evidence,West Bengal,0,0,13
Criminal,Evidence,West Bengal,0,0,24
Criminal,Evidence,West Bengal,0,0,16
Criminal,Evidence,West Bengal,0,0,17
Criminal,Evidence,West Bengal,0,0,28
Criminal,Evidence,West Bengal,0,0,7
Criminal,Evidence,West Bengal,0,0,7
Criminal,Evidence,West Bengal,0,0,8
Criminal,Evidence,West Bengal,0,0,9
Criminal,Evidence,West Bengal,0,0,9
Criminal,Evidence,West Bengal,0,0,1
Criminal,Evidence,West Bengal,0,0,5
Criminal,Evidence,West Bengal,0,0,56
Criminal,Evidence,West Bengal,0,0,56
Criminal,Evidence,West Bengal,0,0,45
Criminal,Evidence,West Bengal,0,0,17
Criminal,Evidence,West Bengal,0,0,16
Criminal,Evidence,West Bengal,0,0,17
Civil,Evidence,Madhya Pradesh,0,0,578
Civil,Evidence,Madhya Pradesh,0,0,268
Civil,Evidence,Madhya Pradesh,0,0,1155
Civil,Evidence,Madhya Pradesh,0,0,678
Civil,Evidence,Madhya Pradesh,0,0,220
Civil,Evidence,Madhya Pradesh,0,0,195
Civil,Evidence,Madhya Pradesh,0,0,78
Civil,Evidence,Madhya Pradesh,0,0,510
Civil,Evidence,Madhya Pradesh,0,0,190
Civil,Evidence,Madhya Pradesh,0,0,756
Civil,Evidence,Madhya Pradesh,0,0,509
Civil,Evidence,Madhya Pradesh,0,0,363
Civil,Evidence,Madhya Pradesh,0,0,81
Civil,Evidence,Madhya Pradesh,0,0,946
Civil,Evidence,Madhya Pradesh,0,0,206
Civil,Evidence,Madhya Pradesh,0,0,427
Civil,Evidence,Madhya Pradesh,0,0,188
Civil,Evidence,Madhya Pradesh,0,0,1466
Civil,Evidence,Madhya Pradesh,0,0,76
Civil,Evidence,Madhya Pradesh,0,0,195
Civil,Evidence,Madhya Pradesh,0,0,896
Civil,Evidence,Madhya Pradesh,0,0,363
Civil,Evidence,Madhya Pradesh,0,0,1160
Civil,Evidence,Madhya Pradesh,0,0,809
Civil,Evidence,Madhya Pradesh,0,0,43
Civil,Evidence,Madhya Pradesh,0,0,149
Civil,Evidence,Madhya Pradesh,0,0,929
Civil,Evidence,Madhya Pradesh,0,0,916
Civil,Evidence,Madhya Pradesh,0,0,1269
Civil,Evidence,Madhya Pradesh,0,0,258
Civil,Evidence,Madhya Pradesh,0,0,197
Civil,Evidence,Madhya Pradesh,0,0,227
Civil,Evidence,Madhya Pradesh,0,0,1143
Civil,Evidence,Madhya Pradesh,0,0,391
Civil,Evidence,Madhya Pradesh,0,0,924
Civil,Evidence,Madhya Pradesh,0,0,480
Civil,Evidence,Madhya Pradesh,0,0,842
Civil,Evidence,Madhya Pradesh,0,0,528
Civil,Evidence,Madhya Pradesh,0,0,806
Civil,Evidence,Madhya Pradesh,0,0,697
Civil,Evidence,Madhya Pradesh,0,0,701
Civil,Evidence,Madhya Pradesh,0,0,760
Civil,Evidence,Madhya Pradesh,0,0,504
Civil,Evidence,Madhya Pradesh,0,0,514
Civil,Evidence,Madhya Pradesh,0,0,1382
Civil,Evidence,Madhya Pradesh,0,0,337
Civil,Evidence,Madhya Pradesh,0,0,49
Civil,Evidence,Madhya Pradesh,0,0,305
Civil,Evidence,Madhya Pradesh,0,0,196
Civil,Evidence,Madhya Pradesh,0,0,45
Civil,Evidence,Madhya Pradesh,0,0,16
Civil,Evidence,Madhya Pradesh,0,0,189
Civil,Evidence,Madhya Pradesh,0,0,896
Civil,Evidence,Madhya Pradesh,0,0,494
Civil,Evidence,Madhya Pradesh,0,0,539
Civil,Evidence,Madhya Pradesh,0,0,736
Civil,Evidence,Madhya Pradesh,0,0,251
Civil,Evidence,Madhya Pradesh,0,0,271
Civil,Evidence,Madhya Pradesh,0,0,419
Civil,Evidence,Madhya Pradesh,0,0,194
Civil,Evidence,Madhya Pradesh,0,0,105
Civil,Evidence,Madhya Pradesh,0,0,53
Civil,Evidence,Madhya Pradesh,0,0,492
Civil,Evidence,Madhya Pradesh,0,0,93
Civil,Evidence,Madhya Pradesh,0,0,149
Civil,Evidence,Madhya Pradesh,0,0,438
Civil,Evidence,Madhya Pradesh,0,0,735
Civil,Evidence,Madhya Pradesh,0,0,1231
Civil,Evidence,Madhya Pradesh,0,0,221
Civil,Evidence,Madhya Pradesh,0,0,197
Civil,Evidence,Madhya Pradesh,0,0,133
Civil,Evidence,Madhya Pradesh,0,0,193
Civil,Evidence,Madhya Pradesh,0,0,20
Civil,Evidence,Madhya Pradesh,0,0,1693
Civil,Evidence,Madhya Pradesh,0,0,1977
Civil,Evidence,Madhya Pradesh,0,0,156
Civil,Evidence,Madhya Pradesh,0,0,256
Civil,Evidence,Madhya Pradesh,0,0,197
Civil,Evidence,Madhya Pradesh,0,0,115
Civil,Evidence,Madhya Pradesh,0,0,1137
Civil,Evidence,Madhya Pradesh,0,0,235
Civil,Evidence,Madhya Pradesh,0,0,158
Civil,Evidence,Madhya Pradesh,0,0,112
Civil,Evidence,Madhya Pradesh,0,0,2000
Civil,Evidence,Madhya Pradesh,0,0,204
Civil,Evidence,Madhya Pradesh,0,0,194
Civil,Evidence,Madhya Pradesh,0,0,161
Civil,Evidence,Madhya Pradesh,0,0,206
Civil,Evidence,Madhya Pradesh,0,0,282
Civil,Evidence,Madhya Pradesh,0,0,349
Civil,Evidence,Madhya Pradesh,0,0,324
Civil,Evidence,Madhya Pradesh,0,0,1660
Civil,Evidence,Madhya Pradesh,0,0,225
Civil,Evidence,Madhya Pradesh,0,0,624
Civil,Evidence,Madhya Pradesh,0,0,204
Civil,Evidence,Madhya Pradesh,0,0,198
Civil,Evidence,Madhya Pradesh,0,0,186
Civil,Evidence,Madhya Pradesh,0,0,141
Civil,Evidence,Madhya Pradesh,0,0,544
Civil,Evidence,Madhya Pradesh,0,0,154
Civil,Evidence,Odisha,0,0,5578
Civil,Evidence,Odisha,0,0,393
Civil,Evidence,Odisha,0,0,92
Civil,Evidence,Odisha,0,0,605
Civil,Evidence,Odisha,0,0,3446
Civil,Evidence,Odisha,0,0,1366
Civil,Evidence,Odisha,0,0,518
Civil,Evidence,Odisha,0,0,1419
Civil,Evidence,Odisha,0,0,2500
Civil,Evidence,Odisha,0,0,938
Civil,Evidence,Odisha,0,0,530
Civil,Evidence,Odisha,0,0,40
Civil,Evidence,Odisha,0,0,2082
Civil,Evidence,Odisha,0,0,2636
Civil,Evidence,Odisha,0,0,2510
Civil,Evidence,Odisha,0,0,2003
Civil,Evidence,Odisha,0,0,2490
Civil,Evidence,Odisha,0,0,2003
Civil,Evidence,Odisha,0,0,1545
Civil,Evidence,Odisha,0,0,227
Civil,Evidence,Odisha,0,0,843
Civil,Evidence,Odisha,0,0,30
Civil,Evidence,Odisha,0,0,2462
Civil,Evidence,Odisha,0,0,2035
Civil,Evidence,Odisha,0,0,96
Civil,Evidence,Odisha,0,0,2035
Civil,Evidence,Odisha,0,0,2298
Civil,Evidence,Odisha,0,0,2232
Civil,Evidence,Odisha,0,0,718
Civil,Evidence,Odisha,0,0,2421
Civil,Evidence,Odisha,0,0,708
Civil,Evidence,Odisha,0,0,1461
Civil,Evidence,Odisha,0,0,4262
Civil,Evidence,Odisha,0,0,1247
Civil,Evidence,Odisha,0,0,4471
Civil,Evidence,Odisha,0,0,2333
Civil,Evidence,Odisha,0,0,2799
Civil,Evidence,Odisha,0,0,820
Civil,Evidence,Odisha,0,0,380
Civil,Evidence,Odisha,0,0,2385
Civil,Evidence,Odisha,0,0,173
Civil,Evidence,Odisha,0,0,2911
Civil,Evidence,Odisha,0,0,2396
Civil,Evidence,Odisha,0,0,753
Civil,Evidence,Odisha,0,0,2263
Civil,Evidence,Odisha,0,0,482
Civil,Evidence,Odisha,0,0,771
Civil,Evidence,Odisha,0,0,753
Civil,Evidence,Odisha,0,0,2320
Civil,Evidence,Odisha,0,0,3009
Civil,Evidence,Odisha,0,0,2509
Civil,Evidence,Odisha,0,0,3609
Civil,Evidence,Odisha,0,0,2313
Civil,Evidence,Odisha,0,0,2313
Civil,Evidence,Odisha,0,0,2593
Civil,Evidence,Odisha,0,0,3874
Civil,Evidence,Odisha,0,0,4015
Civil,Evidence,Odisha,0,0,5761
Civil,Evidence,Odisha,0,0,6510
Civil,Evidence,Odisha,0,0,240
Civil,Evidence,Odisha,0,0,1282
Civil,Evidence,Odisha,0,0,6329
Civil,Evidence,Odisha,0,0,3733
Civil,Evidence,Odisha,0,0,1786
Civil,Evidence,Odisha,0,0,7769
Civil,Evidence,Odisha,0,0,536
Civil,Evidence,Odisha,0,0,1894
Civil,Evidence,Odisha,0,0,2141
Civil,Evidence,Odisha,0,0,1060
Civil,Evidence,Odisha,0,0,340
Civil,Evidence,Odisha,0,0,498
Civil,Evidence,Odisha,0,0,436
Civil,Evidence,Odisha,0,0,707
Civil,Evidence,Odisha,0,0,701
Civil,Evidence,Odisha,0,0,158
Civil,Evidence,Odisha,0,0,759
Civil,Evidence,Odisha,0,0,778
Civil,Evidence,Odisha,0,0,753
Civil,Evidence,Odisha,0,0,968
Civil,Evidence,Odisha,0,0,5002
Civil,Evidence,Odisha,0,0,7610
Civil,Evidence,Odisha,0,0,540
Civil,Evidence,Odisha,0,0,2001
Civil,Evidence,Odisha,0,0,38
Civil,Evidence,Odisha,0,0,430
Civil,Evidence,Odisha,0,0,102
Civil,Evidence,Odisha,0,0,351
Civil,Evidence,Odisha,0,0,24
Civil,Evidence,Odisha,0,0,576
Civil,Evidence,Odisha,0,0,766
Civil,Evidence,Odisha,0,0,1066
Civil,Evidence,Odisha,0,0,380
Civil,Evidence,Odisha,0,0,1236
Civil,Evidence,Odisha,0,0,659
Civil,Evidence,Odisha,0,0,297
Civil,Evidence,Odisha,0,0,2541
Civil,Evidence,Odisha,0,0,635
Civil,Evidence,Odisha,0,0,373
Civil,Evidence,Odisha,0,0,56
Civil,Evidence,Odisha,0,0,806
Civil,Evidence,Kerala,0,0,618
Civil,Evidence,Kerala,0,0,791
Civil,Evidence,Kerala,0,0,91
Civil,Evidence,Kerala,0,0,182
Civil,Evidence,Kerala,0,0,571
Civil,Evidence,Kerala,0,0,67
Civil,Evidence,Kerala,0,0,398
Civil,Evidence,Kerala,0,0,337
Civil,Evidence,Kerala,0,0,303
Civil,Evidence,Kerala,0,0,456
Civil,Evidence,Kerala,0,0,309
Civil,Evidence,Kerala,0,0,341
Civil,Evidence,Kerala,0,0,1362
Civil,Evidence,Kerala,0,0,416
Civil,Evidence,Kerala,0,0,255
Civil,Evidence,Kerala,0,0,307
Civil,Evidence,Kerala,0,0,603
Civil,Evidence,Kerala,0,0,442
Civil,Evidence,Kerala,0,0,384
Civil,Evidence,Kerala,0,0,443
Civil,Evidence,Kerala,0,0,351
Civil,Evidence,Kerala,0,0,1165
Civil,Evidence,Kerala,0,0,1416
Civil,Evidence,Kerala,0,0,466
Civil,Evidence,Kerala,0,0,508
Civil,Evidence,Kerala,0,0,137
Civil,Evidence,Kerala,0,0,455
Civil,Evidence,Kerala,0,0,572
Civil,Evidence,Kerala,0,0,452
Civil,Evidence,Kerala,0,0,529
Civil,Evidence,Kerala,0,0,253
Civil,Evidence,Kerala,0,0,109
Civil,Evidence,Kerala,0,0,89
Civil,Evidence,Kerala,0,0,276
Civil,Evidence,Kerala,0,0,354
Civil,Evidence,Kerala,0,0,235
Civil,Evidence,Kerala,0,0,212
Civil,Evidence,Kerala,0,0,523
Civil,Evidence,Kerala,0,0,98
Civil,Evidence,Kerala,0,0,399
Civil,Evidence,Kerala,0,0,429
Civil,Evidence,Kerala,0,0,615
Civil,Evidence,Kerala,0,0,689
Civil,Evidence,Kerala,0,0,713
Civil,Evidence,Kerala,0,0,764
Civil,Evidence,Kerala,0,0,220
Civil,Evidence,Kerala,0,0,532
Civil,Evidence,Kerala,0,0,682
Civil,Evidence,Kerala,0,0,766
Civil,Evidence,Kerala,0,0,717
Civil,Evidence,Kerala,0,0,639
Civil,Evidence,Kerala,0,0,699
Civil,Evidence,Kerala,0,0,913
Civil,Evidence,Kerala,0,0,122
Civil,Evidence,Kerala,0,0,895
Civil,Evidence,Kerala,0,0,508
Civil,Evidence,Kerala,0,0,662
Civil,Evidence,Kerala,0,0,655
Civil,Evidence,Kerala,0,0,673
Civil,Evidence,Kerala,0,0,202
Civil,Evidence,Kerala,0,0,226
Civil,Evidence,Kerala,0,0,130
Civil,Evidence,Kerala,0,0,609
Civil,Evidence,Kerala,0,0,508
Civil,Evidence,Kerala,0,0,533
Civil,Evidence,Kerala,0,0,678
Civil,Evidence,Kerala,0,0,610
Civil,Evidence,Kerala,0,0,508
Civil,Evidence,Kerala,0,0,1327
Civil,Evidence,Kerala,0,0,1360
Civil,Evidence,Kerala,0,0,809
Civil,Evidence,Kerala,0,0,809
Civil,Evidence,Kerala,0,0,768
Civil,Evidence,Kerala,0,0,768
Civil,Evidence,Kerala,0,0,374
Civil,Evidence,Kerala,0,0,986
Civil,Evidence,Kerala,0,0,229
Civil,Evidence,Kerala,0,0,481
Civil,Evidence,Kerala,0,0,611
Civil,Evidence,Kerala,0,0,733
Civil,Evidence,Kerala,0,0,109
Civil,Evidence,Kerala,0,0,383
Civil,Evidence,Kerala,0,0,97
Civil,Evidence,Kerala,0,0,440
Civil,Evidence,Kerala,0,0,529
Civil,Evidence,Kerala,0,0,70
Civil,Evidence,Kerala,0,0,146
Civil,Evidence,Kerala,0,0,335
Civil,Evidence,Kerala,0,0,390
Civil,Evidence,Kerala,0,0,988
Civil,Evidence,Kerala,0,0,36
Civil,Evidence,Kerala,0,0,211
Civil,Evidence,Kerala,0,0,495
Civil,Evidence,Kerala,0,0,273
Civil,Evidence,Kerala,0,0,1328
Civil,Evidence,Kerala,0,0,1301
Civil,Evidence,Kerala,0,0,433
Civil,Evidence,Kerala,0,0,499
Civil,Evidence,Kerala,0,0,514
Civil,Evidence,Kerala,0,0,473
Criminal,Passing of Orders,Uttar Pradesh,0,0,7
Criminal,Evidence,Uttar Pradesh,0,0,13
Criminal,Evidence,Uttar Pradesh,0,0,6
Criminal,Evidence,Uttar Pradesh,0,0,19
Criminal,Evidence,Uttar Pradesh,0,0,19
Criminal,Evidence,Uttar Pradesh,0,0,9
Criminal,Evidence,Uttar Pradesh,0,0,4
Criminal,Evidence,Uttar Pradesh,0,0,1
Criminal,Evidence,Uttar Pradesh,0,0,6
Criminal,Evidence,Uttar Pradesh,0,0,7
Criminal,Evidence,Uttar Pradesh,0,0,6
Criminal,Evidence,Uttar Pradesh,0,0,5
Criminal,Evidence,Uttar Pradesh,0,0,6
Criminal,Evidence,Uttar Pradesh,0,0,350
Criminal,Evidence,Uttar Pradesh,0,0,350
Criminal,Evidence,Uttar Pradesh,0,0,350
Criminal,Passing of Orders,Uttar Pradesh,0,0,5
Criminal,Evidence,Uttar Pradesh,0,0,12
Criminal,Evidence,Uttar Pradesh,0,0,12
Criminal,Evidence,Uttar Pradesh,0,0,21
Criminal,Evidence,Uttar Pradesh,0,0,26
Criminal,Evidence,Uttar Pradesh,0,0,11
Criminal,Evidence,Uttar Pradesh,0,0,19
Criminal,Evidence,Uttar Pradesh,0,0,62
Criminal,Evidence,Uttar Pradesh,0,0,21
Criminal,Evidence,Uttar Pradesh,0,0,21
Criminal,Evidence,Uttar Pradesh,0,0,21
Criminal,Evidence,Uttar Pradesh,0,0,46
Criminal,Evidence,Uttar Pradesh,0,0,350
Criminal,Evidence,Uttar Pradesh,0,0,11
Criminal,Evidence,Uttar Pradesh,0,0,5
Criminal,Evidence,Uttar Pradesh,0,0,5
Criminal,Evidence,Uttar Pradesh,0,0,4
Criminal,Evidence,Uttar Pradesh,0,0,17
Civil,Evidence,Maharashtra,0,0,762
Civil,Passing of Orders,Maharashtra,0,0,567
Civil,Evidence,Maharashtra,0,0,162
Civil,Evidence,Maharashtra,0,0,20
Civil,Evidence,Maharashtra,0,0,91
Civil,Evidence,Maharashtra,0,0,5619
Civil,Evidence,Maharashtra,0,0,3
Civil,Evidence,Maharashtra,0,0,1701
Civil,Evidence,Maharashtra,0,0,24
Civil,Evidence,Maharashtra,0,0,257
Civil,Evidence,Maharashtra,0,0,112
Civil,Evidence,Maharashtra,0,0,102
Civil,Evidence,Maharashtra,0,0,4209
Civil,Evidence,Maharashtra,0,0,931
Civil,Evidence,Maharashtra,0,0,35
Civil,Evidence,Maharashtra,0,0,42
Civil,Evidence,Maharashtra,0,0,1467
Civil,Evidence,Maharashtra,0,0,1468
Civil,Evidence,Maharashtra,0,0,1086
Civil,Evidence,Maharashtra,0,0,35
Civil,Evidence,Maharashtra,0,0,2930
Civil,Evidence,Maharashtra,0,0,711
Civil,Evidence,Maharashtra,0,0,2467
Civil,Evidence,Maharashtra,0,0,2753
Civil,Evidence,Maharashtra,0,0,249
Civil,Evidence,Maharashtra,0,0,248
Civil,Evidence,Maharashtra,0,0,250
Civil,Evidence,Maharashtra,0,0,2111
Civil,Evidence,Maharashtra,0,0,392
Civil,Evidence,Maharashtra,0,0,991
Civil,Evidence,Maharashtra,0,0,736
Civil,Evidence,Maharashtra,0,0,45
Civil,Evidence,Maharashtra,0,0,45
Civil,Evidence,Maharashtra,0,0,2402
Civil,Evidence,Maharashtra,0,0,762
Civil,Evidence,Maharashtra,0,0,23
Civil,Evidence,Maharashtra,0,0,364
Civil,Evidence,Maharashtra,0,0,172
Civil,Passing of Orders,Tamil Nadu,0,0,5658
Civil,Evidence,Maharashtra,0,0,497
Civil,Evidence,Maharashtra,0,0,1478
Civil,Evidence,Maharashtra,0,0,497
Civil,Evidence,Maharashtra,0,0,1235
Civil,Evidence,Maharashtra,0,0,456
Civil,Evidence,Maharashtra,0,0,1394
Civil,Evidence,Maharashtra,0,0,649
Civil,Evidence,Maharashtra,0,0,2748
Civil,Evidence,Maharashtra,0,0,107
Civil,Evidence,Maharashtra,0,0,107
Civil,Evidence,Maharashtra,0,0,52
Civil,Evidence,Maharashtra,0,0,52
Civil,Evidence,Maharashtra,0,0,18
Civil,Evidence,Maharashtra,0,0,17
Civil,Evidence,Maharashtra,0,0,5
Civil,Evidence,Maharashtra,0,0,4154
Civil,Evidence,Maharashtra,0,0,3576
Civil,Evidence,Maharashtra,0,0,1
Civil,Evidence,Maharashtra,0,0,1
Civil,Evidence,Maharashtra,0,0,1797
Civil,Evidence,Maharashtra,0,0,39
Civil,Evidence,Maharashtra,0,0,1272
Civil,Evidence,Maharashtra,0,0,2
Civil,Evidence,Maharashtra,0,0,305
Civil,Evidence,Maharashtra,0,0,305
Civil,Evidence,Maharashtra,0,0,305
Civil,Evidence,Maharashtra,0,0,277
Civil,Evidence,Maharashtra,0,0,180
Civil,Evidence,Maharashtra,0,0,373
Civil,Evidence,Maharashtra,0,0,637
Civil,Evidence,Maharashtra,0,0,484
Civil,Evidence,Maharashtra,0,0,484
Civil,Evidence,Maharashtra,0,0,107
Civil,Evidence,Maharashtra,0,0,478
Civil,Evidence,Maharashtra,0,0,696
Civil,Evidence,Maharashtra,0,0,689
Civil,Evidence,Maharashtra,0,0,369
Civil,Evidence,Maharashtra,0,0,851
Civil,Evidence,Maharashtra,0,0,156
Civil,Evidence,Maharashtra,0,0,4118
Civil,Evidence,Maharashtra,0,0,4817
Criminal,Evidence,Maharashtra,0,0,13
Criminal,Evidence,Maharashtra,0,0,12
Criminal,Evidence,Maharashtra,0,0,11
Criminal,Evidence,Maharashtra,0,0,2
Criminal,Evidence,Maharashtra,0,0,2
Criminal,Evidence,Maharashtra,0,0,14
Criminal,Evidence,Maharashtra,0,0,26
Criminal,Evidence,Maharashtra,0,0,3
Criminal,Evidence,Maharashtra,0,0,11
Criminal,Evidence,Maharashtra,0,0,11
Criminal,Evidence,Maharashtra,0,0,10
Criminal,Evidence,Maharashtra,0,0,11
Criminal,Evidence,Maharashtra,0,0,14
Criminal,Evidence,Maharashtra,0,0,9
Criminal,Evidence,Maharashtra,0,0,6
Criminal,Evidence,Maharashtra,0,0,33
Criminal,Evidence,Maharashtra,0,0,36
Criminal,Evidence,Maharashtra,0,0,34
Criminal,Evidence,Maharashtra,0,0,26
Criminal,Evidence,Maharashtra,0,0,32
Criminal,Evidence,Maharashtra,0,0,16
Criminal,Evidence,Maharashtra,0,0,20
Criminal,Passing of Orders,Maharashtra,0,0,29
Criminal,Passing of Orders,Maharashtra,0,0,88
Criminal,Passing of Orders,Maharashtra,0,0,26
Criminal,Evidence,Maharashtra,0,0,34
Criminal,Passing of Orders,Maharashtra,0,0,32
Criminal,Passing of Orders,Maharashtra,0,0,32
Criminal,Evidence,Maharashtra,0,0,31
Criminal,Evidence,Maharashtra,0,0,38
Criminal,Evidence,Maharashtra,0,0,22
Criminal,Evidence,Maharashtra,0,0,8
Criminal,Passing of Orders,Maharashtra,0,0,24
Criminal,Evidence,Maharashtra,0,0,6
Criminal,Evidence,Maharashtra,0,0,9
Criminal,Evidence,Maharashtra,0,0,7
Criminal,Evidence,Maharashtra,0,0,11
Criminal,Evidence,Maharashtra,0,0,8
Criminal,Evidence,Maharashtra,0,0,7
Criminal,Evidence,Maharashtra,0,0,20
Criminal,Evidence,Maharashtra,0,0,20
Criminal,Evidence,Maharashtra,0,0,23
Criminal,Passing of Orders,Maharashtra,0,0,15
Criminal,Evidence,Maharashtra,0,0,5
Criminal,Evidence,Maharashtra,0,0,3
Criminal,Evidence,Maharashtra,0,0,3
Criminal,Evidence,Maharashtra,0,0,5
Criminal,Evidence,Maharashtra,0,0,2
Criminal,Evidence,Maharashtra,0,0,18
Criminal,Evidence,Maharashtra,0,0,18
Criminal,Evidence,Maharashtra,0,0,6
Criminal,Evidence,Maharashtra,0,0,25
Criminal,Evidence,Maharashtra,0,0,66
Criminal,Evidence,Maharashtra,0,0,17
Criminal,Evidence,Maharashtra,0,0,28
Criminal,Evidence,Maharashtra,0,0,4
Criminal,Evidence,Maharashtra,0,0,1
Criminal,Evidence,Maharashtra,0,0,22
Criminal,Evidence,Maharashtra,0,0,41
Criminal,Evidence,Maharashtra,0,0,10
Criminal,Evidence,Maharashtra,0,0,35
Criminal,Evidence,Maharashtra,0,0,8
Criminal,Evidence,Maharashtra,0,0,8
Criminal,Evidence,Maharashtra,0,0,8
Criminal,Evidence,Maharashtra,0,0,8
Criminal,Evidence,Maharashtra,0,0,26
Criminal,Evidence,Maharashtra,0,0,8
Criminal,Evidence,Maharashtra,0,0,1
Criminal,Evidence,Maharashtra,0,0,23
Criminal,Evidence,Maharashtra,0,0,6
Criminal,Evidence,Maharashtra,0,0,25
Criminal,Evidence,Maharashtra,0,0,6
Criminal,Evidence,Maharashtra,0,0,33
Criminal,Evidence,Maharashtra,0,0,25
Criminal,Evidence,Maharashtra,0,0,14
Criminal,Evidence,Maharashtra,0,0,55
Criminal,Evidence,Maharashtra,0,0,17
Criminal,Evidence,Maharashtra,0,0,8
Criminal,Evidence,Maharashtra,0,0,8
Criminal,Evidence,Maharashtra,0,0,6
Criminal,Evidence,Maharashtra,0,0,18
Criminal,Evidence,Maharashtra,0,0,13
Criminal,Evidence,Maharashtra,0,0,18
Criminal,Evidence,Maharashtra,0,0,15
Criminal,Evidence,Maharashtra,0,0,6
Criminal,Evidence,Maharashtra,0,0,2
Criminal,Evidence,Maharashtra,0,0,7
Criminal,Evidence,Maharashtra,0,0,5
Criminal,Evidence,Maharashtra,0,0,5
Criminal,Evidence,Maharashtra,0,0,19
Criminal,Evidence,Maharashtra,0,0,5
Criminal,Evidence,Maharashtra,0,0,36
Criminal,Evidence,Maharashtra,0,0,35
Criminal,Passing of Orders,Uttar Pradesh,0,0,5469
Criminal,Passing of Orders,Uttar Pradesh,0,0,5474
Criminal,Evidence,Uttar Pradesh,0,0,356
Criminal,Evidence,Uttar Pradesh,0,0,42
Criminal,Passing of Orders,Uttar Pradesh,0,0,3
Criminal,Evidence,Uttar Pradesh,0,0,761
Criminal,Evidence,Uttar Pradesh,0,0,21
Criminal,Evidence,Uttar Pradesh,0,0,44
Criminal,Evidence,Uttar Pradesh,0,0,146
Criminal,Evidence,Uttar Pradesh,0,0,127
Criminal,Evidence,Uttar Pradesh,0,0,127
Criminal,Evidence,Uttar Pradesh,0,0,61
Criminal,Passing of Orders,Uttar Pradesh,0,0,19
Criminal,Evidence,Uttar Pradesh,0,0,61
Criminal,Evidence,Uttar Pradesh,0,0,40
Criminal,Passing of Orders,Uttar Pradesh,0,0,181
Criminal,Passing of Orders,Uttar Pradesh,0,0,6603
Criminal,Passing of Orders,Uttar Pradesh,0,0,304
Criminal,Evidence,Uttar Pradesh,0,0,372
Criminal,Evidence,Uttar Pradesh,0,0,372
Criminal,Passing of Orders,Uttar Pradesh,0,0,5
Criminal,Passing of Orders,Uttar Pradesh,0,0,12
Criminal,Passing of Orders,Uttar Pradesh,0,0,118
Criminal,Passing of Orders,Uttar Pradesh,0,0,6560
Criminal,Passing of Orders,Uttar Pradesh,0,0,6270
Criminal,Passing of Orders,Uttar Pradesh,0,0,5834
Criminal,Evidence,Uttar Pradesh,0,0,38
Criminal,Evidence,Uttar Pradesh,0,0,79
Criminal,Evidence,Uttar Pradesh,0,0,68
Criminal,Evidence,Uttar Pradesh,0,0,193
Criminal,Evidence,Uttar Pradesh,0,0,193
Criminal,Evidence,Uttar Pradesh,0,0,79
Criminal,Evidence,Uttar Pradesh,0,0,60
Criminal,Passing of Orders,Uttar Pradesh,0,0,7017
Criminal,Evidence,Uttar Pradesh,0,0,29
Criminal,Evidence,Uttar Pradesh,0,0,666
Criminal,Evidence,Uttar Pradesh,0,0,314
Criminal,Evidence,Uttar Pradesh,0,0,15
Criminal,Evidence,Uttar Pradesh,0,0,12431
Criminal,Evidence,Uttar Pradesh,0,0,60
Criminal,Evidence,Uttar Pradesh,0,0,14
Criminal,Passing of Orders,Uttar Pradesh,0,0,5676
Criminal,Passing of Orders,Uttar Pradesh,0,0,6127
Criminal,Passing of Orders,Uttar Pradesh,0,0,6073
Criminal,Evidence,Uttar Pradesh,0,0,186
Criminal,Evidence,Uttar Pradesh,0,0,432
Criminal,Evidence,Uttar Pradesh,0,0,194
Criminal,Passing of Orders,Uttar Pradesh,0,0,247
Criminal,Evidence,Uttar Pradesh,0,0,263
Criminal,Evidence,Uttar Pradesh,0,0,399
Criminal,Evidence,Uttar Pradesh,0,0,470
Criminal,Evidence,Uttar Pradesh,0,0,470
Criminal,Evidence,Uttar Pradesh,0,0,827
Criminal,Evidence,Uttar Pradesh,0,0,475
Criminal,Evidence,Uttar Pradesh,0,0,77
Criminal,Evidence,Uttar Pradesh,0,0,157
Criminal,Evidence,Uttar Pradesh,0,0,39
Criminal,Evidence,Uttar Pradesh,0,0,947
Criminal,Evidence,Uttar Pradesh,0,0,568
Criminal,Evidence,Uttar Pradesh,0,0,84
Criminal,Passing of Orders,Uttar Pradesh,0,0,38
Criminal,Evidence,Uttar Pradesh,0,0,259
Criminal,Evidence,Uttar Pradesh,0,0,227
Criminal,Evidence,Uttar Pradesh,0,0,38
Criminal,Passing of Orders,Uttar Pradesh,0,0,5
Criminal,Evidence,Uttar Pradesh,0,0,14
Criminal,Evidence,Uttar Pradesh,0,0,169
Criminal,Evidence,Uttar Pradesh,0,0,41
Criminal,Evidence,Uttar Pradesh,0,0,154
Criminal,Evidence,Uttar Pradesh,0,0,540
Criminal,Passing of Orders,Uttar Pradesh,0,0,3025
Criminal,Passing of Orders,Uttar Pradesh,0,0,7642
Criminal,Passing of Orders,Uttar Pradesh,0,0,6104
Criminal,Passing of Orders,Uttar Pradesh,0,0,5616
Criminal,Passing of Orders,Uttar Pradesh,0,0,7543
Criminal,Evidence,Uttar Pradesh,0,0,12
Criminal,Passing of Orders,Uttar Pradesh,0,0,6676
