tree
version=v4
num_class=1
num_tree_per_iteration=1
label_index=0
max_feature_idx=26
objective=regression
feature_names=days_pending_so_far past_adjournments case_type_Criminal case_type_Civil case_type_Family case_type_Property case_type_Others stage_Admission stage_Framing_of_Charges stage_Evidence stage_Passing_of_Orders stage_Final_Arguments stage_Judgment_Awaited state_Tamil_Nadu state_West_Bengal state_Maharashtra state_Karnataka state_Madhya_Pradesh state_Gujarat state_Kerala state_Rajasthan state_Uttar_Pradesh state_Odisha state_Delhi state_Andhra_Pradesh state_Bihar state_Unknown
feature_infos=none none [0:1] [0:1] none [0:1] none none none [0:1] [0:1] none none [0:1] [0:1] [0:1] [0:1] [0:1] [0:1] [0:1] [0:1] [0:1] [0:1] [0:1] [0:1] [0:1] none
tree_sizes=1645 1732 1032 1027 1028 1029 1740 1742 1740 1033 1029 1735 1745 1743 1749 1122 1034 1038 1748 1750 1747 1745 1212 1213 1215 1214 1035 1752 1750 1214 1216 1217 1121 1757 1752 1208 1930 1928 1844 1929 1748 1755 1385 1758 1752 1479 1483 1486 1485 1484 1217 1223 1229 1850 1399 1484 1483 1405 1856 1489 1397 1493 1767 1769 1500 1503 1410 1497 1314 1501 1409 1225 1224 1505 1413 1411 1412 1410 1324 1319 1409 1233 1590 1420 1238 1239 1592 1682 1502 1148 1591 1596 1244 1328 1243 1504 1507 1424 1423 1419 1155 1506 1421 1156 1596 1337 1238 1246 1508 1424 1421 1419 1418 1414 1147 1331 1425 1512 1422 1332 1508 1425 1425 1424 1424 1517 1423 1419 1693 1422 1516 1426 1421 1425 1516 1427 1519 1517 1606 1334 1426 1516 1430 1523 1425 1431 1606 1524 1423 1344

Tree=0
num_leaves=18
num_cat=0
split_feature=24 2 9 9 13 3 18 19 21 18 13 14 21 23 22 23 2
split_gain=750.035 598.238 1352.9 571.071 332.859 226.351 191.23 148.164 131.992 122.707 80.9803 72.308 65.609 54.136 41.5442 41.405 13.4134
threshold=1.0000000180025095e-35 1.0000000180025095e-35 1.0000000180025095e-35 1.0000000180025095e-35 1.0000000180025095e-35 1.0000000180025095e-35 1.0000000180025095e-35 1.0000000180025095e-35 1.0000000180025095e-35 1.0000000180025095e-35 1.0000000180025095e-35 1.0000000180025095e-35 1.0000000180025095e-35 1.0000000180025095e-35 1.0000000180025095e-35 1.0000000180025095e-35 1.0000000180025095e-35
decision_type=2 2 2 2 2 2 2 2 2 2 2 2 2 2 2 2 2
left_child=1 3 9 7 11 16 8 15 13 10 12 14 -3 -4 -5 -1 -2
right_child=5 2 6 4 -6 -7 -8 -9 -10 -11 -12 -13 -14 -15 -16 -17 -18
leaf_value=5.1998561114087032 5.3415076049558072 5.1983206392061527 5.0832084337446073 5.2524159823692411 5.1222384575507922 5.2195319624102456 5.2130644945154936 5.1066513766213406 5.1522213770750138 5.132659333327199 5.2616556458766341 5.2058336619915977 5.234550695412338 5.0321216241804612 5.2903255137637366 5.1609670628005144 5.3114868699300137
leaf_weight=176 77 425 242 609 53 73 32 77 62 48 83 77 177 66 82 112 72
leaf_count=176 77 425 242 609 53 73 32 77 62 48 83 77 177 66 82 112 72
internal_value=5.20386 5.19546 5.16951 5.2203 5.24343 5.29166 5.0958 5.16826 5.08566 5.20994 5.21536 5.25179 5.20897 5.07226 5.25691 5.18473 5.327
internal_weight=0 2321 1135 1186 821 222 402 365 370 733 685 768 602 308 691 288 149
internal_count=2543 2321 1135 1186 821 222 402 365 370 733 685 768 602 308 691 288 149
is_linear=0
shrinkage=1


Tree=1
num_leaves=18
num_cat=0
split_feature=24 2 9 9 13 3 18 19 21 18 13 14 21 25 22 23 2
split_gain=676.907 539.91 1220.99 515.392 300.406 204.282 172.585 133.718 119.123 110.743 73.0847 65.2579 59.2122 50.1669 37.4936 37.368 12.1056
threshold=1.0000000180025095e-35 1.0000000180025095e-35 1.0000000180025095e-35 1.0000000180025095e-35 1.0000000180025095e-35 1.0000000180025095e-35 1.0000000180025095e-35 1.0000000180025095e-35 1.0000000180025095e-35 1.0000000180025095e-35 1.0000000180025095e-35 1.0000000180025095e-35 1.0000000180025095e-35 1.0000000180025095e-35 1.0000000180025095e-35 1.0000000180025095e-35 1.0000000180025095e-35
decision_type=2 2 2 2 2 2 2 2 2 2 2 2 2 2 2 2 2
left_child=1 3 9 7 11 16 8 15 13 10 12 14 -3 -4 -5 -1 -2
right_child=5 2 6 4 -6 -7 -8 -9 -10 -11 -12 -13 -14 -15 -16 -17 -18
leaf_value=-0.0038048377926315881 0.13076407936486331 -0.0052635356896721273 -0.13747828420702654 0.046127040358274612 -0.077541609811332998 0.014887219254080564 0.0087431256659328948 -0.092349333785377546 -0.049057835022047643 -0.067641778414448114 0.054904721057917695 0.0018738344650376928 0.02915501646634381 -0.092335120641133361 0.082141097525997867 -0.040749433630013043 0.10224438075804049
leaf_weight=176 77 425 223 609 53 73 32 77 62 48 83 77 177 85 82 112 72
leaf_count=176 77 425 223 609 53 73 32 77 62 48 83 77 177 85 82 112 72
internal_value=0 -0.00797811 -0.0326293 0.015613 0.0375902 0.0834108 -0.102657 -0.0338205 -0.112291 0.00577588 0.0109205 0.0455354 0.0048562 -0.12502 0.0504008 -0.0181722 0.116983
internal_weight=0 2321 1135 1186 821 222 402 365 370 733 685 768 602 308 691 288 149
internal_count=2543 2321 1135 1186 821 222 402 365 370 733 685 768 602 308 691 288 149
is_linear=0
shrinkage=0.05


Tree=2
num_leaves=10
num_cat=0
split_feature=5 23 25 9 14 2 22 24 9
split_gain=618.024 458.058 274.289 235.568 233.902 247.248 164.343 155.025 43.7179
threshold=1.0000000180025095e-35 1.0000000180025095e-35 1.0000000180025095e-35 1.0000000180025095e-35 1.0000000180025095e-35 1.0000000180025095e-35 1.0000000180025095e-35 1.0000000180025095e-35 1.0000000180025095e-35
decision_type=2 2 2 2 2 2 2 2 2
left_child=1 2 4 -3 6 -6 7 -1 -2
right_child=8 3 -4 -5 5 -7 -8 -9 -10
leaf_value=0.0015117930857533395 0.12422587825106335 -0.040440057764249276 -0.087718367458266375 -0.15627868378704246 0.0079455508311918714 -0.11409740444407407 0.078034041985505967 0.055351341495226171 0.070591218819220855
leaf_weight=1716 77 131 85 66 83 83 82 145 75
leaf_count=1716 77 131 85 66 83 83 82 145 75
internal_value=0 -0.00621486 0.000342893 -0.0792489 0.00389207 -0.0530759 0.00875912 0.00570671 0.0977614
internal_weight=0 2391 2194 197 2109 166 1943 1861 152
internal_count=2543 2391 2194 197 2109 166 1943 1861 152
is_linear=0
shrinkage=0.05


Tree=3
num_leaves=10
num_cat=0
split_feature=5 23 25 9 14 2 22 24 9
split_gain=557.767 413.397 247.546 212.6 211.096 223.142 148.32 139.91 39.4554
threshold=1.0000000180025095e-35 1.0000000180025095e-35 1.0000000180025095e-35 1.0000000180025095e-35 1.0000000180025095e-35 1.0000000180025095e-35 1.0000000180025095e-35 1.0000000180025095e-35 1.0000000180025095e-35
decision_type=2 2 2 2 2 2 2 2 2
left_child=1 2 4 -3 6 -6 7 -1 -2
right_child=8 3 -4 -5 5 -7 -8 -9 -10
leaf_value=0.0014362030434107414 0.11801458548802835 -0.038418054250815445 -0.083332447233500292 -0.14846475314010274 0.0075482734802308077 -0.10839253522186394 0.07413233694870297 0.052583774668003985 0.067061658223470058
leaf_weight=1716 77 131 85 66 83 83 82 145 75
leaf_count=1716 77 131 85 66 83 83 82 145 75
internal_value=0 -0.00590412 0.000325748 -0.0752865 0.00369746 -0.0504221 0.00832116 0.00542137 0.0928733
internal_weight=0 2391 2194 197 2109 166 1943 1861 152
internal_count=2543 2391 2194 197 2109 166 1943 1861 152
is_linear=0
shrinkage=0.05


Tree=4
num_leaves=10
num_cat=0
split_feature=5 23 25 9 14 2 22 24 9
split_gain=503.384 373.091 223.41 191.871 190.515 201.385 133.859 126.269 35.6085
threshold=1.0000000180025095e-35 1.0000000180025095e-35 1.0000000180025095e-35 1.0000000180025095e-35 1.0000000180025095e-35 1.0000000180025095e-35 1.0000000180025095e-35 1.0000000180025095e-35 1.0000000180025095e-35
decision_type=2 2 2 2 2 2 2 2 2
left_child=1 2 4 -3 6 -6 7 -1 -2
right_child=8 3 -4 -5 5 -7 -8 -9 -10
leaf_value=0.0013643925665717113 0.11211385670323651 -0.036497150597034581 -0.079165827089044113 -0.14104151798017098 0.0071708601725523381 -0.10297290448503323 0.070425723565787801 0.04995458770800254 0.063708575129508976
leaf_weight=1716 77 131 85 66 83 83 82 145 75
leaf_count=1716 77 131 85 66 83 83 82 145 75
internal_value=0 -0.00560891 0.000309461 -0.0715222 0.00351259 -0.047901 0.00790511 0.0051503 0.0882297
internal_weight=0 2391 2194 197 2109 166 1943 1861 152
internal_count=2543 2391 2194 197 2109 166 1943 1861 152
is_linear=0
shrinkage=0.05


Tree=5
num_leaves=10
num_cat=0
split_feature=5 23 25 9 14 2 22 20 9
split_gain=454.304 336.715 201.628 173.164 171.939 181.75 120.808 117.995 32.1367
threshold=1.0000000180025095e-35 1.0000000180025095e-35 1.0000000180025095e-35 1.0000000180025095e-35 1.0000000180025095e-35 1.0000000180025095e-35 1.0000000180025095e-35 1.0000000180025095e-35 1.0000000180025095e-35
decision_type=2 2 2 2 2 2 2 2 2
left_child=1 2 4 -3 6 -6 7 -1 -2
right_child=8 3 -4 -5 5 -7 -8 -9 -10
leaf_value=0.0018141377938307266 0.10650815932660716 -0.034672292238741208 -0.07520753274507383 -0.13398944184635625 0.0068123167975390536 -0.097824261707803575 0.066904436151792368 0.05637952861021317 0.060523144615193203
leaf_weight=1756 77 131 85 66 83 83 82 105 75
leaf_count=1756 77 131 85 66 83 83 82 105 75
internal_value=0 -0.00532847 0.000293987 -0.0679461 0.00333696 -0.045506 0.00750985 0.00489279 0.0838182
internal_weight=0 2391 2194 197 2109 166 1943 1861 152
internal_count=2543 2391 2194 197 2109 166 1943 1861 152
is_linear=0
shrinkage=0.05


Tree=6
num_leaves=18
num_cat=0
split_feature=24 2 9 9 13 3 19 18 18 13 21 14 21 25 21 23 2
split_gain=424.225 369.667 848.275 395.728 256.727 155.968 130.981 120.494 100.28 65.565 63.6483 53.4133 52.7827 45.0983 31.2429 20.1679 2.15598
threshold=1.0000000180025095e-35 1.0000000180025095e-35 1.0000000180025095e-35 1.0000000180025095e-35 1.0000000180025095e-35 1.0000000180025095e-35 1.0000000180025095e-35 1.0000000180025095e-35 1.0000000180025095e-35 1.0000000180025095e-35 1.0000000180025095e-35 1.0000000180025095e-35 1.0000000180025095e-35 1.0000000180025095e-35 1.0000000180025095e-35 1.0000000180025095e-35 1.0000000180025095e-35
decision_type=2 2 2 2 2 2 2 2 2 2 2 2 2 2 2 2 2
left_child=1 3 8 6 11 16 15 10 9 12 13 14 -3 -4 -5 -1 -2
right_child=5 2 7 4 -6 -7 -8 -9 -10 -11 -12 -13 -14 -15 -16 -17 -18
leaf_value=-0.004069234009512002 0.10118275683905398 -0.0051052837676423442 -0.11424908529165215 0.039964274832398339 -0.073970854591648538 0.0061576659548772533 -0.088038196927541265 0.0079996455460786819 -0.064566014707088476 0.051853157418319973 -0.046911271370106172 0.00030629252652069196 0.027390941388255232 -0.071447157846654161 0.070838743577662275 -0.031210583524911534 0.089146973611786973
leaf_weight=176 77 425 223 596 53 73 77 32 48 83 62 77 177 85 95 112 72
leaf_count=176 77 425 223 596 53 73 77 32 48 83 62 77 177 85 95 112 72
internal_value=0 -0.00631588 -0.0267136 0.0132047 0.0324623 0.0660323 -0.0301115 -0.0850823 0.00529754 0.0101931 -0.0931326 0.0398073 0.00444925 -0.102437 0.044209 -0.0146242 0.0953668
internal_weight=0 2321 1135 1186 821 222 365 402 733 685 370 768 602 308 691 288 149
internal_count=2543 2321 1135 1186 821 222 365 402 733 685 370 768 602 308 691 288 149
is_linear=0
shrinkage=0.05


Tree=7
num_leaves=18
num_cat=0
split_feature=24 2 9 9 13 3 19 18 18 13 21 14 21 25 21 23 2
split_gain=382.863 333.625 765.568 357.144 231.696 140.761 118.21 108.746 90.503 59.1724 57.4426 48.2055 47.6364 40.7012 28.1967 18.2015 1.94578
threshold=1.0000000180025095e-35 1.0000000180025095e-35 1.0000000180025095e-35 1.0000000180025095e-35 1.0000000180025095e-35 1.0000000180025095e-35 1.0000000180025095e-35 1.0000000180025095e-35 1.0000000180025095e-35 1.0000000180025095e-35 1.0000000180025095e-35 1.0000000180025095e-35 1.0000000180025095e-35 1.0000000180025095e-35 1.0000000180025095e-35 1.0000000180025095e-35 1.0000000180025095e-35
decision_type=2 2 2 2 2 2 2 2 2 2 2 2 2 2 2 2 2
left_child=1 3 8 6 11 16 15 10 9 12 13 14 -3 -4 -5 -1 -2
right_child=5 2 7 4 -6 -7 -8 -9 -10 -11 -12 -13 -14 -15 -16 -17 -18
leaf_value=-0.0038657739385764053 0.096123613881600373 -0.0048500203569145769 -0.10853663292700935 0.037966061690101485 -0.070272311116656605 0.0058497847708528991 -0.083636286138714142 0.0075996626168489461 -0.061337711103260521 0.049260498700012645 -0.044565707162332879 0.00029097840117363192 0.026021394184869481 -0.067874800881699601 0.067296805295505024 -0.029650054845010994 0.084689620965056944
leaf_weight=176 77 425 223 596 53 73 77 32 48 83 62 77 177 85 95 112 72
leaf_count=176 77 425 223 596 53 73 77 32 48 83 62 77 177 85 95 112 72
internal_value=0 -0.00600009 -0.0253779 0.0125445 0.0308391 0.0627307 -0.028606 -0.0808281 0.00503266 0.00968343 -0.0884759 0.0378169 0.00422679 -0.097315 0.0419985 -0.013893 0.0905985
internal_weight=0 2321 1135 1186 821 222 365 402 733 685 370 768 602 308 691 288 149
internal_count=2543 2321 1135 1186 821 222 365 402 733 685 370 768 602 308 691 288 149
is_linear=0
shrinkage=0.05


Tree=8
num_leaves=18
num_cat=0
split_feature=24 2 9 9 13 3 19 18 18 13 21 14 21 25 21 23 2
split_gain=345.534 301.096 690.925 322.323 209.106 127.037 106.685 98.143 81.679 53.4031 51.842 43.5055 42.9918 36.7328 25.4475 16.4269 1.75606
threshold=1.0000000180025095e-35 1.0000000180025095e-35 1.0000000180025095e-35 1.0000000180025095e-35 1.0000000180025095e-35 1.0000000180025095e-35 1.0000000180025095e-35 1.0000000180025095e-35 1.0000000180025095e-35 1.0000000180025095e-35 1.0000000180025095e-35 1.0000000180025095e-35 1.0000000180025095e-35 1.0000000180025095e-35 1.0000000180025095e-35 1.0000000180025095e-35 1.0000000180025095e-35
decision_type=2 2 2 2 2 2 2 2 2 2 2 2 2 2 2 2 2
left_child=1 3 8 6 11 16 15 10 9 12 13 14 -3 -4 -5 -1 -2
right_child=5 2 7 4 -6 -7 -8 -9 -10 -11 -12 -13 -14 -15 -16 -17 -18
leaf_value=-0.003672484334939244 0.091317436099052435 -0.004607516549034592 -0.10310979929873763 0.036067759346188791 -0.066758695863327888 0.0055572953687547007 -0.079454471906284241 0.00721967862918973 -0.058270825756092874 0.046797476125409805 -0.042337422418378054 0.00027642972985064831 0.024720323346765702 -0.064481059543733663 0.063931967050425323 -0.028167551755905153 0.080455140003727554
leaf_weight=176 77 425 223 596 53 73 77 32 48 83 62 77 177 85 95 112 72
leaf_count=176 77 425 223 596 53 73 77 32 48 83 62 77 177 85 95 112 72
internal_value=0 -0.00570008 -0.0241091 0.0119173 0.0292972 0.0595941 -0.0271757 -0.0767867 0.00478103 0.00919926 -0.0840521 0.0359261 0.00401545 -0.0924493 0.0398986 -0.0131983 0.0860685
internal_weight=0 2321 1135 1186 821 222 365 402 733 685 370 768 602 308 691 288 149
internal_count=2543 2321 1135 1186 821 222 365 402 733 685 370 768 602 308 691 288 149
is_linear=0
shrinkage=0.05


Tree=9
num_leaves=10
num_cat=0
split_feature=5 23 25 9 22 20 24 2 9
split_gain=312.387 232.834 133.84 117.95 103.697 107.139 114.869 34.9793 18.5684
threshold=1.0000000180025095e-35 1.0000000180025095e-35 1.0000000180025095e-35 1.0000000180025095e-35 1.0000000180025095e-35 1.0000000180025095e-35 1.0000000180025095e-35 1.0000000180025095e-35 1.0000000180025095e-35
decision_type=2 2 2 2 2 2 2 2 2
left_child=1 2 4 -3 5 6 -1 -7 -2
right_child=8 3 -4 -5 -6 7 -8 -9 -10
leaf_value=-0.0056723233099715536 0.086751565317828946 -0.029027285836708112 -0.061257005824762234 -0.11099518770210898 0.057859309592352408 0.064971405645923283 0.040610552329955432 -0.0048034826131618542 0.051797083231310048
leaf_weight=1777 77 131 85 66 82 82 145 23 75
leaf_count=1777 77 131 85 66 82 82 145 23 75
internal_value=0 -0.00441851 0.000256885 -0.0564886 0.00273611 0.00050616 -0.00218064 0.0496874 0.0695043
internal_weight=0 2391 2194 197 2109 2027 1922 105 152
internal_count=2543 2391 2194 197 2109 2027 1922 105 152
is_linear=0
shrinkage=0.05


Tree=10
num_leaves=10
num_cat=0
split_feature=5 23 25 9 14 2 22 20 9
split_gain=281.93 210.133 120.79 106.45 100.803 114.665 82.8008 84.5182 16.758
threshold=1.0000000180025095e-35 1.0000000180025095e-35 1.0000000180025095e-35 1.0000000180025095e-35 1.0000000180025095e-35 1.0000000180025095e-35 1.0000000180025095e-35 1.0000000180025095e-35 1.0000000180025095e-35
decision_type=2 2 2 2 2 2 2 2 2
left_child=1 2 4 -3 6 -6 7 -1 -2
right_child=8 3 -4 -5 5 -7 -8 -9 -10
leaf_value=0.0010222090943875577 0.082413983175700367 -0.027575922905972213 -0.058194156789823495 -0.10544543243718869 0.0067567450084151277 -0.076354655713202005 0.054966341981255433 0.047203013692938146 0.049207229872544611
leaf_weight=1756 77 131 85 66 83 83 82 105 75
leaf_count=1756 77 131 85 66 83 83 82 105 75
internal_value=0 -0.00419758 0.000244041 -0.0536642 0.0025993 -0.034799 0.00579442 0.00362779 0.0660291
internal_weight=0 2391 2194 197 2109 166 1943 1861 152
internal_count=2543 2391 2194 197 2109 166 1943 1861 152
is_linear=0
shrinkage=0.05


Tree=11
num_leaves=18
num_cat=0
split_feature=24 2 9 9 13 3 19 18 18 13 15 21 23 14 21 23 2
split_gain=266.341 237.286 564.552 266.384 182.037 104.984 98.939 80.4433 73.6993 48.215 38.9885 38.8313 36.0598 35.9614 26.9574 11.4277 0.231339
threshold=1.0000000180025095e-35 1.0000000180025095e-35 1.0000000180025095e-35 1.0000000180025095e-35 1.0000000180025095e-35 1.0000000180025095e-35 1.0000000180025095e-35 1.0000000180025095e-35 1.0000000180025095e-35 1.0000000180025095e-35 1.0000000180025095e-35 1.0000000180025095e-35 1.0000000180025095e-35 1.0000000180025095e-35 1.0000000180025095e-35 1.0000000180025095e-35 1.0000000180025095e-35
decision_type=2 2 2 2 2 2 2 2 2 2 2 2 2 2 2 2 2
left_child=1 3 8 6 13 16 15 10 9 11 12 -3 -4 14 -5 -1 -2
right_child=5 2 7 4 -6 -7 -8 -9 -10 -11 -12 -13 -14 -15 -16 -17 -18
leaf_value=-0.00349845164032145 0.07829328724364569 -0.004155817723997376 -0.058286651716655896 0.03228891147152152 -0.063188255504476584 0.0031977940095614084 -0.075249238815400521 0.0070911992341279985 -0.055124781715373196 0.04469010881989835 -0.10856173369619582 0.023716811514801563 -0.10017315623435108 0.00020838665183294902 0.060967871987653015 -0.023929016504968918 0.074350750542038851
leaf_weight=176 77 425 232 596 53 73 77 32 48 83 72 177 66 77 95 112 72
leaf_count=176 77 425 232 596 53 73 77 32 48 83 72 177 66 77 95 112 72
internal_value=0 -0.00500443 -0.0213467 0.0106351 0.0264351 0.0523211 -0.024904 -0.0689638 0.004768 0.00896486 -0.0755416 0.00403929 -0.0675635 0.03262 0.0362317 -0.0114437 0.0763882
internal_weight=0 2321 1135 1186 821 222 365 402 733 685 370 602 298 768 691 288 149
internal_count=2543 2321 1135 1186 821 222 365 402 733 685 370 602 298 768 691 288 149
is_linear=0
shrinkage=0.05


Tree=12
num_leaves=18
num_cat=0
split_feature=24 2 9 9 13 3 19 18 18 13 21 21 25 14 21 23 2
split_gain=240.372 214.15 509.508 240.411 164.289 94.7483 89.2925 72.6001 66.5137 43.5141 35.8534 35.0452 32.6734 32.4551 24.3291 10.3135 0.208783
threshold=1.0000000180025095e-35 1.0000000180025095e-35 1.0000000180025095e-35 1.0000000180025095e-35 1.0000000180025095e-35 1.0000000180025095e-35 1.0000000180025095e-35 1.0000000180025095e-35 1.0000000180025095e-35 1.0000000180025095e-35 1.0000000180025095e-35 1.0000000180025095e-35 1.0000000180025095e-35 1.0000000180025095e-35 1.0000000180025095e-35 1.0000000180025095e-35 1.0000000180025095e-35
decision_type=2 2 2 2 2 2 2 2 2 2 2 2 2 2 2 2 2
left_child=1 3 8 6 13 16 15 10 9 11 12 -3 -4 14 -5 -1 -2
right_child=5 2 7 4 -6 -7 -8 -9 -10 -11 -12 -13 -14 -15 -16 -17 -18
leaf_value=-0.0033235264709053978 0.074378621153678603 -0.0039480252089115851 -0.088801917672625047 0.030674465659433204 -0.060028842913935766 0.0030379026719968612 -0.071486778387969185 0.0067366397008299835 -0.052368543669581415 0.042455602684114357 -0.037073712351341402 0.022530972967608334 -0.052370115658816177 0.00019796704631540684 0.05791948021634629 -0.022732562310661057 0.070633210712629887
leaf_weight=176 77 425 223 596 53 73 77 32 48 83 62 177 85 77 95 112 72
leaf_count=176 77 425 223 596 53 73 77 32 48 83 62 177 85 77 95 112 72
internal_value=0 -0.00475421 -0.0202794 0.0101034 0.0251133 0.049705 -0.0236588 -0.0655156 0.0045296 0.00851662 -0.0717645 0.00383733 -0.0787477 0.030989 0.0344202 -0.0108715 0.0725688
internal_weight=0 2321 1135 1186 821 222 365 402 733 685 370 602 308 768 691 288 149
internal_count=2543 2321 1135 1186 821 222 365 402 733 685 370 602 308 768 691 288 149
is_linear=0
shrinkage=0.05


Tree=13
num_leaves=18
num_cat=0
split_feature=24 2 9 9 13 3 19 18 18 13 15 21 23 14 21 23 2
split_gain=216.936 193.271 459.831 216.971 148.27 85.5103 80.5864 65.5216 60.0286 39.2715 33.302 31.6283 30.3597 29.2907 21.957 9.30793 0.188427
threshold=1.0000000180025095e-35 1.0000000180025095e-35 1.0000000180025095e-35 1.0000000180025095e-35 1.0000000180025095e-35 1.0000000180025095e-35 1.0000000180025095e-35 1.0000000180025095e-35 1.0000000180025095e-35 1.0000000180025095e-35 1.0000000180025095e-35 1.0000000180025095e-35 1.0000000180025095e-35 1.0000000180025095e-35 1.0000000180025095e-35 1.0000000180025095e-35 1.0000000180025095e-35
decision_type=2 2 2 2 2 2 2 2 2 2 2 2 2 2 2 2 2
left_child=1 3 8 6 13 16 15 10 9 11 12 -3 -4 14 -5 -1 -2
right_child=5 2 7 4 -6 -7 -8 -9 -10 -11 -12 -13 -14 -15 -16 -17 -18
leaf_value=-0.003157351175667083 0.070659692723352416 -0.0037506254310171838 -0.052290812305752832 0.029140742607852255 -0.057027401346361861 0.002886006356000084 -0.067912440484558995 0.006399809196591378 -0.049750112618009254 0.040332819802191458 -0.098693550626436866 0.021404422550214887 -0.090724407362215445 0.00018806957772799903 0.055023505311263238 -0.021595935280492997 0.067101551422901043
leaf_weight=176 77 425 232 596 53 73 77 32 48 83 72 177 66 77 95 112 72
leaf_count=176 77 425 232 596 53 73 77 32 48 83 72 177 66 77 95 112 72
internal_value=0 -0.0045165 -0.0192654 0.00959819 0.0238577 0.0472198 -0.0224759 -0.0622399 0.00430312 0.00809079 -0.0681763 0.00364546 -0.060803 0.0294396 0.0326992 -0.0103279 0.0689403
internal_weight=0 2321 1135 1186 821 222 365 402 733 685 370 602 298 768 691 288 149
internal_count=2543 2321 1135 1186 821 222 365 402 733 685 370 602 298 768 691 288 149
is_linear=0
shrinkage=0.05


Tree=14
num_leaves=18
num_cat=0
split_feature=24 2 9 9 13 3 19 18 18 13 21 21 25 14 21 23 2
split_gain=195.785 174.427 414.998 195.817 133.814 77.1731 72.7293 59.1333 54.1758 35.4425 30.8168 28.5446 27.2849 26.4349 19.8162 8.40041 0.170056
threshold=1.0000000180025095e-35 1.0000000180025095e-35 1.0000000180025095e-35 1.0000000180025095e-35 1.0000000180025095e-35 1.0000000180025095e-35 1.0000000180025095e-35 1.0000000180025095e-35 1.0000000180025095e-35 1.0000000180025095e-35 1.0000000180025095e-35 1.0000000180025095e-35 1.0000000180025095e-35 1.0000000180025095e-35 1.0000000180025095e-35 1.0000000180025095e-35 1.0000000180025095e-35
decision_type=2 2 2 2 2 2 2 2 2 2 2 2 2 2 2 2 2
left_child=1 3 8 6 13 16 15 10 9 11 12 -3 -4 14 -5 -1 -2
right_child=5 2 7 4 -6 -7 -8 -9 -10 -11 -12 -13 -14 -15 -16 -17 -18
leaf_value=-0.0029994833220949989 0.067126706223209195 -0.0035630947602638867 -0.080429431077796598 0.027683705895718804 -0.05417603153608002 0.0027417076470917217 -0.064516820529983795 0.0060798160731792457 -0.047262607825299105 0.038316179659352245 -0.032605486095792828 0.020334204178060783 -0.04713706970214844 0.00017866607537710824 0.052272328930465795 -0.02051613777543285 0.063746470458702076
leaf_weight=176 77 425 223 596 53 73 77 32 48 83 62 177 85 77 95 112 72
leaf_count=176 77 425 223 596 53 73 77 32 48 83 62 177 85 77 95 112 72
internal_value=0 -0.00429067 -0.0183021 0.00911828 0.0226648 0.0448588 -0.0213521 -0.0591279 0.00408796 0.00768625 -0.0647674 0.00346319 -0.0712416 0.0279676 0.0310642 -0.00981152 0.0654933
internal_weight=0 2321 1135 1186 821 222 365 402 733 685 370 602 308 768 691 288 149
internal_count=2543 2321 1135 1186 821 222 365 402 733 685 370 602 308 768 691 288 149
is_linear=0
shrinkage=0.05


Tree=15
num_leaves=11
num_cat=0
split_feature=5 23 20 22 21 24 9 2 2 9
split_gain=177.659 130.74 72.7306 78.9812 80.7523 100.078 62.9389 51.1884 25.945 8.04842
threshold=1.0000000180025095e-35 1.0000000180025095e-35 1.0000000180025095e-35 1.0000000180025095e-35 1.0000000180025095e-35 1.0000000180025095e-35 1.0000000180025095e-35 1.0000000180025095e-35 1.0000000180025095e-35 1.0000000180025095e-35
decision_type=2 2 2 2 2 2 2 2 2 2
left_child=1 2 3 4 5 -1 -3 -6 -4 -2
right_child=9 6 8 -5 7 -7 -8 -9 -10 -11
leaf_value=-0.01208318482248048 0.063770369583039319 -0.022290413770362564 0.053939980204875886 0.046228634584240799 0.04965871283490407 0.031382041672437355 -0.082166711997353675 0.0062708500110267608 -0.0061525780059721166 0.040757474579227466
leaf_weight=1528 77 131 82 82 95 145 66 239 23 75
leaf_count=1528 77 131 82 82 95 145 66 239 23 75
internal_value=0 -0.00333213 0.000171339 -0.00186963 -0.00383478 -0.00831603 -0.0423505 0.0186117 0.0407768 0.0524153
internal_weight=0 2391 2194 2089 2007 1673 197 334 105 152
internal_count=2543 2391 2194 2089 2007 1673 197 334 105 152
is_linear=0
shrinkage=0.05


Tree=16
num_leaves=10
num_cat=0
split_feature=5 23 25 22 20 24 9 2 9
split_gain=160.337 117.993 69.5356 60.1065 65.6077 62.894 56.8023 23.4154 7.2637
threshold=1.0000000180025095e-35 1.0000000180025095e-35 1.0000000180025095e-35 1.0000000180025095e-35 1.0000000180025095e-35 1.0000000180025095e-35 1.0000000180025095e-35 1.0000000180025095e-35 1.0000000180025095e-35
decision_type=2 2 2 2 2 2 2 2 2
left_child=1 2 3 4 5 -1 -3 -6 -2
right_child=8 6 -4 -5 7 -7 -8 -9 -10
leaf_value=-0.0044341526935980265 0.060581850991947218 -0.021175893967729491 -0.044176055783789386 0.043917202339053336 0.051242980697169538 0.029812940479866393 -0.078058376659949635 -0.0058449488943037786 0.038719602475563691
leaf_weight=1777 77 131 85 82 82 145 66 23 75
leaf_count=1777 77 131 85 82 82 145 66 23 75
internal_value=0 -0.00316553 0.000162773 0.00194978 0.000252036 -0.00185048 -0.040233 0.038738 0.0497946
internal_weight=0 2391 2194 2109 2027 1922 197 105 152
internal_count=2543 2391 2194 2109 2027 1922 197 105 152
is_linear=0
shrinkage=0.05


Tree=17
num_leaves=10
num_cat=0
split_feature=5 23 25 22 20 21 9 2 9
split_gain=144.704 106.488 62.7559 54.2461 59.2109 62.5045 51.2641 21.1324 6.55549
threshold=1.0000000180025095e-35 1.0000000180025095e-35 1.0000000180025095e-35 1.0000000180025095e-35 1.0000000180025095e-35 1.0000000180025095e-35 1.0000000180025095e-35 1.0000000180025095e-35 1.0000000180025095e-35
decision_type=2 2 2 2 2 2 2 2 2
left_child=1 2 3 4 5 -1 -3 -6 -2
right_child=8 6 -4 -5 7 -7 -8 -9 -10
leaf_value=-0.0058931538771122968 0.057552759973453244 -0.020117097876909129 -0.041967253965490003 0.041721343177529735 0.048680831210278885 0.017902830878027274 -0.074155460151307515 -0.0055527031745599663 0.036783620993296309
leaf_weight=1588 77 131 85 82 82 334 66 23 75
leaf_count=1588 77 131 85 82 82 334 66 23 75
internal_value=0 -0.00300725 0.000154634 0.00185229 0.000239434 -0.00175795 -0.0382213 0.0368011 0.0473048
internal_weight=0 2391 2194 2109 2027 1922 197 105 152
internal_count=2543 2391 2194 2109 2027 1922 197 105 152
is_linear=0
shrinkage=0.05


Tree=18
num_leaves=18
num_cat=0
split_feature=24 2 9 9 13 19 3 18 18 15 13 19 21 14 23 23 2
split_gain=137.954 131.784 341.857 150.973 111.986 67.1277 62.2145 49.617 47.9696 33.519 33.0858 25.8771 20.4255 14.5382 13.3543 5.54508 0.14478
threshold=1.0000000180025095e-35 1.0000000180025095e-35 1.0000000180025095e-35 1.0000000180025095e-35 1.0000000180025095e-35 1.0000000180025095e-35 1.0000000180025095e-35 1.0000000180025095e-35 1.0000000180025095e-35 1.0000000180025095e-35 1.0000000180025095e-35 1.0000000180025095e-35 1.0000000180025095e-35 1.0000000180025095e-35 1.0000000180025095e-35 1.0000000180025095e-35 1.0000000180025095e-35
decision_type=2 2 2 2 2 2 2 2 2 2 2 2 2 2 2 2 2
left_child=1 3 8 5 12 15 16 9 10 14 11 -3 13 -5 -4 -1 -2
right_child=6 2 7 4 -6 -7 -8 -9 -10 -11 -12 -13 -14 -15 -16 -17 -18
leaf_value=-0.0020795307799496435 0.054675120482971143 -0.0025498744796688131 -0.044957524299689827 0.024377118662408329 -0.050346703946871574 -0.060170452780537786 -0.00016047123501440895 0.0068963516503572466 -0.043778954368705554 -0.088616880308836701 0.037520897882171424 0.020646966266703894 0.046502342937808291 0.0012902571000279739 -0.070447685349393982 -0.016311162183618371 0.057794056623242801
leaf_weight=176 77 436 232 596 53 77 73 32 48 72 83 166 95 77 66 112 72
leaf_count=176 77 436 232 596 53 77 73 32 48 72 83 166 95 77 66 112 72
internal_value=0 -0.00360166 -0.0157806 0.00805353 0.0199482 -0.0187013 0.0376551 -0.0528344 0.00454092 -0.0580003 0.00792684 0.0038466 0.0247993 0.0217357 -0.050603 -0.00761405 0.0561823
internal_weight=0 2321 1135 1186 821 365 222 402 733 370 685 602 768 673 298 288 149
internal_count=2543 2321 1135 1186 821 365 222 402 733 370 685 602 768 673 298 288 149
is_linear=0
shrinkage=0.05


Tree=19
num_leaves=18
num_cat=0
split_feature=24 2 9 9 13 19 3 18 18 15 13 15 21 14 23 23 2
split_gain=124.503 118.935 308.526 136.253 101.068 60.5827 56.1486 44.7793 43.2926 30.2509 29.8599 24.4636 18.434 13.1208 12.0522 5.00443 0.130664
threshold=1.0000000180025095e-35 1.0000000180025095e-35 1.0000000180025095e-35 1.0000000180025095e-35 1.0000000180025095e-35 1.0000000180025095e-35 1.0000000180025095e-35 1.0000000180025095e-35 1.0000000180025095e-35 1.0000000180025095e-35 1.0000000180025095e-35 1.0000000180025095e-35 1.0000000180025095e-35 1.0000000180025095e-35 1.0000000180025095e-35 1.0000000180025095e-35 1.0000000180025095e-35
decision_type=2 2 2 2 2 2 2 2 2 2 2 2 2 2 2 2 2
left_child=1 3 8 5 12 15 16 9 10 14 11 -3 13 -5 -4 -1 -2
right_child=6 2 7 4 -6 -7 -8 -9 -10 -11 -12 -13 -14 -15 -16 -17 -18
leaf_value=-0.0019755539063143345 0.05194136492617718 -0.0022037092345870203 -0.042709648088869255 0.023158263082875039 -0.047829369525864446 -0.057161931323443917 -0.00015244302985717683 0.0065515344031155109 -0.041590007076350355 -0.084186034313299588 0.035644853545958741 0.020996957938922079 0.044177225694254862 0.0012257444028222523 -0.066925301171387688 -0.015495603880845012 0.054904355504550043
leaf_weight=176 77 450 232 596 53 77 73 32 48 72 83 152 95 77 66 112 72
leaf_count=176 77 450 232 596 53 77 73 32 48 72 83 152 95 77 66 112 72
internal_value=0 -0.00342157 -0.0149915 0.00765085 0.0189508 -0.0177662 0.0357724 -0.0501927 0.00431388 -0.0551003 0.0075305 0.00365427 0.0235593 0.0206489 -0.0480728 -0.00723335 0.0533731
internal_weight=0 2321 1135 1186 821 365 222 402 733 370 685 602 768 673 298 288 149
internal_count=2543 2321 1135 1186 821 365 222 402 733 370 685 602 768 673 298 288 149
is_linear=0
shrinkage=0.05


Tree=20
num_leaves=18
num_cat=0
split_feature=24 2 9 9 13 19 3 18 18 15 13 19 21 20 23 23 2
split_gain=112.364 107.339 278.445 122.968 91.2136 54.6759 50.6741 40.4133 39.0716 27.3015 26.9486 24.2191 16.6367 12.3649 10.8772 4.5165 0.117925
threshold=1.0000000180025095e-35 1.0000000180025095e-35 1.0000000180025095e-35 1.0000000180025095e-35 1.0000000180025095e-35 1.0000000180025095e-35 1.0000000180025095e-35 1.0000000180025095e-35 1.0000000180025095e-35 1.0000000180025095e-35 1.0000000180025095e-35 1.0000000180025095e-35 1.0000000180025095e-35 1.0000000180025095e-35 1.0000000180025095e-35 1.0000000180025095e-35 1.0000000180025095e-35
decision_type=2 2 2 2 2 2 2 2 2 2 2 2 2 2 2 2 2
left_child=1 3 8 5 12 15 16 9 10 14 11 -3 13 -5 -4 -1 -2
right_child=6 2 7 4 -6 -7 -8 -9 -10 -11 -12 -13 -14 -15 -16 -17 -18
leaf_value=-0.0018767761802089148 0.04934429591884474 -0.0027166104376734738 -0.040574165069546295 0.017216308293731754 -0.045437900609565235 -0.054303832090907278 -0.00014482334890874896 0.0062239591032266619 -0.039510507791904577 -0.079976733548877146 0.03386260742231844 0.019724800805729557 0.041968365594389316 0.038753591101306183 -0.063579036727208979 -0.014720824480588949 0.052159136259514433
leaf_weight=176 77 436 232 598 53 77 73 32 48 72 83 166 95 75 66 112 72
leaf_count=176 77 436 232 598 53 77 73 32 48 72 83 166 95 75 66 112 72
internal_value=0 -0.00325049 -0.014242 0.00726831 0.0180032 -0.0168779 0.0339838 -0.047683 0.00409818 -0.0523453 0.00715397 0.00347155 0.0223813 0.0196165 -0.0456692 -0.00687168 0.0507045
internal_weight=0 2321 1135 1186 821 365 222 402 733 370 685 602 768 673 298 288 149
internal_count=2543 2321 1135 1186 821 365 222 402 733 370 685 602 768 673 298 288 149
is_linear=0
shrinkage=0.05


Tree=21
num_leaves=18
num_cat=0
split_feature=24 2 9 9 13 19 3 18 18 15 13 21 14 21 21 23 2
split_gain=101.409 96.8733 251.296 110.979 82.3203 49.345 45.7334 36.473 35.2621 24.6396 24.3211 23.8025 15.0369 11.6656 9.96168 4.07614 0.106427
threshold=1.0000000180025095e-35 1.0000000180025095e-35 1.0000000180025095e-35 1.0000000180025095e-35 1.0000000180025095e-35 1.0000000180025095e-35 1.0000000180025095e-35 1.0000000180025095e-35 1.0000000180025095e-35 1.0000000180025095e-35 1.0000000180025095e-35 1.0000000180025095e-35 1.0000000180025095e-35 1.0000000180025095e-35 1.0000000180025095e-35 1.0000000180025095e-35 1.0000000180025095e-35
decision_type=2 2 2 2 2 2 2 2 2 2 2 2 2 2 2 2 2
left_child=1 3 8 5 12 15 16 9 10 14 11 -3 13 -5 -4 -1 -2
right_child=6 2 7 4 -6 -7 -8 -9 -10 -11 -12 -13 -14 -15 -16 -17 -18
leaf_value=-0.0017829380550458817 0.046877084577504502 -0.0031181931727949311 -0.04807137312620121 0.02100402254395246 -0.043166006102121242 -0.051588644334054613 -0.0001375832530344543 0.0059127599466592077 -0.037534977955510841 -0.075977897338776135 0.032169477478320517 0.018704024413968883 0.00030364164864862125 0.039869948013832701 -0.025550120600288911 -0.013984781498688141 0.049551179187579286
leaf_weight=176 77 425 236 596 53 77 73 32 48 72 83 177 77 95 62 112 72
leaf_count=176 77 425 236 596 53 77 73 32 48 72 83 177 77 95 62 112 72
internal_value=0 -0.00308797 -0.0135299 0.0069049 0.0171031 -0.016034 0.0322846 -0.0452989 0.00389327 -0.049728 0.00679627 0.00329797 0.0212623 0.0235977 -0.0433857 -0.0065281 0.0481693
internal_weight=0 2321 1135 1186 821 365 222 402 733 370 685 602 768 691 298 288 149
internal_count=2543 2321 1135 1186 821 365 222 402 733 370 685 602 768 691 298 288 149
is_linear=0
shrinkage=0.05


Tree=22
num_leaves=12
num_cat=0
split_feature=5 23 20 21 22 24 9 2 9 2 9
split_gain=91.8408 67.1909 42.8158 46.6864 55.2133 57.0891 30.3059 26.1544 32.4625 15.2815 2.92639
threshold=1.0000000180025095e-35 1.0000000180025095e-35 1.0000000180025095e-35 1.0000000180025095e-35 1.0000000180025095e-35 1.0000000180025095e-35 1.0000000180025095e-35 1.0000000180025095e-35 1.0000000180025095e-35 1.0000000180025095e-35 1.0000000180025095e-35
decision_type=2 2 2 2 2 2 2 2 2 2 2
left_child=1 2 3 4 5 -1 -3 -5 -9 -4 -2
right_child=10 6 9 7 -6 -7 -8 8 -10 -11 -12
leaf_value=-0.0095196507182715856 0.044533228412173789 -0.016447670806114003 0.041373027461331063 0.037876448723928709 0.035347489358448406 0.02330868460787942 -0.057996514601858729 0.017768824369104652 -0.024272614537227538 -0.0047456477242319483 0.030656655738751093
leaf_weight=1528 77 131 82 95 82 145 66 177 62 23 75
leaf_count=1528 77 131 82 95 82 145 66 177 62 23 75
internal_value=0 -0.00239578 0.000115819 -0.00145013 -0.00471098 -0.0066744 -0.0303676 0.015684 0.00686268 0.0312708 0.0376862
internal_weight=0 2391 2194 2089 1755 1673 197 334 239 105 152
internal_count=2543 2391 2194 2089 1755 1673 197 334 239 105 152
is_linear=0
shrinkage=0.05


Tree=23
num_leaves=12
num_cat=0
split_feature=5 23 20 21 22 24 2 2 9 2 9
split_gain=82.8864 60.6398 38.6412 42.1344 49.83 51.5229 27.8788 23.6043 29.2974 13.7916 2.64107
threshold=1.0000000180025095e-35 1.0000000180025095e-35 1.0000000180025095e-35 1.0000000180025095e-35 1.0000000180025095e-35 1.0000000180025095e-35 1.0000000180025095e-35 1.0000000180025095e-35 1.0000000180025095e-35 1.0000000180025095e-35 1.0000000180025095e-35
decision_type=2 2 2 2 2 2 2 2 2 2 2
left_child=1 2 3 4 5 -1 -3 -5 -9 -4 -2
right_child=10 6 9 7 -6 -7 -8 8 -10 -11 -12
leaf_value=-0.0090436689959098749 0.042306566141642535 -0.012463158434755836 0.039304375375916321 0.035982628364704158 0.033580115749841426 0.022143251678810039 -0.050440236265387607 0.016880382283256615 -0.023058983587449598 -0.0045083675614517671 0.029123821792347977
leaf_weight=1528 77 112 82 95 82 145 85 177 62 23 75
leaf_count=1528 77 112 82 95 82 145 85 177 62 23 75
internal_value=0 -0.00227599 0.000110028 -0.00137763 -0.00447543 -0.00634068 -0.0288492 0.0148998 0.00651954 0.0297073 0.0358019
internal_weight=0 2391 2194 2089 1755 1673 197 334 239 105 152
internal_count=2543 2391 2194 2089 1755 1673 197 334 239 105 152
is_linear=0
shrinkage=0.05


Tree=24
num_leaves=12
num_cat=0
split_feature=5 23 20 21 22 24 2 2 9 2 9
split_gain=74.8049 54.7274 34.8737 38.0263 44.9716 46.4994 25.1606 21.3029 26.4409 12.4469 2.38357
threshold=1.0000000180025095e-35 1.0000000180025095e-35 1.0000000180025095e-35 1.0000000180025095e-35 1.0000000180025095e-35 1.0000000180025095e-35 1.0000000180025095e-35 1.0000000180025095e-35 1.0000000180025095e-35 1.0000000180025095e-35 1.0000000180025095e-35
decision_type=2 2 2 2 2 2 2 2 2 2 2
left_child=1 2 3 4 5 -1 -3 -5 -9 -4 -2
right_child=10 6 9 7 -6 -7 -8 8 -10 -11 -12
leaf_value=-0.0085914854769544979 0.040191238748466043 -0.011840002754304026 0.037339155738264684 0.034183496825004878 0.031901108976751684 0.021036087306665965 -0.047918226683841034 0.016036364760336673 -0.021906034720520821 -0.0042829470870935403 0.027667631596326833
leaf_weight=1528 77 112 82 95 82 145 85 177 62 23 75
leaf_count=1528 77 112 82 95 82 145 85 177 62 23 75
internal_value=0 -0.00216219 0.000104527 -0.00130875 -0.00425166 -0.00602364 -0.0274067 0.0141548 0.00619357 0.0282219 0.0340118
internal_weight=0 2391 2194 2089 1755 1673 197 334 239 105 152
internal_count=2543 2391 2194 2089 1755 1673 197 334 239 105 152
is_linear=0
shrinkage=0.05


Tree=25
num_leaves=12
num_cat=0
split_feature=5 23 20 21 22 24 9 2 9 2 9
split_gain=67.5115 49.3915 31.4735 34.3188 40.5869 41.9657 23.1397 19.2259 23.8629 11.2333 2.15117
threshold=1.0000000180025095e-35 1.0000000180025095e-35 1.0000000180025095e-35 1.0000000180025095e-35 1.0000000180025095e-35 1.0000000180025095e-35 1.0000000180025095e-35 1.0000000180025095e-35 1.0000000180025095e-35 1.0000000180025095e-35 1.0000000180025095e-35
decision_type=2 2 2 2 2 2 2 2 2 2 2
left_child=1 2 3 4 5 -1 -3 -5 -9 -4 -2
right_child=10 6 9 7 -6 -7 -8 8 -10 -11 -12
leaf_value=-0.0081619115799975699 0.038181675293228849 -0.013873084962993632 0.035472198352558403 0.032474321722984312 0.030306053352428648 0.019984282936884798 -0.050178767791525886 0.015234545084930981 -0.020810732774196136 -0.0040687995274429735 0.026284249919777115
leaf_weight=1528 77 131 82 95 82 145 66 177 62 23 75
leaf_count=1528 77 131 82 95 82 145 66 177 62 23 75
internal_value=0 -0.00205408 9.92999e-05 -0.00124331 -0.00403908 -0.00572246 -0.0260364 0.013447 0.00588389 0.0268108 0.0323112
internal_weight=0 2391 2194 2089 1755 1673 197 334 239 105 152
internal_count=2543 2391 2194 2089 1755 1673 197 334 239 105 152
is_linear=0
shrinkage=0.05


Tree=26
num_leaves=10
num_cat=0
split_feature=5 23 25 14 2 22 20 9 9
split_gain=60.9291 44.5758 30.5348 30.269 50.6896 22.7268 24.7407 20.8836 1.94143
threshold=1.0000000180025095e-35 1.0000000180025095e-35 1.0000000180025095e-35 1.0000000180025095e-35 1.0000000180025095e-35 1.0000000180025095e-35 1.0000000180025095e-35 1.0000000180025095e-35 1.0000000180025095e-35
decision_type=2 2 2 2 2 2 2 2 2
left_child=1 2 3 5 -5 6 -1 -3 -2
right_child=8 7 -4 4 -6 -7 -8 -9 -10
leaf_value=0.00048453441254475314 0.03627259218793169 -0.013179430257678315 -0.029287420309915702 0.0084148254913154509 -0.046844485144590942 0.028790751569790815 0.025470294980775743 -0.047669829474762088 0.024970037842790286
leaf_weight=1756 77 131 85 83 83 82 105 66 75
leaf_count=1756 77 131 85 83 83 82 105 66 75
internal_value=0 -0.00195138 9.43357e-05 0.00127852 -0.0192148 0.00302937 0.00189426 -0.0247346 0.0306957
internal_weight=0 2391 2194 2109 166 1943 1861 197 152
internal_count=2543 2391 2194 2109 166 1943 1861 197 152
is_linear=0
shrinkage=0.05


Tree=27
num_leaves=18
num_cat=0
split_feature=24 2 9 9 13 19 15 3 18 13 15 18 14 21 15 23 2
split_gain=57.6227 63.5182 188.066 75.8201 64.7688 45.3134 36.3113 36.1229 29.9905 24.2493 27.8578 21.1256 9.03829 7.619 7.53469 2.4732 1.01712
threshold=1.0000000180025095e-35 1.0000000180025095e-35 1.0000000180025095e-35 1.0000000180025095e-35 1.0000000180025095e-35 1.0000000180025095e-35 1.0000000180025095e-35 1.0000000180025095e-35 1.0000000180025095e-35 1.0000000180025095e-35 1.0000000180025095e-35 1.0000000180025095e-35 1.0000000180025095e-35 1.0000000180025095e-35 1.0000000180025095e-35 1.0000000180025095e-35 1.0000000180025095e-35
decision_type=2 2 2 2 2 2 2 2 2 2 2 2 2 2 2 2 2
left_child=1 3 8 5 12 15 11 16 9 10 -3 13 14 -4 -5 -1 -2
right_child=7 2 6 4 -6 -7 -8 -9 -10 -11 -12 -13 -14 -15 -16 -17 -18
leaf_value=-0.00039085223847492174 0.034458964209181146 -0.0027774237357079986 -0.039490298011292849 0.022500881280379942 -0.039266096788265231 -0.047267599297421324 -0.070437392012940511 -0.0044785450633666284 -0.033916623215191066 0.032302615467559949 0.021980458693149942 0.0073587290011346345 0.0016335543565597242 -0.019794424220679271 0.0099840781998711704 -0.0098953772070152421 0.042725779250678088
leaf_weight=176 77 450 236 536 53 77 72 73 48 83 152 32 77 62 155 112 72
leaf_count=176 77 450 236 536 53 77 72 73 48 83 152 32 77 62 155 112 72
internal_value=0 -0.00232773 -0.010783 0.00576392 0.0141933 -0.0131964 -0.0382661 0.0243363 0.00428964 0.00696687 0.00347374 -0.0312469 0.0178825 -0.0353925 0.0196932 -0.00408706 0.0384537
internal_weight=0 2321 1135 1186 821 365 402 222 733 685 602 330 768 298 691 288 149
internal_count=2543 2321 1135 1186 821 365 402 222 733 685 602 330 768 298 691 288 149
is_linear=0
shrinkage=0.05


Tree=28
num_leaves=18
num_cat=0
split_feature=24 2 9 9 13 19 15 3 18 13 19 18 14 21 15 23 2
split_gain=52.0045 57.3252 169.73 68.4277 58.4538 40.8953 32.7709 32.6009 27.0664 21.885 27.9967 19.0659 8.15706 6.87615 6.80006 2.23206 0.917953
threshold=1.0000000180025095e-35 1.0000000180025095e-35 1.0000000180025095e-35 1.0000000180025095e-35 1.0000000180025095e-35 1.0000000180025095e-35 1.0000000180025095e-35 1.0000000180025095e-35 1.0000000180025095e-35 1.0000000180025095e-35 1.0000000180025095e-35 1.0000000180025095e-35 1.0000000180025095e-35 1.0000000180025095e-35 1.0000000180025095e-35 1.0000000180025095e-35 1.0000000180025095e-35
decision_type=2 2 2 2 2 2 2 2 2 2 2 2 2 2 2 2 2
left_child=1 3 8 5 12 15 11 16 9 10 -3 13 14 -4 -5 -1 -2
right_child=7 2 6 4 -6 -7 -8 -9 -10 -11 -12 -13 -14 -15 -16 -17 -18
leaf_value=-0.00037130976032296367 0.032736015046474998 -0.0033532399910613216 -0.037515783526982038 0.021375837097447906 -0.03730279153810357 -0.044904222563151033 -0.066915524088674114 -0.004254619597317013 -0.032220791241464514 0.030687484444697256 0.020774951191192652 0.0069907939061522491 0.0015518759253325982 -0.018804702210810879 0.0094848732091486459 -0.009400608808417539 0.040589489539464313
leaf_weight=176 77 436 236 536 53 77 72 73 48 83 166 32 77 62 155 112 72
leaf_count=176 77 436 236 536 53 77 72 73 48 83 166 32 77 62 155 112 72
internal_value=0 -0.00221134 -0.0102438 0.00547572 0.0134836 -0.0125366 -0.0363528 0.0231195 0.00407516 0.00661853 0.00330005 -0.0296846 0.0169884 -0.0336229 0.0187085 -0.0038827 0.036531
internal_weight=0 2321 1135 1186 821 365 402 222 733 685 602 330 768 298 691 288 149
internal_count=2543 2321 1135 1186 821 365 402 222 733 685 602 330 768 298 691 288 149
is_linear=0
shrinkage=0.05


Tree=29
num_leaves=12
num_cat=0
split_feature=5 23 21 20 22 24 2 2 9 2 9
split_gain=47.0662 34.058 24.9163 27.5636 28.6006 31.2943 16.7449 13.5699 19.5427 8.9296 1.05988
threshold=1.0000000180025095e-35 1.0000000180025095e-35 1.0000000180025095e-35 1.0000000180025095e-35 1.0000000180025095e-35 1.0000000180025095e-35 1.0000000180025095e-35 1.0000000180025095e-35 1.0000000180025095e-35 1.0000000180025095e-35 1.0000000180025095e-35
decision_type=2 2 2 2 2 2 2 2 2 2 2
left_child=1 2 3 4 5 -1 -3 -4 -9 -5 -2
right_child=10 6 7 9 -6 -7 -8 8 -10 -11 -12
leaf_value=-0.0071933451968216496 0.031099213174749892 -0.0089305785234111163 0.028632541951772412 0.030421769933025467 0.025157378914925022 0.017112162284039219 -0.038362966661944109 0.014755126245656594 -0.017864466963275785 -0.0048323426800577539 0.022748086809491117
leaf_weight=1528 77 112 95 82 82 145 85 177 62 23 75
leaf_count=1528 77 112 95 82 82 145 85 177 62 23 75
internal_value=0 -0.00171508 7.30767e-05 -0.00218485 -0.00367365 -0.00508677 -0.0216298 0.0126472 0.00629314 0.0226994 0.0269786
internal_weight=0 2391 2194 1860 1755 1673 197 334 239 105 152
internal_count=2543 2391 2194 1860 1755 1673 197 334 239 105 152
is_linear=0
shrinkage=0.05


Tree=30
num_leaves=12
num_cat=0
split_feature=5 23 21 20 22 24 2 2 9 2 9
split_gain=42.4772 30.7373 22.4869 24.8761 25.8121 28.2431 15.1122 12.2469 17.6373 8.05896 0.956545
threshold=1.0000000180025095e-35 1.0000000180025095e-35 1.0000000180025095e-35 1.0000000180025095e-35 1.0000000180025095e-35 1.0000000180025095e-35 1.0000000180025095e-35 1.0000000180025095e-35 1.0000000180025095e-35 1.0000000180025095e-35 1.0000000180025095e-35
decision_type=2 2 2 2 2 2 2 2 2 2 2
left_child=1 2 3 4 5 -1 -3 -4 -9 -5 -2
right_child=10 6 7 9 -6 -7 -8 8 -10 -11 -12
leaf_value=-0.0068336775171825258 0.029544253231860797 -0.0084840474459010034 0.027200915436382946 0.028900681656399155 0.023899508017774036 0.016256553016859909 -0.036444820129203012 0.014017367922295791 -0.016971243485327688 -0.004590723558288554 0.021610684050867954
leaf_weight=1528 77 112 95 82 82 145 85 177 62 23 75
leaf_count=1528 77 112 95 82 82 145 85 177 62 23 75
internal_value=0 -0.00162932 6.94229e-05 -0.00207561 -0.00348997 -0.00483243 -0.0205483 0.0120148 0.00597848 0.0215645 0.0256297
internal_weight=0 2391 2194 1860 1755 1673 197 334 239 105 152
internal_count=2543 2391 2194 1860 1755 1673 197 334 239 105 152
is_linear=0
shrinkage=0.05


Tree=31
num_leaves=12
num_cat=0
split_feature=5 23 21 20 22 24 2 2 9 2 9
split_gain=38.3357 27.7404 20.2944 22.4507 23.2954 25.4894 13.6388 11.0528 15.9176 7.27321 0.863283
threshold=1.0000000180025095e-35 1.0000000180025095e-35 1.0000000180025095e-35 1.0000000180025095e-35 1.0000000180025095e-35 1.0000000180025095e-35 1.0000000180025095e-35 1.0000000180025095e-35 1.0000000180025095e-35 1.0000000180025095e-35 1.0000000180025095e-35
decision_type=2 2 2 2 2 2 2 2 2 2 2
left_child=1 2 3 4 5 -1 -3 -4 -9 -5 -2
right_child=10 6 7 9 -6 -7 -8 8 -10 -11 -12
leaf_value=-0.0064919936290769344 0.028067040400180432 -0.0080598436655626368 0.025840869078314618 0.027455647653195914 0.022704533822607342 0.015443725386184865 -0.034622577177908495 0.013316500437377539 -0.016122682777143293 -0.0043611873589132141 0.020530148717264336
leaf_weight=1528 77 112 95 82 82 145 85 177 62 23 75
leaf_count=1528 77 112 95 82 82 145 85 177 62 23 75
internal_value=0 -0.00154786 6.59518e-05 -0.00197183 -0.00331547 -0.00459081 -0.0195209 0.0114141 0.00567956 0.0204862 0.0243482
internal_weight=0 2391 2194 1860 1755 1673 197 334 239 105 152
internal_count=2543 2391 2194 1860 1755 1673 197 334 239 105 152
is_linear=0
shrinkage=0.05


Tree=32
num_leaves=11
num_cat=0
split_feature=5 23 25 14 2 20 21 2 2 9
split_gain=34.598 25.0358 18.7263 19.3033 39.049 12.943 14.5203 12.309 6.56408 0.779113
threshold=1.0000000180025095e-35 1.0000000180025095e-35 1.0000000180025095e-35 1.0000000180025095e-35 1.0000000180025095e-35 1.0000000180025095e-35 1.0000000180025095e-35 1.0000000180025095e-35 1.0000000180025095e-35 1.0000000180025095e-35
decision_type=2 2 2 2 2 2 2 2 2 2
left_child=1 2 3 5 -5 6 -1 -3 -7 -2
right_child=9 7 -4 4 -6 8 -8 -9 -10 -11
leaf_value=-0.00068145867567968128 0.026663690056748592 -0.00765685382573013 -0.022946794111939037 0.0088750318646520741 -0.039626007464276747 0.026082865434994058 0.01084336035265894 -0.032891449412769252 -0.0041431288113412653 0.019503641761839392
leaf_weight=1504 77 112 85 83 83 82 334 85 23 75
leaf_count=1504 77 112 85 83 83 82 334 85 23 75
internal_value=0 -0.00147046 6.26541e-05 0.000990014 -0.0153755 0.0023882 0.00141282 -0.0185449 0.0194619 0.0231308
internal_weight=0 2391 2194 2109 166 1943 1838 197 105 152
internal_count=2543 2391 2194 2109 166 1943 1838 197 105 152
is_linear=0
shrinkage=0.05


Tree=33
num_leaves=18
num_cat=0
split_feature=24 2 9 9 13 19 15 3 13 15 19 18 14 15 21 2 23
split_gain=32.9069 40.6366 133.733 50.7763 47.9317 37.0201 33.308 26.8427 25.3576 35.8149 69.4979 15.1346 5.54607 6.03222 4.99141 1.74337 1.62255
threshold=1.0000000180025095e-35 1.0000000180025095e-35 1.0000000180025095e-35 1.0000000180025095e-35 1.0000000180025095e-35 1.0000000180025095e-35 1.0000000180025095e-35 1.0000000180025095e-35 1.0000000180025095e-35 1.0000000180025095e-35 1.0000000180025095e-35 1.0000000180025095e-35 1.0000000180025095e-35 1.0000000180025095e-35 1.0000000180025095e-35 1.0000000180025095e-35 1.0000000180025095e-35
decision_type=2 2 2 2 2 2 2 2 2 2 2 2 2 2 2 2 2
left_child=1 3 8 5 12 16 11 15 9 10 -3 14 13 -5 -4 -2 -1
right_child=7 2 6 4 -6 -7 -8 -9 -10 -11 -12 -13 -14 -15 -16 -17 -18
leaf_value=0.00042439087145877159 0.025330505587837917 -0.018826776209528592 -0.031800530966118734 0.018715499547516942 -0.034377628227449816 -0.041598983515392651 -0.062509722966286874 -0.0064484337931626466 0.030213131270853871 0.022109121320375527 0.020796228548040592 0.0077012768946588045 0.0020564816801433828 0.0075159824705652648 -0.015858715036583523 0.036153466111459746 -0.0072740111549917082
leaf_weight=176 77 332 236 536 53 77 72 73 83 152 166 32 77 155 62 72 112
leaf_count=176 77 332 236 536 53 77 72 73 83 152 166 32 77 155 62 72 112
internal_value=0 -0.00175905 -0.00852199 0.00471307 0.0116112 -0.0108031 -0.0316976 0.0183908 0.00418821 0.000865032 -0.00561911 -0.0249749 0.0147849 0.0162033 -0.0284838 0.0305604 -0.00256943
internal_weight=0 2321 1135 1186 821 365 402 222 733 650 498 330 768 691 298 149 288
internal_count=2543 2321 1135 1186 821 365 402 222 733 650 498 330 768 691 298 149 288
is_linear=0
shrinkage=0.05


Tree=34
num_leaves=18
num_cat=0
split_feature=24 2 9 13 9 19 15 3 13 15 19 18 14 15 21 23 2
split_gain=29.6984 36.6746 120.694 45.8391 50.2495 37.2564 30.0605 24.2256 22.8852 32.3229 62.7218 13.659 5.00533 5.44407 4.50474 3.45819 1.57339
threshold=1.0000000180025095e-35 1.0000000180025095e-35 1.0000000180025095e-35 1.0000000180025095e-35 1.0000000180025095e-35 1.0000000180025095e-35 1.0000000180025095e-35 1.0000000180025095e-35 1.0000000180025095e-35 1.0000000180025095e-35 1.0000000180025095e-35 1.0000000180025095e-35 1.0000000180025095e-35 1.0000000180025095e-35 1.0000000180025095e-35 1.0000000180025095e-35 1.0000000180025095e-35
decision_type=2 2 2 2 2 2 2 2 2 2 2 2 2 2 2 2 2
left_child=1 3 8 4 5 15 11 16 9 10 -3 14 13 -6 -4 -1 -2
right_child=7 2 6 -5 12 -7 -8 -9 -10 -11 -12 -13 -14 -15 -16 -17 -18
leaf_value=0.00451593525868691 0.024063980029049248 -0.017885436776184607 -0.030210503113408716 -0.035694581500963489 0.01777972429521632 -0.039519038165665488 -0.059384237933490014 -0.0061260147453987435 0.028702474917363691 0.021003663180530759 0.019756415156445592 0.007316214311867953 0.0019536573621262978 0.0071401850185206827 -0.015065779295119068 -0.0069103084438081304 0.03434579476144993
leaf_weight=162 77 332 236 67 536 77 72 73 83 152 166 32 77 155 62 112 72
leaf_count=162 77 332 236 67 536 77 72 73 83 152 166 32 77 155 62 112 72
internal_value=0 -0.0016711 -0.0080959 0.00447742 0.00688271 -0.00879014 -0.0301127 0.0174713 0.0039788 0.00082178 -0.00533815 -0.0237262 0.0140457 0.0153931 -0.0270596 -0.000154646 0.0290324
internal_weight=0 2321 1135 1186 1119 351 402 222 733 650 498 330 768 691 298 274 149
internal_count=2543 2321 1135 1186 1119 351 402 222 733 650 498 330 768 691 298 274 149
is_linear=0
shrinkage=0.05


Tree=35
num_leaves=12
num_cat=0
split_feature=5 21 20 22 24 19 2 2 9 2 9
split_gain=26.8097 23.6334 19.2747 20.0491 22.1116 27.7526 21.4338 6.59019 14.6645 4.55863 0.389897
threshold=1.0000000180025095e-35 1.0000000180025095e-35 1.0000000180025095e-35 1.0000000180025095e-35 1.0000000180025095e-35 1.0000000180025095e-35 1.0000000180025095e-35 1.0000000180025095e-35 1.0000000180025095e-35 1.0000000180025095e-35 1.0000000180025095e-35
decision_type=2 2 2 2 2 2 2 2 2 2 2
left_child=1 2 3 4 5 -1 -6 -3 -9 -4 -2
right_child=10 7 9 -5 6 -7 -8 8 -10 -11 -12
leaf_value=-0.010124742166885654 0.022860780927502284 0.02218189664871285 0.023088646197418978 0.01977861955330321 -0.0058197131916268236 0.0060556601461689546 0.032628502469095925 0.01394411679146822 -0.014312490724748182 -0.0021003637488162066 0.017795650559167066
leaf_weight=1398 77 95 82 82 73 327 72 177 62 23 75
leaf_count=1398 77 95 82 82 73 327 72 177 62 23 75
internal_value=0 -0.00129442 -0.00329751 -0.00442005 -0.00548116 -0.0070575 0.0132718 0.011042 0.00661395 0.0175711 0.0203615
internal_weight=0 2391 2057 1952 1870 1725 145 334 239 105 152
internal_count=2543 2391 2057 1952 1870 1725 145 334 239 105 152
is_linear=0
shrinkage=0.05


Tree=36
num_leaves=20
num_cat=0
split_feature=2 9 13 9 19 15 18 24 13 15 3 18 21 25 14 15 3 16 23
split_gain=24.7716 126.178 40.9446 31.8853 43.9089 27.1926 22.8316 16.32 17.9551 24.8896 12.9094 12.2944 4.18473 5.31505 3.94932 4.722 6.15685 3.89307 1.75156
threshold=1.0000000180025095e-35 1.0000000180025095e-35 1.0000000180025095e-35 1.0000000180025095e-35 1.0000000180025095e-35 1.0000000180025095e-35 1.0000000180025095e-35 1.0000000180025095e-35 1.0000000180025095e-35 1.0000000180025095e-35 1.0000000180025095e-35 1.0000000180025095e-35 1.0000000180025095e-35 1.0000000180025095e-35 1.0000000180025095e-35 1.0000000180025095e-35 1.0000000180025095e-35 1.0000000180025095e-35 1.0000000180025095e-35
decision_type=2 2 2 2 2 2 2 2 2 2 2 2 2 2 2 2 2 2 2
left_child=2 6 3 4 10 11 7 8 9 -2 -1 12 13 -3 15 17 -17 -5 -12
right_child=1 5 -4 14 -6 -7 -8 -9 -10 -11 18 -13 -14 -15 -16 16 -18 -19 -20
leaf_value=0.021717740607435827 -0.0029420687819882814 -0.033823486349995664 -0.033403615134684789 0.017749156123285908 -0.037845867156208336 -0.055908787560959662 -0.027207877859473231 0.030997076351195575 0.027773588183840892 0.020459718720399239 0.0015395361898427314 0.0074566399678587915 -0.013596865438575474 -0.018192665629527149 0.0023622115021692466 0.01690586866810918 -0.0030347846163203945 0.0017165450379252436 -0.0060585561898603502
leaf_weight=77 450 151 67 495 77 72 48 72 83 152 235 32 62 85 77 75 80 41 112
leaf_count=77 450 151 67 495 77 72 48 72 83 152 235 32 62 85 77 75 80 41 112
internal_value=0 -0.00519187 0.00469056 0.00670183 -0.00311104 -0.0280685 0.00623226 0.00835263 0.00597249 0.00296669 0.00319693 -0.0219943 -0.0251568 -0.0281937 0.0131032 0.0143001 0.00661392 0.0165228 -0.000912874
internal_weight=0 1207 1336 1269 501 402 805 757 685 602 424 330 298 236 768 691 155 536 347
internal_count=2543 1207 1336 1269 501 402 805 757 685 602 424 330 298 236 768 691 155 536 347
is_linear=0
shrinkage=0.05


Tree=37
num_leaves=20
num_cat=0
split_feature=2 9 13 9 19 15 18 24 13 19 3 18 21 25 14 15 3 16 23
split_gain=22.3564 113.875 36.9525 28.7765 39.6278 24.5413 20.6056 14.7288 16.2045 22.8714 11.6508 11.0957 3.77672 4.79683 3.56426 4.2616 5.55655 3.5135 1.58079
threshold=1.0000000180025095e-35 1.0000000180025095e-35 1.0000000180025095e-35 1.0000000180025095e-35 1.0000000180025095e-35 1.0000000180025095e-35 1.0000000180025095e-35 1.0000000180025095e-35 1.0000000180025095e-35 1.0000000180025095e-35 1.0000000180025095e-35 1.0000000180025095e-35 1.0000000180025095e-35 1.0000000180025095e-35 1.0000000180025095e-35 1.0000000180025095e-35 1.0000000180025095e-35 1.0000000180025095e-35 1.0000000180025095e-35
decision_type=2 2 2 2 2 2 2 2 2 2 2 2 2 2 2 2 2 2 2
left_child=2 6 3 4 10 11 7 8 9 -2 -1 12 13 -3 15 17 -17 -5 -12
right_child=1 5 -4 14 -6 -7 -8 -9 -10 -11 18 -13 -14 -15 -16 16 -18 -19 -20
leaf_value=0.020631854611073999 -0.0031951713988262681 -0.032132311851180942 -0.031733434961295562 0.016861698239685433 -0.035953573747114706 -0.053113348735496405 -0.025847485106593623 0.029447223991155624 0.026384910893996794 0.018612912395991475 0.001462558389027068 0.0070838082581758501 -0.012917022494929693 -0.017283032821381796 0.0022441017163264288 0.016060575169821581 -0.0028830439783632759 0.0016307165687222307 -0.0057556305914269095
leaf_weight=77 436 151 67 495 77 72 48 72 83 166 235 32 62 85 77 75 80 41 112
leaf_count=77 436 151 67 495 77 72 48 72 83 166 235 32 62 85 77 75 80 41 112
internal_value=0 -0.00493227 0.00445603 0.00636674 -0.00295549 -0.0266651 0.00592064 0.007935 0.00567386 0.00281835 0.00303708 -0.0208946 -0.023899 -0.0267841 0.012448 0.0135851 0.00628322 0.0156966 -0.000867232
internal_weight=0 1207 1336 1269 501 402 805 757 685 602 424 330 298 236 768 691 155 536 347
internal_count=2543 1207 1336 1269 501 402 805 757 685 602 424 330 298 236 768 691 155 536 347
is_linear=0
shrinkage=0.05


Tree=38
num_leaves=19
num_cat=0
split_feature=2 9 13 9 19 15 18 24 15 19 3 18 21 25 18 21 19 23
split_gain=20.1766 102.773 33.3496 25.9708 35.7641 22.1486 18.5965 13.2928 15.7699 25.7582 10.5148 10.0138 3.40849 4.32914 3.32477 3.25612 3.51857 1.42666
threshold=1.0000000180025095e-35 1.0000000180025095e-35 1.0000000180025095e-35 1.0000000180025095e-35 1.0000000180025095e-35 1.0000000180025095e-35 1.0000000180025095e-35 1.0000000180025095e-35 1.0000000180025095e-35 1.0000000180025095e-35 1.0000000180025095e-35 1.0000000180025095e-35 1.0000000180025095e-35 1.0000000180025095e-35 1.0000000180025095e-35 1.0000000180025095e-35 1.0000000180025095e-35 1.0000000180025095e-35
decision_type=2 2 2 2 2 2 2 2 2 2 2 2 2 2 2 2 2 2
left_child=2 6 3 4 10 11 7 8 9 -2 -1 12 13 -3 15 16 -5 -12
right_child=1 5 -4 14 -6 -7 -8 -9 -10 -11 17 -13 -14 -15 -16 -17 -18 -19
leaf_value=0.019600261153929942 -0.0060535596176723092 -0.030525695041611497 -0.030146763073071948 0.0078268673639211826 -0.034155896499559482 -0.050457680743097123 -0.024555110667521755 0.027974862957166304 0.019596491431155685 0.017682268892426089 0.001389431969282475 0.0067296182736754423 -0.012271171280994052 -0.016418881018591278 0.021825787597646317 0.019342259623961966 0.018864666309118983 -0.0054678489983156662
leaf_weight=77 367 151 67 514 77 72 48 72 152 166 235 32 62 85 75 95 84 112
leaf_count=77 367 151 67 514 77 72 48 72 152 166 235 32 62 85 75 95 84 112
internal_value=0 -0.00468566 0.00423323 0.0060484 -0.00280772 -0.0253318 0.00562461 0.00753825 0.00539017 0.00133884 0.00288523 -0.0198498 -0.022704 -0.0254449 0.0118256 0.0107434 0.00937733 -0.000823869
internal_weight=0 1207 1336 1269 501 402 805 757 685 533 424 330 298 236 768 693 598 347
internal_count=2543 1207 1336 1269 501 402 805 757 685 533 424 330 298 236 768 693 598 347
is_linear=0
shrinkage=0.05


Tree=39
num_leaves=20
num_cat=0
split_feature=2 9 13 9 19 15 18 13 24 15 3 18 14 15 3 21 25 16 23
split_gain=18.2094 92.7522 30.098 23.4386 32.2771 19.9891 16.7834 12.3609 15.1234 21.5776 9.48962 9.03748 3.08542 3.60363 5.01479 3.07616 3.90705 3.03643 1.28756
threshold=1.0000000180025095e-35 1.0000000180025095e-35 1.0000000180025095e-35 1.0000000180025095e-35 1.0000000180025095e-35 1.0000000180025095e-35 1.0000000180025095e-35 1.0000000180025095e-35 1.0000000180025095e-35 1.0000000180025095e-35 1.0000000180025095e-35 1.0000000180025095e-35 1.0000000180025095e-35 1.0000000180025095e-35 1.0000000180025095e-35 1.0000000180025095e-35 1.0000000180025095e-35 1.0000000180025095e-35 1.0000000180025095e-35
decision_type=2 2 2 2 2 2 2 2 2 2 2 2 2 2 2 2 2 2 2
left_child=2 6 3 4 10 11 7 8 9 -2 -1 15 13 17 -15 16 -3 -5 -12
right_child=1 5 -4 12 -6 -7 -8 -9 -10 -11 18 -13 -14 14 -16 -17 -18 -19 -20
leaf_value=0.018620248030048688 -0.0031725609110047417 -0.028999410507990826 -0.028639424447693042 0.015317062002352694 -0.032448102109279335 -0.047934796133389079 -0.023327357407348853 0.025368342483528407 0.026576120939312709 0.018616666030007573 0.0013199599055533715 0.00639313766732812 0.0017405527894832679 0.014866203776250284 -0.0031302361295092855 -0.011657612638608102 -0.0155979374987895 0.0011578379778146017 -0.0051944551918755421
leaf_weight=77 450 151 67 495 77 72 48 83 72 152 235 32 77 75 80 62 85 41 112
leaf_count=77 450 151 67 495 77 72 48 83 72 152 235 32 77 75 80 62 85 41 112
internal_value=0 -0.00445138 0.00402157 0.00574598 -0.00266733 -0.0240653 0.00534338 0.00716134 0.00491923 0.00232904 0.00274097 -0.0188574 0.0112344 0.0122923 0.00557772 -0.0215688 -0.0241726 0.014234 -0.000782676
internal_weight=0 1207 1336 1269 501 402 805 757 674 602 424 330 768 691 155 298 236 536 347
internal_count=2543 1207 1336 1269 501 402 805 757 674 602 424 330 768 691 155 298 236 536 347
is_linear=0
shrinkage=0.05


Tree=40
num_leaves=18
num_cat=0
split_feature=21 2 9 13 19 15 13 9 19 15 18 3 18 25 19 2 9
split_gain=16.5711 21.2818 67.0566 25.4496 18.7158 37.3513 60.9743 17.1757 29.1301 15.3947 9.50396 8.56438 3.56462 3.52611 2.99346 2.77539 11.5617
threshold=1.0000000180025095e-35 1.0000000180025095e-35 1.0000000180025095e-35 1.0000000180025095e-35 1.0000000180025095e-35 1.0000000180025095e-35 1.0000000180025095e-35 1.0000000180025095e-35 1.0000000180025095e-35 1.0000000180025095e-35 1.0000000180025095e-35 1.0000000180025095e-35 1.0000000180025095e-35 1.0000000180025095e-35 1.0000000180025095e-35 1.0000000180025095e-35 1.0000000180025095e-35
decision_type=2 2 2 2 2 2 2 2 2 2 2 2 2 2 2 2 2
left_child=1 3 4 7 5 6 -3 8 11 10 13 -1 14 -4 -9 -2 -17
right_child=15 2 9 -5 -6 -7 -8 12 -10 -11 -12 -13 -14 -15 -16 16 -18
leaf_value=0.017689235620699555 0.017609294085812414 -0.025980993477516864 -0.027549440696054341 -0.027207453129118059 0.016956784683896834 0.017685832302193279 0.024099923995693766 0.0069746821829306284 -0.03082569490682769 -0.045538056586843192 0.0060734812635928398 -0.0007435416793370196 0.01996864535356872 -0.014818039906265982 0.017155580056299056 0.014015079176548007 -0.011074731644663599
leaf_weight=77 95 227 151 67 166 152 83 514 77 72 32 347 75 85 84 177 62
leaf_count=77 95 227 151 67 166 152 83 514 77 72 32 347 75 85 84 177 62
internal_value=0 -0.00156945 -0.00712625 0.00276494 0.00255682 -0.0026172 -0.0125722 0.00447546 -0.00253396 -0.0250114 -0.0194968 0.00260392 0.00969347 -0.022964 0.00840477 0.01038 0.00750643
internal_weight=0 2209 968 1241 628 462 310 1174 501 340 268 424 673 236 598 334 239
internal_count=2543 2209 968 1241 628 462 310 1174 501 340 268 424 673 236 598 334 239
is_linear=0
shrinkage=0.05


Tree=41
num_leaves=18
num_cat=0
split_feature=24 2 9 13 9 19 15 19 15 21 3 18 14 15 21 23 2
split_gain=15.2962 20.1046 61.864 24.2192 24.8537 21.5367 16.2812 15.4604 27.0403 55.2919 14.5948 7.36108 2.67159 3.0461 2.50555 2.3274 1.4124
threshold=1.0000000180025095e-35 1.0000000180025095e-35 1.0000000180025095e-35 1.0000000180025095e-35 1.0000000180025095e-35 1.0000000180025095e-35 1.0000000180025095e-35 1.0000000180025095e-35 1.0000000180025095e-35 1.0000000180025095e-35 1.0000000180025095e-35 1.0000000180025095e-35 1.0000000180025095e-35 1.0000000180025095e-35 1.0000000180025095e-35 1.0000000180025095e-35 1.0000000180025095e-35
decision_type=2 2 2 2 2 2 2 2 2 2 2 2 2 2 2 2 2
left_child=1 3 7 4 5 15 11 8 9 -3 16 14 13 -6 -4 -1 -2
right_child=10 2 6 -5 12 -7 -8 -9 -10 -11 -12 -13 -14 -15 -16 -17 -18
leaf_value=0.0044762213898385753 0.016804774155138764 -0.023587647219337211 -0.021815779232183252 -0.025847080805853236 0.012908625486697793 -0.029284411629468401 -0.043261154521153207 0.016108944675469972 0.016801542361683557 0.01331432706776396 -0.0057771255555626464 0.005769807565957308 0.0013047907958049086 0.0049500978858240188 -0.010520995717548255 -0.0048975546715415222 0.026546362239039608
leaf_weight=162 77 238 236 67 536 77 72 166 152 177 73 32 77 155 62 112 72
leaf_count=162 77 238 236 67 536 77 72 166 152 177 73 32 77 155 62 112 72
internal_value=0 -0.0011993 -0.00595621 0.00335306 0.00510141 -0.00592102 -0.0217189 0.00268853 -0.00124055 -0.00784873 0.0125386 -0.0170188 0.010139 0.0111234 -0.0194659 0.000644605 0.0215121
internal_weight=0 2321 1135 1186 1119 351 402 733 567 415 222 330 768 691 298 274 149
internal_count=2543 2321 1135 1186 1119 351 402 733 567 415 222 330 768 691 298 274 149
is_linear=0
shrinkage=0.05


Tree=42
num_leaves=14
num_cat=0
split_feature=5 21 20 19 2 13 13 2 9 2 9 2 9
split_gain=14.0909 16.6698 13.1243 12.1277 21.367 46.4722 17.8164 13.6618 30.3693 2.35628 9.41708 2.09896 0.090322
threshold=1.0000000180025095e-35 1.0000000180025095e-35 1.0000000180025095e-35 1.0000000180025095e-35 1.0000000180025095e-35 1.0000000180025095e-35 1.0000000180025095e-35 1.0000000180025095e-35 1.0000000180025095e-35 1.0000000180025095e-35 1.0000000180025095e-35 1.0000000180025095e-35 1.0000000180025095e-35
decision_type=2 2 2 2 2 2 2 2 2 2 2 2 2
left_child=1 2 3 4 6 -6 -1 8 -5 -3 -11 -4 -2
right_child=12 9 11 7 5 -7 -8 -9 -10 10 -12 -13 -14
leaf_value=0.0023147477039682351 0.015964535938261391 0.016083397603544752 0.018343381447399536 -0.027820189858411816 -0.015507124476693439 0.024074309489813196 -0.024554727022855809 0.015303495571196798 0.015652370562505288 0.01264860945632734 -0.009994945478355213 0.0012512575187112974 0.01352665428320567
leaf_weight=779 77 95 82 77 696 83 67 166 84 177 62 23 75
leaf_count=779 77 95 82 77 696 83 67 166 84 177 62 23 75
internal_value=0 -0.000938422 -0.00262071 -0.003547 -0.00531493 -0.0112898 0.000186787 0.00523861 -0.00513885 0.00942228 0.00677455 0.0145994 0.0147616
internal_weight=0 2391 2057 1952 1625 779 846 327 161 334 239 105 152
internal_count=2543 2391 2057 1952 1625 779 846 327 161 334 239 105 152
is_linear=0
shrinkage=0.05


Tree=43
num_leaves=18
num_cat=0
split_feature=24 2 9 13 9 19 15 19 21 15 3 18 18 21 21 23 2
split_gain=13.6582 16.978 51.5974 19.7626 20.6849 17.4049 15.788 23.5053 48.105 14.6328 13.2511 6.6752 2.68332 2.17404 2.14659 2.08418 1.74502
threshold=1.0000000180025095e-35 1.0000000180025095e-35 1.0000000180025095e-35 1.0000000180025095e-35 1.0000000180025095e-35 1.0000000180025095e-35 1.0000000180025095e-35 1.0000000180025095e-35 1.0000000180025095e-35 1.0000000180025095e-35 1.0000000180025095e-35 1.0000000180025095e-35 1.0000000180025095e-35 1.0000000180025095e-35 1.0000000180025095e-35 1.0000000180025095e-35 1.0000000180025095e-35
decision_type=2 2 2 2 2 2 2 2 2 2 2 2 2 2 2 2 2
left_child=1 3 6 4 5 15 7 8 -3 11 16 14 13 -6 -4 -1 -2
right_child=10 2 9 -5 12 -7 -8 -9 -10 -11 -12 -13 -14 -15 -16 -17 -18
leaf_value=0.0041020417654955834 0.015166308159347287 -0.022404064474032582 -0.019949634146079486 -0.023326990529616825 0.0071367177292299662 -0.026429180317110831 0.016736819718866366 0.01453832503722375 0.012016178338129423 -0.040322740313664937 -0.0056040074880400748 0.0062566743232309822 0.018209044606114427 0.015279227716750221 -0.0094951973769873878 -0.0047684137368508225 0.025994403210158154
leaf_weight=162 77 238 236 67 598 77 152 166 177 72 73 32 75 95 62 112 72
leaf_count=162 77 238 236 67 598 77 152 166 177 72 73 32 75 95 62 112 72
internal_value=0 -0.00113327 -0.00550466 0.00305015 0.00462948 -0.00542615 0.00239025 -0.00136307 -0.00772362 -0.0199001 0.0118482 -0.0154442 0.00922521 0.00825293 -0.0177745 0.000476162 0.0203987
internal_weight=0 2321 1135 1186 1119 351 733 581 415 402 222 330 768 693 298 274 149
internal_count=2543 2321 1135 1186 1119 351 733 581 415 402 222 330 768 693 298 274 149
is_linear=0
shrinkage=0.05


Tree=44
num_leaves=18
num_cat=0
split_feature=24 2 9 13 9 13 15 19 19 15 3 18 18 14 21 23 2
split_gain=12.3265 15.3226 46.5667 17.8358 18.6682 17.6624 21.3511 37.1793 15.7079 13.2061 11.9591 6.02436 2.4217 2.027 1.96207 1.88097 1.57488
threshold=1.0000000180025095e-35 1.0000000180025095e-35 1.0000000180025095e-35 1.0000000180025095e-35 1.0000000180025095e-35 1.0000000180025095e-35 1.0000000180025095e-35 1.0000000180025095e-35 1.0000000180025095e-35 1.0000000180025095e-35 1.0000000180025095e-35 1.0000000180025095e-35 1.0000000180025095e-35 1.0000000180025095e-35 1.0000000180025095e-35 1.0000000180025095e-35 1.0000000180025095e-35
decision_type=2 2 2 2 2 2 2 2 2 2 2 2 2 2 2 2 2
left_child=1 3 5 4 8 6 7 -3 15 11 16 13 14 -4 -6 -1 -2
right_child=10 2 9 -5 12 -7 -8 -9 -10 -11 -12 -13 -14 -15 -16 -17 -18
leaf_value=0.0038969405627820963 0.014407993468165689 -0.015169502485242634 -0.014323650555208673 -0.02216064098165996 0.0067798818557376801 0.023990799134305445 0.015899978785493755 0.013811402074454061 -0.025107721391688827 -0.038306604509448838 -0.0053238077318831668 0.0059438381344079977 0.017298592240239184 -0.023522773215404139 0.014515265519485662 -0.0045299945133072993 0.024694682049771977
leaf_weight=162 77 332 215 67 598 83 152 166 77 72 73 32 75 83 95 112 72
leaf_count=162 77 332 215 67 598 83 152 166 77 72 73 32 75 83 95 112 72
internal_value=0 -0.0010766 -0.00522942 0.00289764 0.004398 0.00227074 -0.000502747 -0.0055092 -0.00515484 -0.0189051 0.0112558 -0.014672 0.00876395 -0.0168858 0.00784029 0.000452354 0.0193787
internal_weight=0 2321 1135 1186 1119 733 650 498 351 402 222 330 768 298 693 274 149
internal_count=2543 2321 1135 1186 1119 733 650 498 351 402 222 330 768 298 693 274 149
is_linear=0
shrinkage=0.05


Tree=45
num_leaves=15
num_cat=0
split_feature=21 24 2 19 13 15 13 9 19 3 18 9 2 2
split_gain=11.9972 14.2833 19.3458 36.7819 47.8629 35.4908 14.901 14.3065 14.1764 10.7931 2.66183 1.68204 7.32512 1.42133
threshold=1.0000000180025095e-35 1.0000000180025095e-35 1.0000000180025095e-35 1.0000000180025095e-35 1.0000000180025095e-35 1.0000000180025095e-35 1.0000000180025095e-35 1.0000000180025095e-35 1.0000000180025095e-35 1.0000000180025095e-35 1.0000000180025095e-35 1.0000000180025095e-35 1.0000000180025095e-35 1.0000000180025095e-35
decision_type=2 2 2 2 2 2 2 2 2 2 2 2 2 2
left_child=1 2 6 4 5 -4 7 8 -1 13 -9 -2 -13 -3
right_child=11 9 3 -5 -6 -7 -8 10 -10 -11 -12 12 -14 -15
leaf_value=0.00042973591327449703 0.012173844544226198 0.013687594042631326 -0.026061587936154637 0.013120834224195367 0.022791258949247828 -0.0014473853579667255 -0.021052608611201173 0.0064408878636364221 -0.02385233822702007 -0.0050576157587235923 0.01643366210286816 0.013789502924406213 -0.0083042555533710035 0.023459948564413937
leaf_weight=274 177 77 423 166 83 224 67 598 77 73 75 95 62 72
leaf_count=274 177 77 423 166 83 224 67 598 77 73 75 95 62 72
internal_value=0 -0.0013354 -0.0026793 -0.00812336 -0.0129542 -0.0175398 0.00179172 0.00328642 -0.0048971 0.010693 0.0075545 0.00883206 0.00506458 0.0184098
internal_weight=0 2209 1987 896 730 647 1091 1024 351 222 673 334 157 149
internal_count=2543 2209 1987 896 730 647 1091 1024 351 222 673 334 157 149
is_linear=0
shrinkage=0.05


Tree=46
num_leaves=15
num_cat=0
split_feature=21 24 2 19 13 15 13 9 19 3 18 9 2 2
split_gain=10.8275 12.8907 17.4596 33.1956 43.1963 32.0304 13.4482 12.9116 12.7942 9.74079 2.4023 1.51804 6.61092 1.28275
threshold=1.0000000180025095e-35 1.0000000180025095e-35 1.0000000180025095e-35 1.0000000180025095e-35 1.0000000180025095e-35 1.0000000180025095e-35 1.0000000180025095e-35 1.0000000180025095e-35 1.0000000180025095e-35 1.0000000180025095e-35 1.0000000180025095e-35 1.0000000180025095e-35 1.0000000180025095e-35 1.0000000180025095e-35
decision_type=2 2 2 2 2 2 2 2 2 2 2 2 2 2
left_child=1 2 6 4 5 -4 7 8 -1 13 -9 -2 -13 -3
right_child=11 9 3 -5 -6 -7 -8 10 -10 -11 -12 12 -14 -15
leaf_value=0.00040825020426707551 0.01156515224937397 0.013003214068904326 -0.024758508705906131 0.012464789919420538 0.021651697391083084 -0.0013750163786296202 -0.019999978292399825 0.0061188434773183356 -0.022659721034397555 -0.0048047353704906495 0.015611978836823255 0.013100027693067923 -0.0078890427947044383 0.022286948883200038
leaf_weight=274 177 77 423 166 83 224 67 598 77 73 75 95 62 72
leaf_count=274 177 77 423 166 83 224 67 598 77 73 75 95 62 72
internal_value=0 -0.00126863 -0.00254533 -0.0077172 -0.0123065 -0.0166628 0.00170214 0.0031221 -0.00465224 0.0101584 0.00717677 0.00839046 0.00481135 0.0174893
internal_weight=0 2209 1987 896 730 647 1091 1024 351 222 673 334 157 149
internal_count=2543 2209 1987 896 730 647 1091 1024 351 222 673 334 157 149
is_linear=0
shrinkage=0.05


Tree=47
num_leaves=15
num_cat=0
split_feature=21 24 2 19 13 15 13 9 19 3 18 9 2 2
split_gain=9.77183 11.6339 15.7573 29.9591 38.9847 28.9075 12.137 11.6527 11.5468 8.79106 2.16807 1.37003 5.96636 1.15768
threshold=1.0000000180025095e-35 1.0000000180025095e-35 1.0000000180025095e-35 1.0000000180025095e-35 1.0000000180025095e-35 1.0000000180025095e-35 1.0000000180025095e-35 1.0000000180025095e-35 1.0000000180025095e-35 1.0000000180025095e-35 1.0000000180025095e-35 1.0000000180025095e-35 1.0000000180025095e-35 1.0000000180025095e-35
decision_type=2 2 2 2 2 2 2 2 2 2 2 2 2 2
left_child=1 2 6 4 5 -4 7 8 -1 13 -9 -2 -13 -3
right_child=11 9 3 -5 -6 -7 -8 10 -10 -11 -12 12 -14 -15
leaf_value=0.00038783620893411395 0.010986896846601266 0.012353053734964365 -0.023520582880446114 0.011841551555006441 0.020569111066814291 -0.0013062653950847952 -0.018999979465178202 0.0058129010403553732 -0.021526734090664173 -0.0045644972856118257 0.014831380629135919 0.012445026389568261 -0.0074945905606352524 0.021172602816174429
leaf_weight=274 177 77 423 166 83 224 67 598 77 73 75 95 62 72
leaf_count=274 177 77 423 166 83 224 67 598 77 73 75 95 62 72
internal_value=0 -0.0012052 -0.00241807 -0.00733134 -0.0116912 -0.0158297 0.00161703 0.00296599 -0.00441963 0.00965047 0.00681793 0.00797094 0.00457078 0.0166148
internal_weight=0 2209 1987 896 730 647 1091 1024 351 222 673 334 157 149
internal_count=2543 2209 1987 896 730 647 1091 1024 351 222 673 334 157 149
is_linear=0
shrinkage=0.05


Tree=48
num_leaves=15
num_cat=0
split_feature=21 24 2 19 13 15 13 9 19 3 18 9 2 2
split_gain=8.81908 10.4996 14.221 27.0381 35.1837 26.089 10.9536 10.5166 10.4209 7.93393 1.95669 1.23645 5.38464 1.04481
threshold=1.0000000180025095e-35 1.0000000180025095e-35 1.0000000180025095e-35 1.0000000180025095e-35 1.0000000180025095e-35 1.0000000180025095e-35 1.0000000180025095e-35 1.0000000180025095e-35 1.0000000180025095e-35 1.0000000180025095e-35 1.0000000180025095e-35 1.0000000180025095e-35 1.0000000180025095e-35 1.0000000180025095e-35
decision_type=2 2 2 2 2 2 2 2 2 2 2 2 2 2
left_child=1 2 6 4 5 -4 7 8 -1 13 -9 -2 -13 -3
right_child=11 9 3 -5 -6 -7 -8 10 -10 -11 -12 12 -14 -15
leaf_value=0.0003684462612345271 0.010437549569112602 0.011735400934885076 -0.022344553969078314 0.011249474758290719 0.019540656546512283 -0.0012409525478558085 -0.018049981076715151 0.0055222562184781823 -0.020450395171216072 -0.0043362719938158994 0.014089811737338701 0.011822774711947301 -0.0071198624138149522 0.020113971619220038
leaf_weight=274 177 77 423 166 83 224 67 598 77 73 75 95 62 72
leaf_count=274 177 77 423 166 83 224 67 598 77 73 75 95 62 72
internal_value=0 -0.00114494 -0.00229716 -0.00696477 -0.0111066 -0.0150382 0.00153618 0.00281769 -0.00419865 0.00916795 0.00647704 0.00757239 0.00434224 0.0157841
internal_weight=0 2209 1987 896 730 647 1091 1024 351 222 673 334 157 149
internal_count=2543 2209 1987 896 730 647 1091 1024 351 222 673 334 157 149
is_linear=0
shrinkage=0.05


Tree=49
num_leaves=15
num_cat=0
split_feature=20 21 24 2 19 13 9 13 3 19 9 9 2 2
split_gain=8.53447 9.40621 11.0455 9.98951 25.6462 33.2148 10.7873 7.68764 7.16037 6.39089 2.26593 1.1159 4.85964 0.94294
threshold=1.0000000180025095e-35 1.0000000180025095e-35 1.0000000180025095e-35 1.0000000180025095e-35 1.0000000180025095e-35 1.0000000180025095e-35 1.0000000180025095e-35 1.0000000180025095e-35 1.0000000180025095e-35 1.0000000180025095e-35 1.0000000180025095e-35 1.0000000180025095e-35 1.0000000180025095e-35 1.0000000180025095e-35
decision_type=2 2 2 2 2 2 2 2 2 2 2 2 2 2
left_child=1 2 3 6 5 -5 9 -8 13 -1 -2 -3 -13 -4
right_child=10 11 8 4 -6 -7 7 -9 -10 -11 -12 12 -14 -15
leaf_value=-0.0031688768721560147 0.025571128999193511 0.0099156739100771784 0.011148630963130431 -0.015104120561833648 0.010687006607438517 0.018563621656138854 0.0057570073650028549 -0.0141116467620826 -0.0041194601698893397 -0.019427875699112557 0.0093120325853427253 0.011231636412833867 -0.0067638688690720072 0.019108274090103808
leaf_weight=281 30 177 77 624 166 83 598 53 73 77 75 95 62 72
leaf_count=281 30 177 77 624 166 83 598 53 73 77 75 95 62 72
internal_value=0 -0.000601122 -0.00183852 -0.00308277 -0.00699902 -0.0111516 0.000305622 0.00413944 0.00870955 -0.00666592 0.0139575 0.00719377 0.00412513 0.0149949
internal_weight=0 2438 2104 1882 873 707 1009 651 222 358 105 334 157 149
internal_count=2543 2438 2104 1882 873 707 1009 651 222 358 105 334 157 149
is_linear=0
shrinkage=0.05


Tree=50
num_leaves=12
num_cat=0
split_feature=20 21 5 22 19 24 2 9 9 2 9
split_gain=7.70236 8.48911 10.0402 8.04006 8.79936 9.22584 4.99287 2.045 1.0071 4.38582 9.89662e-05
threshold=1.0000000180025095e-35 1.0000000180025095e-35 1.0000000180025095e-35 1.0000000180025095e-35 1.0000000180025095e-35 1.0000000180025095e-35 1.0000000180025095e-35 1.0000000180025095e-35 1.0000000180025095e-35 1.0000000180025095e-35 1.0000000180025095e-35
decision_type=2 2 2 2 2 2 2 2 2 2 2
left_child=1 2 3 4 5 -1 -6 -2 -3 -10 -4
right_child=7 8 10 -5 6 -7 -8 -9 9 -11 -12
leaf_value=-0.0062064796820127137 0.024292571494976684 0.009419890799912187 0.010591199084535822 0.01261362138079343 -0.0022054525312059418 0.0070435965160742927 0.01015265261283122 0.0088464311609665561 0.010670054093199342 -0.0064256756987062201 0.010671896437803904
leaf_weight=1398 30 177 77 82 161 145 166 75 95 62 75
leaf_count=1398 30 177 77 82 161 145 166 75 95 62 75
internal_value=0 -0.000571066 -0.0017466 -0.00271043 -0.00338239 -0.00496133 0.00406808 0.0132596 0.00683408 0.00391887 0.010631
internal_weight=0 2438 2104 1952 1870 1543 327 105 334 157 152
internal_count=2543 2438 2104 1952 1870 1543 327 105 334 157 152
is_linear=0
shrinkage=0.05


Tree=51
num_leaves=12
num_cat=0
split_feature=20 21 5 22 19 24 2 9 9 2 9
split_gain=6.95138 7.66142 9.0613 7.25615 7.94143 8.32632 4.50606 1.84561 0.908907 3.9582 8.93172e-05
threshold=1.0000000180025095e-35 1.0000000180025095e-35 1.0000000180025095e-35 1.0000000180025095e-35 1.0000000180025095e-35 1.0000000180025095e-35 1.0000000180025095e-35 1.0000000180025095e-35 1.0000000180025095e-35 1.0000000180025095e-35 1.0000000180025095e-35
decision_type=2 2 2 2 2 2 2 2 2 2 2
left_child=1 2 3 4 5 -1 -6 -2 -3 -10 -4
right_child=7 8 10 -5 6 -7 -8 -9 9 -11 -12
leaf_value=-0.0058961556899296032 0.023077942803502085 0.008948895754029523 0.010061639160304876 0.011982940580359045 -0.0020951782911437455 0.0066914166937228937 0.0096450223576232605 0.0084041071385145185 0.010136552219720263 -0.006104391140322532 0.010138301722705365
leaf_weight=1398 30 177 77 82 161 145 166 75 95 62 75
leaf_count=1398 30 177 77 82 161 145 166 75 95 62 75
internal_value=0 -0.000542513 -0.00165927 -0.00257491 -0.00321327 -0.00471327 0.00386468 0.0125966 0.00649238 0.00372293 0.0100995
internal_weight=0 2438 2104 1952 1870 1543 327 105 334 157 152
internal_count=2543 2438 2104 1952 1870 1543 327 105 334 157 152
is_linear=0
shrinkage=0.05


Tree=52
num_leaves=12
num_cat=0
split_feature=20 21 5 22 19 24 2 9 9 2 9
split_gain=6.27362 6.91443 8.17783 6.54868 7.16714 7.51451 4.06672 1.66566 0.820288 3.57228 8.06074e-05
threshold=1.0000000180025095e-35 1.0000000180025095e-35 1.0000000180025095e-35 1.0000000180025095e-35 1.0000000180025095e-35 1.0000000180025095e-35 1.0000000180025095e-35 1.0000000180025095e-35 1.0000000180025095e-35 1.0000000180025095e-35 1.0000000180025095e-35
decision_type=2 2 2 2 2 2 2 2 2 2 2
left_child=1 2 3 4 5 -1 -6 -2 -3 -10 -4
right_child=7 8 10 -5 6 -7 -8 -9 9 -11 -12
leaf_value=-0.0056013476785090159 0.021924046811958156 0.0085014495646086458 0.0095585576706118391 0.011383793725370907 -0.0019904193838607082 0.0063568459036920603 0.0091627727879817229 0.0079839042673508342 0.0096297245649130739 -0.0057991720195258827 0.0096313865010937069
leaf_weight=1398 30 177 77 82 161 145 166 75 95 62 75
leaf_count=1398 30 177 77 82 161 145 166 75 95 62 75
internal_value=0 -0.000515387 -0.0015763 -0.00244616 -0.00305261 -0.0044776 0.00367145 0.0119668 0.00616776 0.00353678 0.00959449
internal_weight=0 2438 2104 1952 1870 1543 327 105 334 157 152
internal_count=2543 2438 2104 1952 1870 1543 327 105 334 157 152
is_linear=0
shrinkage=0.05


Tree=53
num_leaves=19
num_cat=0
split_feature=2 9 15 15 13 24 21 13 9 19 18 3 18 19 25 21 22 24
split_gain=5.76807 25.9027 16.3868 15.4195 14.0042 14.0024 23.1515 9.07518 7.1236 10.1668 5.8276 2.10185 1.99516 2.21322 1.89383 1.88533 1.58491 0.876023
threshold=1.0000000180025095e-35 1.0000000180025095e-35 1.0000000180025095e-35 1.0000000180025095e-35 1.0000000180025095e-35 1.0000000180025095e-35 1.0000000180025095e-35 1.0000000180025095e-35 1.0000000180025095e-35 1.0000000180025095e-35 1.0000000180025095e-35 1.0000000180025095e-35 1.0000000180025095e-35 1.0000000180025095e-35 1.0000000180025095e-35 1.0000000180025095e-35 1.0000000180025095e-35 1.0000000180025095e-35
decision_type=2 2 2 2 2 2 2 2 2 2 2 2 2 2 2 2 2 2
left_child=7 3 10 4 5 6 -2 8 9 11 14 -1 13 16 15 -3 -10 -13
right_child=1 2 -4 -5 -6 -7 -8 -9 12 -11 -12 17 -14 -15 -16 -17 -18 -19
leaf_value=0.0090806298151418757 -0.014447087088361893 -0.015864668256103599 -0.034482387201731197 0.017013867001514884 0.018520641627620502 0.017148266497275067 0.0080763788432103856 -0.015671028084218948 0.0033420555218453374 -0.018141930276987614 0.012121314182877541 0.0012458235994117321 0.01398266996939977 0.013005878922662565 -0.0040226615877712478 -0.0055092139770427061 0.010814602742335056 -0.0049180795808565127
leaf_weight=77 321 151 72 152 83 72 177 67 527 77 32 274 75 84 85 62 82 73
leaf_count=77 321 151 72 152 83 72 177 67 527 77 32 274 75 84 85 62 82 73
internal_value=0 -0.00250531 -0.0128704 0.00267081 -0.000667852 -0.00346197 -0.00644176 0.00226341 0.0032103 -0.00142791 -0.00815509 0.00160742 0.00623601 0.00539763 -0.0103324 -0.0128504 0.00434821 -5.09053e-05
internal_weight=0 1207 402 805 653 570 498 1336 1269 501 330 424 768 693 298 213 609 347
internal_count=2543 1207 402 805 653 570 498 1336 1269 501 330 424 768 693 298 213 609 347
is_linear=0
shrinkage=0.05


Tree=54
num_leaves=14
num_cat=0
split_feature=20 21 5 19 2 13 13 2 9 9 9 2 9
split_gain=5.69658 5.83638 6.9096 5.97466 7.89358 22.7301 6.31086 4.11804 14.0704 1.6679 0.616768 3.03223 0.00192732
threshold=1.0000000180025095e-35 1.0000000180025095e-35 1.0000000180025095e-35 1.0000000180025095e-35 1.0000000180025095e-35 1.0000000180025095e-35 1.0000000180025095e-35 1.0000000180025095e-35 1.0000000180025095e-35 1.0000000180025095e-35 1.0000000180025095e-35 1.0000000180025095e-35 1.0000000180025095e-35
decision_type=2 2 2 2 2 2 2 2 2 2 2 2 2
left_child=1 2 3 4 6 -6 -1 8 -5 -2 -3 -12 -4
right_child=9 10 12 7 5 -7 -8 -9 -10 -11 11 -13 -14
leaf_value=0.0011041758629219637 0.021367115192115309 0.0076725596443639466 0.008626597756882768 -0.017234833100084942 -0.010087291447249383 0.017594609400874608 -0.014887476970099345 0.0094269882517316987 0.012355584802017325 0.0074176062370340029 0.0089811348856279737 -0.0052337513996228097 0.0089827143475413318
leaf_weight=779 30 177 77 77 696 83 67 166 84 75 95 62 75
leaf_count=779 30 177 77 77 696 83 67 166 84 75 95 62 75
internal_value=0 -0.000491113 -0.00146582 -0.00226539 -0.00350628 -0.00713787 -0.000162303 0.00390112 -0.00179635 0.0114032 0.00564898 0.00336761 0.00880231
internal_weight=0 2438 2104 1952 1625 779 846 327 161 105 334 157 152
internal_count=2543 2438 2104 1952 1625 779 846 327 161 105 334 157 152
is_linear=0
shrinkage=0.05


Tree=55
num_leaves=15
num_cat=0
split_feature=20 21 24 2 13 19 9 3 13 19 9 2 9 2
split_gain=5.14116 5.26734 6.55794 7.4492 18.4876 24.4296 7.44668 5.7162 5.02318 4.88321 1.50528 1.10075 0.556634 2.73659
threshold=1.0000000180025095e-35 1.0000000180025095e-35 1.0000000180025095e-35 1.0000000180025095e-35 1.0000000180025095e-35 1.0000000180025095e-35 1.0000000180025095e-35 1.0000000180025095e-35 1.0000000180025095e-35 1.0000000180025095e-35 1.0000000180025095e-35 1.0000000180025095e-35 1.0000000180025095e-35 1.0000000180025095e-35
decision_type=2 2 2 2 2 2 2 2 2 2 2 2 2 2
left_child=1 2 3 6 5 -5 9 11 -8 -1 -2 -4 -3 -14
right_child=10 12 7 4 -6 -7 8 -9 -10 -11 -12 -13 13 -15
leaf_value=-0.0021607535478602633 0.020298758285741014 0.0072889321402115174 0.0081952684619403509 -0.012626558273451594 0.016714879631412678 0.0089556362648236468 0.005067640050900532 -0.0047273830753074937 -0.010992940388760477 -0.016373092178920551 0.0070467242598533627 0.016795218541907766 0.0085320787676793873 -0.0049720655045201699
leaf_weight=281 30 177 77 624 83 166 598 73 53 77 75 72 95 62
leaf_count=281 30 177 77 624 83 166 598 73 53 77 75 72 95 62
internal_value=0 -0.000466557 -0.00139253 -0.00235126 -0.00573311 -0.00809157 0.00057475 0.0067351 0.0037601 -0.0052176 0.010833 0.0123509 0.00536653 0.00319923
internal_weight=0 2438 2104 1882 873 790 1009 222 651 358 105 149 334 157
internal_count=2543 2438 2104 1882 873 790 1009 222 651 358 105 149 334 157
is_linear=0
shrinkage=0.05


Tree=56
num_leaves=15
num_cat=0
split_feature=20 21 24 2 13 19 9 3 13 19 9 2 9 2
split_gain=4.6399 4.75377 5.91854 6.7229 16.685 22.0477 6.72062 5.15887 4.53342 4.40709 1.35852 0.993427 0.502362 2.46977
threshold=1.0000000180025095e-35 1.0000000180025095e-35 1.0000000180025095e-35 1.0000000180025095e-35 1.0000000180025095e-35 1.0000000180025095e-35 1.0000000180025095e-35 1.0000000180025095e-35 1.0000000180025095e-35 1.0000000180025095e-35 1.0000000180025095e-35 1.0000000180025095e-35 1.0000000180025095e-35 1.0000000180025095e-35
decision_type=2 2 2 2 2 2 2 2 2 2 2 2 2 2
left_child=1 2 3 6 5 -5 9 11 -8 -1 -2 -4 -3 -14
right_child=10 12 7 4 -6 -7 8 -9 -10 -11 -12 -13 13 -15
leaf_value=-0.0020527150670855282 0.019283820763230326 0.0069244855136142277 0.0077855043597035607 -0.011995230676247724 0.0158791325780204 0.0085078517569745164 0.0048142575467298165 -0.004491014403533446 -0.010443293127530028 -0.015554436702619901 0.006694388359785081 0.015955456932230543 0.0081054743840114057 -0.0047234623963313717
leaf_weight=281 30 177 77 624 83 166 598 73 53 77 75 72 95 62
leaf_count=281 30 177 77 624 83 166 598 73 53 77 75 72 95 62
internal_value=0 -0.00044323 -0.00132291 -0.0022337 -0.00544645 -0.00768699 0.000546013 0.00639835 0.00357209 -0.00495672 0.0102914 0.0117334 0.0050982 0.00303927
internal_weight=0 2438 2104 1882 873 790 1009 222 651 358 105 149 334 157
internal_count=2543 2438 2104 1882 873 790 1009 222 651 358 105 149 334 157
is_linear=0
shrinkage=0.05


Tree=57
num_leaves=14
num_cat=0
split_feature=20 5 21 19 18 22 9 2 9 9 9 2 9
split_gain=4.18751 4.29085 5.27284 4.69615 6.11487 6.59242 5.83661 2.81742 10.8801 1.22606 0.453381 2.22897 0.0062883
threshold=1.0000000180025095e-35 1.0000000180025095e-35 1.0000000180025095e-35 1.0000000180025095e-35 1.0000000180025095e-35 1.0000000180025095e-35 1.0000000180025095e-35 1.0000000180025095e-35 1.0000000180025095e-35 1.0000000180025095e-35 1.0000000180025095e-35 1.0000000180025095e-35 1.0000000180025095e-35
decision_type=2 2 2 2 2 2 2 2 2 2 2 2 2
left_child=1 2 3 4 5 -1 -6 8 -5 -2 -4 -12 -3
right_child=9 12 10 7 6 -7 -8 -9 -10 -11 11 -13 -14
leaf_value=-0.0048652319596500827 0.018319628822306793 0.007396229508925569 0.0065782586459891268 -0.014776715199620306 -0.0080960467525680244 0.0097245689278834778 0.012888690807952364 0.0080824627754199942 0.011243711230954865 0.0063596677904327716 0.0077002009298456344 -0.0044872890737268235 0.0080394832746436204
leaf_weight=1388 30 77 177 77 48 82 107 166 84 75 95 62 75
leaf_count=1388 30 77 177 77 48 82 107 166 84 75 95 62 75
internal_value=0 -0.000421068 -0.000961958 -0.00195527 -0.00305541 -0.00405138 0.00639019 0.00351178 -0.00120084 0.0097768 0.00484329 0.00288731 0.00771362
internal_weight=0 2438 2286 1952 1625 1470 155 327 161 105 334 157 152
internal_count=2543 2438 2286 1952 1625 1470 155 327 161 105 334 157 152
is_linear=0
shrinkage=0.05


Tree=58
num_leaves=19
num_cat=0
split_feature=2 9 15 15 13 19 21 13 18 9 19 25 18 19 21 22 23 3
split_gain=3.89211 17.0782 19.1805 14.4651 10.8721 12.8658 28.7499 6.23648 4.93038 4.06477 6.3205 1.83086 1.70442 1.62867 1.37073 1.35712 1.2532 0.610516
threshold=1.0000000180025095e-35 1.0000000180025095e-35 1.0000000180025095e-35 1.0000000180025095e-35 1.0000000180025095e-35 1.0000000180025095e-35 1.0000000180025095e-35 1.0000000180025095e-35 1.0000000180025095e-35 1.0000000180025095e-35 1.0000000180025095e-35 1.0000000180025095e-35 1.0000000180025095e-35 1.0000000180025095e-35 1.0000000180025095e-35 1.0000000180025095e-35 1.0000000180025095e-35 1.0000000180025095e-35
decision_type=2 2 2 2 2 2 2 2 2 2 2 2 2 2 2 2 2 2
left_child=7 2 4 8 5 6 -2 9 11 10 16 14 13 15 -3 -11 17 -1
right_child=1 3 -4 -5 -6 -7 -8 -9 -10 12 -12 -13 -14 -15 -16 -17 -18 -19
leaf_value=0.0070264184049197613 -0.02063376915524201 -0.013092719067800915 0.018141888310645681 -0.030779552586480147 0.015328439952334367 0.0076783342713333041 0.0062493457411557946 -0.013007968348544785 0.012606266513466836 0.0023236188555995191 -0.014037879644711685 -0.0018428127160843681 0.012089797347784044 0.010681525014972847 -0.0042629230346891188 0.0092383413098570781 -0.0030031285074853392 0.0018964289093112694
leaf_weight=77 227 151 152 72 83 166 177 67 32 527 77 85 75 84 62 82 112 235
leaf_count=77 227 151 152 72 83 166 177 67 32 527 77 85 75 84 62 82 112 235
internal_value=0 -0.00205797 0.00214497 -0.0104743 -0.00157866 -0.00404058 -0.00885577 0.00185926 -0.00604406 0.00264421 -0.000859425 -0.00804678 0.00492978 0.00415489 -0.0105225 0.00325467 0.00153383 0.00316248
internal_weight=0 1207 805 402 653 570 404 1336 330 1269 501 298 768 693 213 609 424 312
internal_count=2543 1207 805 402 653 570 404 1336 330 1269 501 298 768 693 213 609 424 312
is_linear=0
shrinkage=0.05


Tree=59
num_leaves=15
num_cat=0
split_feature=20 24 21 2 13 19 9 3 13 19 2 9 2 9
split_gain=3.89127 4.38101 4.79125 5.6422 14.0387 17.3083 4.83431 4.71343 3.37022 3.29192 1.41702 1.28562 0.403636 1.83176
threshold=1.0000000180025095e-35 1.0000000180025095e-35 1.0000000180025095e-35 1.0000000180025095e-35 1.0000000180025095e-35 1.0000000180025095e-35 1.0000000180025095e-35 1.0000000180025095e-35 1.0000000180025095e-35 1.0000000180025095e-35 1.0000000180025095e-35 1.0000000180025095e-35 1.0000000180025095e-35 1.0000000180025095e-35
decision_type=2 2 2 2 2 2 2 2 2 2 2 2 2 2
left_child=1 2 3 6 5 -5 9 10 -8 -1 -3 -2 -4 -14
right_child=11 7 12 4 -6 -7 8 -9 -10 -11 -12 -13 13 -15
leaf_value=-0.0016668691183026098 0.01817248356839021 0.0066750970378808387 0.0071990095824003217 -0.010871805472918777 0.014562016407103055 0.0072944194796573693 0.0041278451788110699 -0.0041180236086453478 -0.0090274683006529542 -0.013335984804466121 0.016432634494008704 0.0059255058976511168 0.005936881265271518 -0.0040497768129552567
leaf_weight=281 30 77 95 624 83 166 598 73 53 77 72 75 177 62
leaf_count=281 30 77 95 624 83 166 598 73 53 77 72 75 177 62
internal_value=0 -0.000405901 -0.00107676 -0.00205619 -0.00499941 -0.0070546 0.000490322 0.00629061 0.00305683 -0.00417671 0.0113901 0.00942464 0.00444206 0.0033462
internal_weight=0 2438 2216 1882 873 790 1009 222 651 358 149 105 334 239
internal_count=2543 2438 2216 1882 873 790 1009 222 651 358 149 105 334 239
is_linear=0
shrinkage=0.05


Tree=60
num_leaves=14
num_cat=0
split_feature=20 24 21 2 13 19 13 9 3 2 9 2 9
split_gain=3.51187 3.95387 4.3241 5.09208 12.6699 15.6208 4.44874 4.32706 4.25387 1.27886 1.16027 0.364282 1.65316
threshold=1.0000000180025095e-35 1.0000000180025095e-35 1.0000000180025095e-35 1.0000000180025095e-35 1.0000000180025095e-35 1.0000000180025095e-35 1.0000000180025095e-35 1.0000000180025095e-35 1.0000000180025095e-35 1.0000000180025095e-35 1.0000000180025095e-35 1.0000000180025095e-35 1.0000000180025095e-35
decision_type=2 2 2 2 2 2 2 2 2 2 2 2 2
left_child=1 2 3 6 5 -5 7 -1 9 -3 -2 -4 -13
right_child=10 8 11 4 -6 -7 -8 -9 -10 -11 -12 12 -14
leaf_value=-0.003116754888418824 0.017263859615971645 0.0063413414281684082 0.006839059452820373 -0.01032821607337225 0.013833917134318009 0.006929698653788452 -0.011983099150985702 0.0039214531190694454 -0.0039121229992541548 0.015611002497219792 0.0056292295070985952 0.0056400341160679603 -0.0038472879137242998
leaf_weight=344 30 77 95 624 83 166 67 598 73 72 75 177 62
leaf_count=344 30 77 95 624 83 166 67 598 73 72 75 177 62
internal_value=0 -0.000385607 -0.00102292 -0.00195338 -0.00474944 -0.00670187 0.000465805 0.00135124 0.00597608 0.0108206 0.00895341 0.00421995 0.00317889
internal_weight=0 2438 2216 1882 873 790 1009 942 222 149 105 334 239
internal_count=2543 2438 2216 1882 873 790 1009 942 222 149 105 334 239
is_linear=0
shrinkage=0.05


Tree=61
num_leaves=15
num_cat=0
split_feature=20 24 21 15 9 2 9 13 18 3 2 9 2 9
split_gain=3.16946 3.56836 3.9025 4.69008 29.8252 16.0219 8.30358 9.66507 6.1961 3.83912 1.15418 1.04714 0.328765 1.49198
threshold=1.0000000180025095e-35 1.0000000180025095e-35 1.0000000180025095e-35 1.0000000180025095e-35 1.0000000180025095e-35 1.0000000180025095e-35 1.0000000180025095e-35 1.0000000180025095e-35 1.0000000180025095e-35 1.0000000180025095e-35 1.0000000180025095e-35 1.0000000180025095e-35 1.0000000180025095e-35 1.0000000180025095e-35
decision_type=2 2 2 2 2 2 2 2 2 2 2 2 2 2
left_child=1 2 3 6 -5 -6 7 -1 -8 10 -3 -2 -4 -14
right_child=11 9 12 4 5 -7 8 -9 -10 -11 -12 -13 13 -15
leaf_value=-0.0092118467082009502 0.016400665991629162 0.0060242746581698394 0.0064971058095168125 0.019343655727492318 0.00036295107896289522 -0.028180573854802382 -0.0013078668161775192 0.0077408033605549757 0.011666951627931863 -0.0037165145096305302 0.014830453797347015 0.0053477663993835448 0.0053580326003175088 -0.0036549252668215387
leaf_weight=631 30 77 95 163 155 72 657 97 107 73 72 75 177 62
leaf_count=631 30 77 95 163 155 72 657 97 107 73 72 75 177 62
internal_value=0 -0.000366326 -0.000971777 -0.00185571 0.00302634 -0.0086905 -0.00313185 -0.00695305 0.000509287 0.00567728 0.0102796 0.00850574 0.00400896 0.00301994
internal_weight=0 2438 2216 1882 390 227 1492 728 764 222 149 105 334 239
internal_count=2543 2438 2216 1882 390 227 1492 728 764 222 149 105 334 239
is_linear=0
shrinkage=0.05


Tree=62
num_leaves=18
num_cat=0
split_feature=2 9 15 15 24 19 21 13 18 20 9 19 25 18 19 21 3
split_gain=3.10973 11.4161 18.5477 11.4315 8.44662 11.4755 22.838 4.82351 4.21042 2.50705 3.40267 4.13861 1.71687 1.40873 1.67714 1.08078 1.00543
threshold=1.0000000180025095e-35 1.0000000180025095e-35 1.0000000180025095e-35 1.0000000180025095e-35 1.0000000180025095e-35 1.0000000180025095e-35 1.0000000180025095e-35 1.0000000180025095e-35 1.0000000180025095e-35 1.0000000180025095e-35 1.0000000180025095e-35 1.0000000180025095e-35 1.0000000180025095e-35 1.0000000180025095e-35 1.0000000180025095e-35 1.0000000180025095e-35 1.0000000180025095e-35
decision_type=2 2 2 2 2 2 2 2 2 2 2 2 2 2 2 2 2
left_child=7 2 4 8 5 6 -2 9 12 10 11 16 15 14 -12 -3 -1
right_child=1 3 -4 -5 -6 -7 -8 -9 -10 -11 13 -13 -14 -15 -16 -17 -18
leaf_value=0.005723061262593641 -0.018626203183808653 -0.011312689392909173 0.017327613630454593 -0.026771545244587792 0.014088930575073594 0.0070438057902347615 0.0050901308064125374 -0.011413088540977508 0.012452608719468117 0.010807740624153579 0.0022099409575054374 -0.01205275675566117 -0.0006252771265366499 0.010499495171010495 0.0098103770304338225 -0.0034721783152030362 -0.00060439784923801195
leaf_weight=77 238 151 152 72 72 166 177 67 32 82 534 77 85 75 84 62 340
leaf_count=77 238 151 152 72 72 166 177 67 32 82 534 77 85 75 84 62 340
internal_value=0 -0.00183953 0.00159676 -0.00872067 -0.00206494 -0.0040668 -0.00851104 0.00166191 -0.00478229 0.00235224 0.00176812 -0.00140259 -0.00663302 0.00402834 0.00324301 -0.00903047 0.000563982
internal_weight=0 1207 805 402 653 581 415 1336 330 1269 1187 494 298 693 618 213 417
internal_count=2543 1207 805 402 653 581 415 1336 330 1269 1187 494 298 693 618 213 417
is_linear=0
shrinkage=0.05


Tree=63
num_leaves=18
num_cat=0
split_feature=2 9 15 15 13 19 21 13 18 20 9 19 25 18 19 21 3
split_gain=2.80653 10.303 16.7393 10.3169 9.31332 11.1958 23.1955 4.35322 3.7999 2.26261 3.0709 3.73509 1.54948 1.27138 1.51362 0.975405 0.907402
threshold=1.0000000180025095e-35 1.0000000180025095e-35 1.0000000180025095e-35 1.0000000180025095e-35 1.0000000180025095e-35 1.0000000180025095e-35 1.0000000180025095e-35 1.0000000180025095e-35 1.0000000180025095e-35 1.0000000180025095e-35 1.0000000180025095e-35 1.0000000180025095e-35 1.0000000180025095e-35 1.0000000180025095e-35 1.0000000180025095e-35 1.0000000180025095e-35 1.0000000180025095e-35
decision_type=2 2 2 2 2 2 2 2 2 2 2 2 2 2 2 2 2
left_child=7 2 4 8 5 6 -2 9 12 10 11 16 15 14 -12 -3 -1
right_child=1 3 -4 -5 -6 -7 -8 -9 -10 -11 13 -13 -14 -15 -16 -17 -18
leaf_value=0.0054369085732695888 -0.019311367918220287 -0.010747054756144125 0.016461231599800827 -0.025432967887415243 0.01368649117311979 0.0066916148716875583 0.004835626671546518 -0.010842434005506003 0.011829978600144387 0.010267353405403655 0.0020994433706315856 -0.011450117646244826 -0.00059401350698488605 0.0099745201620583743 0.0093198586914998785 -0.0032985700534716731 -0.00057417791434144266
leaf_weight=77 227 151 152 72 83 166 177 67 32 82 534 77 85 75 84 62 340
leaf_count=77 227 151 152 72 83 166 177 67 32 82 534 77 85 75 84 62 340
internal_value=0 -0.00174756 0.00151692 -0.00828463 -0.0019617 -0.00424029 -0.00873212 0.00157882 -0.00454318 0.00223463 0.00167972 -0.00133246 -0.00630137 0.00382693 0.00308086 -0.00857895 0.000535783
internal_weight=0 1207 805 402 653 570 404 1336 330 1269 1187 494 298 693 618 213 417
internal_count=2543 1207 805 402 653 570 404 1336 330 1269 1187 494 298 693 618 213 417
is_linear=0
shrinkage=0.05


Tree=64
num_leaves=15
num_cat=0
split_feature=24 2 13 19 21 15 13 2 20 9 19 18 3 9
split_gain=2.73704 4.17794 8.80436 8.31522 9.29486 19.0662 4.00094 3.48801 1.97788 3.17147 2.96256 1.14742 1.11813 1.09674
threshold=1.0000000180025095e-35 1.0000000180025095e-35 1.0000000180025095e-35 1.0000000180025095e-35 1.0000000180025095e-35 1.0000000180025095e-35 1.0000000180025095e-35 1.0000000180025095e-35 1.0000000180025095e-35 1.0000000180025095e-35 1.0000000180025095e-35 1.0000000180025095e-35 1.0000000180025095e-35 1.0000000180025095e-35
decision_type=2 2 2 2 2 2 2 2 2 2 2 2 2 2
left_child=1 6 3 4 5 -3 8 12 9 10 -1 -11 -2 -6
right_child=7 2 -4 -5 13 -7 -8 -9 -10 11 -12 -13 -14 -15
leaf_value=0.00025460307141033452 0.0051650633799613689 -0.015195509119192688 0.013002166681620013 0.0063570393361600044 0.0045938457503104536 0.0028454776680778846 -0.010300312914065461 0.014350051897862513 0.0097539848653690475 0.0029268163492427281 -0.01087761287178312 0.0094757954962551606 -0.0034717618407241442 -0.0031336403962585234
leaf_weight=267 77 423 83 166 177 224 67 72 82 618 77 75 73 62
leaf_count=267 77 423 83 166 177 224 67 72 82 618 77 75 73 62
internal_value=0 -0.000507313 -0.00267581 -0.00391276 -0.00583689 -0.00894948 0.00156793 0.00530394 0.00227854 0.00168743 -0.0022372 0.00363558 0.000961808 0.00258923
internal_weight=0 2321 1135 1052 886 647 1186 222 1119 1037 344 693 150 239
internal_count=2543 2321 1135 1052 886 647 1186 222 1119 1037 344 693 150 239
is_linear=0
shrinkage=0.05


Tree=65
num_leaves=15
num_cat=0
split_feature=24 2 13 19 21 15 13 2 20 9 19 19 3 9
split_gain=2.47018 3.77059 7.94594 7.50448 8.38861 17.2073 3.61085 3.14793 1.78503 2.86225 2.67371 1.05533 1.00911 0.989808
threshold=1.0000000180025095e-35 1.0000000180025095e-35 1.0000000180025095e-35 1.0000000180025095e-35 1.0000000180025095e-35 1.0000000180025095e-35 1.0000000180025095e-35 1.0000000180025095e-35 1.0000000180025095e-35 1.0000000180025095e-35 1.0000000180025095e-35 1.0000000180025095e-35 1.0000000180025095e-35 1.0000000180025095e-35
decision_type=2 2 2 2 2 2 2 2 2 2 2 2 2 2
left_child=1 6 3 4 5 -3 8 12 9 10 -1 -11 -2 -6
right_child=7 2 -4 -5 13 -7 -8 -9 -10 11 -12 -13 -14 -15
leaf_value=0.00024187220504667874 0.0049068093124486796 -0.014435733413658419 0.012352057990719038 0.0060391824097787766 0.0043641533571069186 0.0027032029309858839 -0.0097852957789410847 0.013632549764588477 0.0092662864614550654 0.0027291496885355109 -0.010333731898723485 0.0087075246864558378 -0.0032981738027134176 -0.0029769589583719929
leaf_weight=267 77 423 83 166 177 224 67 72 82 609 77 84 73 62
leaf_count=267 77 423 83 166 177 224 67 72 82 609 77 84 73 62
internal_value=0 -0.000481948 -0.00254202 -0.00371712 -0.00554505 -0.00850201 0.00148953 0.00503874 0.00216461 0.00160305 -0.00212534 0.0034538 0.000913718 0.00245976
internal_weight=0 2321 1135 1052 886 647 1186 222 1119 1037 344 693 150 239
internal_count=2543 2321 1135 1052 886 647 1186 222 1119 1037 344 693 150 239
is_linear=0
shrinkage=0.05


Tree=66
num_leaves=14
num_cat=0
split_feature=18 24 2 13 19 21 13 2 20 9 9 3 2
split_gain=2.67962 2.64757 3.15176 7.72148 7.83386 9.88242 2.97195 2.84101 1.86366 1.88877 1.83889 0.910721 0.133297
threshold=1.0000000180025095e-35 1.0000000180025095e-35 1.0000000180025095e-35 1.0000000180025095e-35 1.0000000180025095e-35 1.0000000180025095e-35 1.0000000180025095e-35 1.0000000180025095e-35 1.0000000180025095e-35 1.0000000180025095e-35 1.0000000180025095e-35 1.0000000180025095e-35 1.0000000180025095e-35
decision_type=2 2 2 2 2 2 2 2 2 2 2 2 2
left_child=1 2 6 4 5 -4 8 11 9 -1 -2 -3 -12
right_child=10 7 3 -5 -6 -7 -8 -9 -10 -11 12 -13 -14
leaf_value=-0.0020190729472656234 -0.0017605205978422117 0.0046614695608754968 -0.0097853509513262955 0.011734454692846322 0.0057372242672346441 0.0023367751635236969 -0.0092960309541311615 0.012950922249486517 0.0088029732518806695 0.0026033880493285672 0.0088655478823930038 -0.0031332673039287332 0.012720039673149587
leaf_weight=344 48 77 567 83 166 239 67 72 82 618 75 73 32
leaf_count=344 48 77 567 83 166 239 67 72 82 618 75 73 32
internal_value=0 -0.000413506 -0.000946502 -0.00290376 -0.00415373 -0.00619082 0.000912099 0.00478681 0.00156722 0.00095045 0.00637066 0.000868031 0.0100183
internal_weight=0 2388 2166 1055 972 806 1111 222 1044 962 155 150 107
internal_count=2543 2388 2166 1055 972 806 1111 222 1044 962 155 150 107
is_linear=0
shrinkage=0.05


Tree=67
num_leaves=15
num_cat=0
split_feature=18 20 24 21 15 9 19 2 9 9 3 2 9 2
split_gain=2.41835 2.41294 2.74346 3.18272 4.52886 23.3362 6.48514 2.56401 2.01697 1.6596 0.821925 0.300417 0.893301 0.120301
threshold=1.0000000180025095e-35 1.0000000180025095e-35 1.0000000180025095e-35 1.0000000180025095e-35 1.0000000180025095e-35 1.0000000180025095e-35 1.0000000180025095e-35 1.0000000180025095e-35 1.0000000180025095e-35 1.0000000180025095e-35 1.0000000180025095e-35 1.0000000180025095e-35 1.0000000180025095e-35 1.0000000180025095e-35
decision_type=2 2 2 2 2 2 2 2 2 2 2 2 2 2
left_child=1 2 3 4 6 -6 -1 10 -3 -2 -4 -5 -13 -11
right_child=9 8 7 11 5 -7 -8 -9 -10 13 -12 12 -14 -15
leaf_value=-0.0055309330989459149 -0.0016724943668426325 0.017975397507349649 0.0044283955803975563 0.0055438145171654851 0.017007694288265485 -0.0077899830383022983 0.0025704803321202965 0.01230337596886481 0.0026354619065920514 0.0084222706826403738 -0.0029766029869652774 0.0040291065444885673 -0.0029449506392402037 0.012084037810564042
leaf_weight=1010 48 30 77 95 163 227 327 72 75 75 73 177 62 32
leaf_count=1010 48 30 77 95 163 227 327 72 75 75 73 177 62 32
internal_value=0 -0.000392831 -0.000733685 -0.00130254 -0.00216663 0.00257417 -0.00354951 0.00454747 0.0070183 0.00605213 0.00082463 0.00316535 0.00221994 0.00951738
internal_weight=0 2388 2283 2061 1727 390 1337 222 105 155 150 334 239 107
internal_count=2543 2388 2283 2061 1727 390 1337 222 105 155 150 334 239 107
is_linear=0
shrinkage=0.05


Tree=68
num_leaves=13
num_cat=0
split_feature=22 18 5 21 20 19 9 9 2 9 2 9
split_gain=2.21683 2.39713 2.49478 2.68135 3.24612 3.77201 1.82032 1.49779 0.271127 0.806205 0.108572 0.107111
threshold=1.0000000180025095e-35 1.0000000180025095e-35 1.0000000180025095e-35 1.0000000180025095e-35 1.0000000180025095e-35 1.0000000180025095e-35 1.0000000180025095e-35 1.0000000180025095e-35 1.0000000180025095e-35 1.0000000180025095e-35 1.0000000180025095e-35 1.0000000180025095e-35
decision_type=2 2 2 2 2 2 2 2 2 2 2 2
left_child=1 2 3 4 5 -1 -6 -3 -5 -10 -9 -4
right_child=-2 7 11 8 6 -7 -8 10 9 -11 -12 -13
leaf_value=-0.0035272909322386519 0.0080874621868133548 -0.00158887065287369 0.0042069761058339825 0.0052666236112188358 0.017076627003649873 0.0024419575955274457 0.0025036885589361192 0.008001156506439051 0.0038276519384340384 -0.0027977033007529476 0.011479837074875833 0.0068617784256736446
leaf_weight=1388 82 48 77 95 30 327 75 75 177 62 32 75
leaf_count=1388 82 48 77 95 30 327 75 75 177 62 32 75
internal_value=0 -0.000269473 -0.000674045 -0.00111092 -0.00186664 -0.00238913 0.00666739 0.00574952 0.00300708 0.00210894 0.00904151 0.00551691
internal_weight=0 2461 2306 2154 1820 1715 105 155 334 239 107 152
internal_count=2543 2461 2306 2154 1820 1715 105 155 334 239 107 152
is_linear=0
shrinkage=0.05


Tree=69
num_leaves=15
num_cat=0
split_feature=2 13 24 19 15 9 21 13 20 9 19 19 22 3
split_gain=2.02643 6.10472 6.3063 5.87286 7.35185 29.0572 14.0801 2.66564 1.31485 1.87813 2.98365 0.873747 1.03737 0.39919
threshold=1.0000000180025095e-35 1.0000000180025095e-35 1.0000000180025095e-35 1.0000000180025095e-35 1.0000000180025095e-35 1.0000000180025095e-35 1.0000000180025095e-35 1.0000000180025095e-35 1.0000000180025095e-35 1.0000000180025095e-35 1.0000000180025095e-35 1.0000000180025095e-35 1.0000000180025095e-35 1.0000000180025095e-35
decision_type=2 2 2 2 2 2 2 2 2 2 2 2 2 2
left_child=7 2 3 4 6 -6 -2 8 9 10 13 12 -11 -1
right_child=1 -3 -4 -5 5 -7 -8 -9 -10 11 -12 -13 -14 -15
leaf_value=0.0039966272698207335 -0.01317863108449336 0.011600643003651177 0.011864571092236374 0.0051997446466282189 0.015175984466546461 -0.023383621695554919 0.0020034915903996225 -0.0083783193769406041 0.0079781902181666076 0.0016375688031895451 -0.0099667140234310139 0.0078913576124856871 0.0076830892800921341 9.6578901524052902e-06
leaf_weight=77 423 83 72 166 152 72 239 67 82 527 77 84 82 340
leaf_count=77 423 83 72 166 152 72 239 67 82 527 77 84 82 340
internal_value=0 -0.00148495 -0.00245124 -0.00343103 -0.00504808 0.00278183 -0.00769747 0.00134157 0.00185476 0.00143174 -0.000923913 0.00311095 0.00245158 0.000745861
internal_weight=0 1207 1124 1052 886 224 662 1336 1269 1187 494 693 609 417
internal_count=2543 1207 1124 1052 886 224 662 1336 1269 1187 494 693 609 417
is_linear=0
shrinkage=0.05


Tree=70
num_leaves=14
num_cat=0
split_feature=18 22 24 21 15 9 2 2 9 3 2 9 2
split_gain=2.19244 1.99975 2.2145 2.43773 3.72744 19.5669 4.95121 2.19179 1.21632 0.62334 0.247686 0.727599 0.14684
threshold=1.0000000180025095e-35 1.0000000180025095e-35 1.0000000180025095e-35 1.0000000180025095e-35 1.0000000180025095e-35 1.0000000180025095e-35 1.0000000180025095e-35 1.0000000180025095e-35 1.0000000180025095e-35 1.0000000180025095e-35 1.0000000180025095e-35 1.0000000180025095e-35 1.0000000180025095e-35
decision_type=2 2 2 2 2 2 2 2 2 2 2 2 2
left_child=1 2 3 4 6 -6 -1 9 -2 -4 -5 -12 -10
right_child=8 -3 7 10 5 -7 -8 -9 12 -11 11 -13 -14
leaf_value=-0.00048666998645785498 -0.00085049637709744275 0.007298934007654103 0.0037967952681923068 0.0049214139789048785 0.015626048775421217 -0.0070808118940813118 -0.0065715748238584937 0.011271342518739402 0.0075192206911742698 -0.0026518900840453909 0.0035360934851443831 -0.0027579916821372126 0.011564777791500093
leaf_weight=768 48 82 77 95 163 227 592 72 75 73 177 62 32
leaf_count=768 48 82 77 95 163 227 592 72 75 73 177 62 32
internal_value=0 -0.000374033 -0.000646879 -0.00115259 -0.00189968 0.00240949 -0.00313539 0.00410046 0.00576252 0.000658435 0.00276176 0.00190332 0.00872911
internal_weight=0 2388 2306 2084 1750 390 1360 222 155 150 334 239 107
internal_count=2543 2388 2306 2084 1750 390 1360 222 155 150 334 239 107
is_linear=0
shrinkage=0.05


Tree=71
num_leaves=12
num_cat=0
split_feature=18 5 20 22 21 19 9 9 2 9 2
split_gain=1.97868 1.98807 2.15279 2.18859 2.5796 3.36348 1.90002 1.09773 0.223536 0.154059 0.132523
threshold=1.0000000180025095e-35 1.0000000180025095e-35 1.0000000180025095e-35 1.0000000180025095e-35 1.0000000180025095e-35 1.0000000180025095e-35 1.0000000180025095e-35 1.0000000180025095e-35 1.0000000180025095e-35 1.0000000180025095e-35 1.0000000180025095e-35
decision_type=2 2 2 2 2 2 2 2 2 2 2
left_child=1 2 3 4 5 -1 -4 -2 -6 -3 -9
right_child=7 9 6 -5 8 -7 -8 10 -10 -11 -12
leaf_value=-0.0032540841769738735 -0.00080797194289819658 0.0036069562295814616 0.016892484637598196 0.0069339879765743162 0.0046753429400881652 0.0023826512394171063 0.0020039275387922924 0.0071432596842447918 0.0018081536757658435 0.0067908509566138187 0.010986537486314774
leaf_weight=1388 48 77 30 82 95 327 75 75 239 75 32
leaf_count=1388 48 77 30 82 95 327 75 75 239 75 32
internal_value=0 -0.000355331 -0.000731476 -0.00107586 -0.00139641 -0.00217932 0.0062578 0.00547439 0.00262367 0.00517796 0.00829265
internal_weight=0 2388 2236 2131 2049 1715 105 155 334 152 107
internal_count=2543 2388 2236 2131 2049 1715 105 155 334 152 107
is_linear=0
shrinkage=0.05


Tree=72
num_leaves=12
num_cat=0
split_feature=18 5 20 22 21 19 9 9 2 9 2
split_gain=1.78576 1.79424 1.9429 1.9752 2.32809 3.03554 1.71477 0.990701 0.201741 0.139038 0.119602
threshold=1.0000000180025095e-35 1.0000000180025095e-35 1.0000000180025095e-35 1.0000000180025095e-35 1.0000000180025095e-35 1.0000000180025095e-35 1.0000000180025095e-35 1.0000000180025095e-35 1.0000000180025095e-35 1.0000000180025095e-35 1.0000000180025095e-35
decision_type=2 2 2 2 2 2 2 2 2 2 2
left_child=1 2 3 4 5 -1 -4 -2 -6 -3 -9
right_child=7 9 6 -5 8 -7 -8 10 -10 -11 -12
leaf_value=-0.0030913804833512548 -0.00076757240943455451 0.0034266082987237673 0.016047860458493234 0.006587288474164359 0.0044415761129685529 0.002263516439153423 0.0019037320266167325 0.0067860969503720607 0.0017177455904822947 0.0064513090911010908 0.010437212884426117
leaf_weight=1388 48 77 30 82 95 327 75 75 239 75 32
leaf_count=1388 48 77 30 82 95 327 75 75 239 75 32
internal_value=0 -0.000337565 -0.000694902 -0.00102206 -0.00132659 -0.00207036 0.00594491 0.00520067 0.00249249 0.00491906 0.00787802
internal_weight=0 2388 2236 2131 2049 1715 105 155 334 152 107
internal_count=2543 2388 2236 2131 2049 1715 105 155 334 152 107
is_linear=0
shrinkage=0.05


Tree=73
num_leaves=15
num_cat=0
split_feature=2 13 24 19 15 9 21 13 20 9 19 19 22 23
split_gain=1.63217 6.02434 5.45755 5.3532 6.37564 24.6237 11.7103 2.19581 1.10538 1.41306 2.8999 0.791674 0.651885 0.272415
threshold=1.0000000180025095e-35 1.0000000180025095e-35 1.0000000180025095e-35 1.0000000180025095e-35 1.0000000180025095e-35 1.0000000180025095e-35 1.0000000180025095e-35 1.0000000180025095e-35 1.0000000180025095e-35 1.0000000180025095e-35 1.0000000180025095e-35 1.0000000180025095e-35 1.0000000180025095e-35 1.0000000180025095e-35
decision_type=2 2 2 2 2 2 2 2 2 2 2 2 2 2
left_child=7 2 3 4 6 -6 -2 8 9 10 13 12 -11 -1
right_child=1 -3 -4 -5 5 -7 -8 -9 -10 11 -12 -13 -14 -15
leaf_value=0.0016592249628461777 -0.012213813888633417 0.011666464769696615 0.011025048611271713 0.0050360233332198794 0.013953156346657412 -0.021543127262783755 0.0016318581984222529 -0.0076177964251099243 0.0072843113675622687 0.001465538960940733 -0.0096763537676593705 0.0072888143427137821 0.0062579248463962142 -0.0012241063405651533
leaf_weight=305 423 83 72 166 152 72 239 67 82 527 77 84 82 112
leaf_count=305 423 83 72 166 152 72 239 67 82 527 77 84 82 112
internal_value=0 -0.00133269 -0.00229259 -0.00320406 -0.00474792 0.00254364 -0.00721515 0.00120401 0.00166978 0.00128192 -0.000761367 0.00273845 0.00211082 0.000884805
internal_weight=0 1207 1124 1052 886 224 662 1336 1269 1187 494 693 609 417
internal_count=2543 1207 1124 1052 886 224 662 1336 1269 1187 494 693 609 417
is_linear=0
shrinkage=0.05


Tree=74
num_leaves=14
num_cat=0
split_feature=18 24 2 13 19 15 2 13 20 9 9 3 2
split_gain=1.79932 1.63345 2.43296 6.62616 5.67611 7.52134 1.92939 1.87692 1.08619 1.02646 0.792775 0.446414 0.154708
threshold=1.0000000180025095e-35 1.0000000180025095e-35 1.0000000180025095e-35 1.0000000180025095e-35 1.0000000180025095e-35 1.0000000180025095e-35 1.0000000180025095e-35 1.0000000180025095e-35 1.0000000180025095e-35 1.0000000180025095e-35 1.0000000180025095e-35 1.0000000180025095e-35 1.0000000180025095e-35
decision_type=2 2 2 2 2 2 2 2 2 2 2 2 2
left_child=1 2 7 4 5 -4 11 8 9 -1 -2 -3 -12
right_child=10 6 3 -5 -6 -7 -8 -9 -10 -11 12 -13 -14
leaf_value=-0.0012638791157705996 -0.00011850365529729364 0.0031723163904041635 -0.0083655555542123169 0.011083139191909008 0.0047842274840741638 0.0024164550810642791 0.010473795814646615 -0.0072369078028279897 0.0069200944984558884 0.0021437673635658744 0.0063735154867172244 -0.0022849850943439626 0.010526040755212308
leaf_weight=344 48 77 582 83 166 224 72 67 82 618 75 73 32
leaf_count=344 48 77 582 83 166 224 72 67 82 618 75 73 32
internal_value=0 -0.000338844 -0.000757496 -0.00247714 -0.00363507 -0.00536907 0.00374585 0.000875471 0.00139609 0.000925233 0.00522038 0.00051643 0.00761539
internal_weight=0 2388 2166 1055 972 806 222 1111 1044 962 155 150 107
internal_count=2543 2388 2166 1055 972 806 222 1111 1044 962 155 150 107
is_linear=0
shrinkage=0.05


Tree=75
num_leaves=14
num_cat=0
split_feature=18 5 21 20 19 24 9 9 9 2 9 2 9
split_gain=1.62388 1.48584 1.61287 1.89453 1.95873 2.48767 1.86996 1.08936 0.715479 0.139624 0.139455 0.633772 0.130876
threshold=1.0000000180025095e-35 1.0000000180025095e-35 1.0000000180025095e-35 1.0000000180025095e-35 1.0000000180025095e-35 1.0000000180025095e-35 1.0000000180025095e-35 1.0000000180025095e-35 1.0000000180025095e-35 1.0000000180025095e-35 1.0000000180025095e-35 1.0000000180025095e-35 1.0000000180025095e-35
decision_type=2 2 2 2 2 2 2 2 2 2 2 2 2
left_child=1 2 3 4 5 -1 -5 -6 -2 -10 -4 -12 -3
right_child=8 12 10 6 7 -7 -8 -9 9 -11 11 -13 -14
leaf_value=-0.0030502641944012625 -0.00011257880396442488 0.0030137004427515067 0.003519678388861676 0.015868626721203326 0.00021198662419500666 0.0038478900081124799 0.0010983245906730494 0.0068171859696684852 0.0060548387045661614 0.0099997390061616898 0.0040390313750034885 -0.0024597023763964256 0.0059482780943314233
leaf_weight=1325 48 77 177 30 243 145 75 84 75 32 95 62 75
leaf_count=1325 48 77 177 30 243 145 75 84 75 32 95 62 75
internal_value=0 -0.000321902 -0.000647083 -0.00120981 -0.00159126 -0.00236983 0.00531841 0.00190874 0.00495936 0.00723462 0.00255745 0.00147265 0.00446168
internal_weight=0 2388 2236 1902 1797 1470 105 327 155 107 334 157 152
internal_count=2543 2388 2236 1902 1797 1470 105 327 155 107 334 157 152
is_linear=0
shrinkage=0.05


Tree=76
num_leaves=14
num_cat=0
split_feature=18 22 24 15 9 2 21 2 2 9 3 2 9
split_gain=1.46556 1.34648 1.50245 1.98424 16.8941 8.13183 2.81938 4.0031 1.7334 0.64572 0.409397 0.12601 0.125858
threshold=1.0000000180025095e-35 1.0000000180025095e-35 1.0000000180025095e-35 1.0000000180025095e-35 1.0000000180025095e-35 1.0000000180025095e-35 1.0000000180025095e-35 1.0000000180025095e-35 1.0000000180025095e-35 1.0000000180025095e-35 1.0000000180025095e-35 1.0000000180025095e-35 1.0000000180025095e-35
decision_type=2 2 2 2 2 2 2 2 2 2 2 2 2
left_child=1 2 3 6 -5 -6 7 -1 10 -2 -4 -11 -8
right_child=9 -3 8 4 5 -7 12 -9 -10 11 -12 -13 -14
leaf_value=-0.00031573136798973187 -0.00010694967252978434 0.0059903529904237612 0.0028630158172651232 0.014549952986062022 -9.9236294927616288e-05 -0.020434280449990183 0.003343693335839195 -0.005787102868438327 0.0097577123178376104 0.005752096479137739 -0.0023631285825004319 0.0094997514039278034 0.0013990200922533776
leaf_weight=768 48 82 77 163 155 72 177 592 72 75 73 32 157
leaf_count=768 48 82 77 163 155 72 177 592 72 75 73 32 157
internal_value=0 -0.000305807 -0.000529694 -0.000946245 0.00226921 -0.00654912 -0.00168652 -0.00269739 0.00338063 0.00471139 0.000319626 0.00687289 0.00242958
internal_weight=0 2388 2306 2084 390 227 1694 1360 222 155 150 107 334
internal_count=2543 2388 2306 2084 390 227 1694 1360 222 155 150 107 334
is_linear=0
shrinkage=0.05


Tree=77
num_leaves=14
num_cat=0
split_feature=18 5 20 9 21 19 22 2 9 9 2 9 2
split_gain=1.32266 1.29107 1.44281 1.73846 1.60582 1.88694 2.18024 1.09989 0.582762 0.130999 0.113724 0.113587 0.571979
threshold=1.0000000180025095e-35 1.0000000180025095e-35 1.0000000180025095e-35 1.0000000180025095e-35 1.0000000180025095e-35 1.0000000180025095e-35 1.0000000180025095e-35 1.0000000180025095e-35 1.0000000180025095e-35 1.0000000180025095e-35 1.0000000180025095e-35 1.0000000180025095e-35 1.0000000180025095e-35
decision_type=2 2 2 2 2 2 2 2 2 2 2 2 2
left_child=1 2 4 -4 5 6 -1 -7 -2 -3 -10 -6 -13
right_child=8 9 3 -5 11 7 -8 -9 10 -11 -12 12 -14
leaf_value=-0.0026995017435146708 -0.00010160086530959235 0.0027198646119311939 0.015300717055797579 0.0010591972811768453 0.003176510504362736 -0.00097653608832809133 0.0056908357933890532 0.0048237705011347151 0.0054644917994737634 0.0056558265698452796 0.0090247622691094886 0.0037671288990072517 -0.0024066672690453068
leaf_weight=1388 48 77 30 75 177 161 82 166 75 75 32 95 62
leaf_count=1388 48 77 30 75 177 161 82 166 75 75 32 95 62
internal_value=0 -0.000290516 -0.000593635 0.0051282 -0.000875565 -0.0014673 -0.00223147 0.00196796 0.00447582 0.00416853 0.00652925 0.0023081 0.00132907
internal_weight=0 2388 2236 105 2131 1797 1470 327 155 152 107 334 157
internal_count=2543 2388 2236 105 2131 1797 1470 327 155 152 107 334 157
is_linear=0
shrinkage=0.05


Tree=78
num_leaves=13
num_cat=0
split_feature=2 13 24 19 15 9 21 13 17 20 14 9
split_gain=1.19618 5.3471 4.03419 4.3307 5.27974 19.9772 9.827 1.63078 0.899401 0.733782 0.700511 1.41462
threshold=1.0000000180025095e-35 1.0000000180025095e-35 1.0000000180025095e-35 1.0000000180025095e-35 1.0000000180025095e-35 1.0000000180025095e-35 1.0000000180025095e-35 1.0000000180025095e-35 1.0000000180025095e-35 1.0000000180025095e-35 1.0000000180025095e-35 1.0000000180025095e-35
decision_type=2 2 2 2 2 2 2 2 2 2 2 2
left_child=7 2 3 4 6 -6 -2 8 9 10 11 -1
right_child=1 -3 -4 -5 5 -7 -8 -9 -10 -11 -12 -13
leaf_value=-0.00087729524491199612 -0.011041789280468638 0.011105825581464423 0.0094048018929445091 0.0045825763616755789 0.01269466670377082 -0.019277590958032914 0.0016417468201454775 -0.0065717861487238271 -0.0034442745445465504 0.0063581689823100848 0.0058716302086789934 0.0028597979647378481
leaf_weight=480 423 83 72 166 152 72 239 67 88 82 83 536
leaf_count=480 423 83 72 166 152 72 239 67 88 82 83 536
internal_value=0 -0.00114089 -0.00204523 -0.00282889 -0.00421749 0.00241787 -0.00646269 0.00103073 0.00143213 0.00179548 0.00145505 0.00109424
internal_weight=0 1207 1124 1052 886 224 662 1336 1269 1181 1099 1016
internal_count=2543 1207 1124 1052 886 224 662 1336 1269 1181 1099 1016
is_linear=0
shrinkage=0.05


Tree=79
num_leaves=13
num_cat=0
split_feature=18 5 20 9 21 25 19 9 2 9 2 9
split_gain=1.31792 1.14638 1.24731 1.72748 1.36109 1.60426 1.9158 0.447733 0.149156 0.106862 0.505547 0.102917
threshold=1.0000000180025095e-35 1.0000000180025095e-35 1.0000000180025095e-35 1.0000000180025095e-35 1.0000000180025095e-35 1.0000000180025095e-35 1.0000000180025095e-35 1.0000000180025095e-35 1.0000000180025095e-35 1.0000000180025095e-35 1.0000000180025095e-35 1.0000000180025095e-35
decision_type=2 2 2 2 2 2 2 2 2 2 2 2
left_child=1 2 4 -4 5 6 -1 -2 -9 -6 -11 -3
right_child=7 11 3 -5 9 -7 -8 8 -10 10 -12 -13
leaf_value=-0.0025281441545543441 0.00045556848344858737 0.0026277363469654866 0.014884772698084515 0.00068832744595905145 0.0029355977372513657 0.0053221122361719608 0.0017268454438126692 0.005048278053601583 0.0091256133280694495 0.0034357831254601479 -0.0023684224294077969 0.0052300452068448069
leaf_weight=1385 48 77 30 75 177 85 327 75 32 95 62 75
leaf_count=1385 48 77 30 75 177 85 327 75 32 95 62 75
internal_value=0 -0.000289994 -0.000575624 0.00474445 -0.000837759 -0.00138254 -0.00171542 0.00446779 0.00626767 0.00209329 0.00114368 0.00391177
internal_weight=0 2388 2236 105 2131 1797 1712 155 107 334 157 152
internal_count=2543 2388 2236 105 2131 1797 1712 155 107 334 157 152
is_linear=0
shrinkage=0.05


Tree=80
num_leaves=14
num_cat=0
split_feature=18 24 2 13 19 15 2 13 20 14 9 3 2
split_gain=1.18942 1.16001 1.90824 5.93001 4.52081 6.46398 1.48086 1.37152 0.780404 0.851389 0.404079 0.294971 0.134613
threshold=1.0000000180025095e-35 1.0000000180025095e-35 1.0000000180025095e-35 1.0000000180025095e-35 1.0000000180025095e-35 1.0000000180025095e-35 1.0000000180025095e-35 1.0000000180025095e-35 1.0000000180025095e-35 1.0000000180025095e-35 1.0000000180025095e-35 1.0000000180025095e-35 1.0000000180025095e-35
decision_type=2 2 2 2 2 2 2 2 2 2 2 2 2
left_child=1 2 7 4 5 -4 11 8 9 -1 -2 -3 -12
right_child=10 6 3 -5 -6 -7 -8 -9 -10 -11 12 -13 -14
leaf_value=0.0004067458329850488 0.00043279031815472995 0.002496349401227743 -0.0075720620621898384 0.010676941984748266 0.0042671108029990355 0.0024233819700124775 0.00906096895535787 -0.0061167892360531571 0.0059452505604784215 0.0057044553110398447 0.0047958639661471051 -0.001939724013209343 0.0086693348363041881
leaf_weight=879 48 77 582 83 166 224 72 67 82 83 75 73 32
leaf_count=879 48 77 582 83 166 224 72 67 82 83 75 73 32
internal_value=0 -0.000275495 -0.000628297 -0.00215126 -0.00324667 -0.00479417 0.00316671 0.000817898 0.00126294 0.000863825 0.0042444 0.00033746 0.00595429
internal_weight=0 2388 2166 1055 972 806 222 1111 1044 962 155 150 107
internal_count=2543 2388 2166 1055 972 806 222 1111 1044 962 155 150 107
is_linear=0
shrinkage=0.05


Tree=81
num_leaves=12
num_cat=0
split_feature=18 25 2 13 24 19 13 20 14 9 2
split_gain=1.07346 1.14396 1.59111 5.24736 4.16789 5.16864 1.20826 0.73189 0.781136 0.364682 0.121489
threshold=1.0000000180025095e-35 1.0000000180025095e-35 1.0000000180025095e-35 1.0000000180025095e-35 1.0000000180025095e-35 1.0000000180025095e-35 1.0000000180025095e-35 1.0000000180025095e-35 1.0000000180025095e-35 1.0000000180025095e-35 1.0000000180025095e-35
decision_type=2 2 2 2 2 2 2 2 2 2 2
left_child=1 2 6 4 5 -4 7 8 -1 -2 -11
right_child=9 -3 3 -5 -6 -7 -8 -9 -10 10 -12
leaf_value=0.00037681345279854376 0.00041115084604825824 0.0054346099211012621 -0.0057320934389104719 0.010143094779138107 0.008607920693854491 0.0040537516594898095 -0.005810951362294493 0.0056479885859028779 0.0054192335619759491 0.0045560697714487714 0.0082358703948557377
leaf_weight=1029 48 85 721 83 72 166 67 82 83 75 32
leaf_count=1029 48 85 721 83 72 166 67 82 83 75 32
internal_value=0 -0.000261721 -0.000471963 -0.00191772 -0.00296157 -0.0039007 0.000722711 0.00108934 0.000753181 0.00403218 0.00565657
internal_weight=0 2388 2303 1042 959 887 1261 1194 1112 155 107
internal_count=2543 2388 2303 1042 959 887 1261 1194 1112 155 107
is_linear=0
shrinkage=0.05


Tree=82
num_leaves=16
num_cat=0
split_feature=22 21 15 9 2 9 24 13 3 2 14 19 9 2 2
split_gain=0.970292 1.07064 1.5052 14.6371 6.10324 2.65452 3.85646 4.60406 1.65391 1.20703 1.05985 0.72357 0.150783 0.347133 0.0593177
threshold=1.0000000180025095e-35 1.0000000180025095e-35 1.0000000180025095e-35 1.0000000180025095e-35 1.0000000180025095e-35 1.0000000180025095e-35 1.0000000180025095e-35 1.0000000180025095e-35 1.0000000180025095e-35 1.0000000180025095e-35 1.0000000180025095e-35 1.0000000180025095e-35 1.0000000180025095e-35 1.0000000180025095e-35 1.0000000180025095e-35
decision_type=2 2 2 2 2 2 2 2 2 2 2 2 2 2 2
left_child=1 2 5 -4 8 6 7 -1 -5 -8 11 -7 -3 -14 -12
right_child=-2 12 3 4 -6 10 9 -9 -10 -11 14 -13 13 -15 -16
leaf_value=-0.0061298925294674678 0.0053505328120436613 0.0034540262089721267 0.013646526463712606 0.0049293651587019368 -0.018021869431767198 0.0012663355517676773 0.00030174570685873427 0.005535212278212469 -0.0054057776194531473 0.0081775251336188778 -0.0016121553223846213 0.0062724297101210275 0.0032248160380281901 -0.0015847936512962465 -0.0035389607211193407
leaf_weight=661 82 177 163 75 72 513 150 97 80 72 77 84 95 62 83
leaf_count=661 82 177 163 75 72 513 150 97 80 72 77 84 95 62 83
internal_value=0 -0.000178278 -0.00059154 0.00221551 -0.00599266 -0.00122179 -0.00293969 -0.00463713 -0.000404902 0.00285605 0.00100217 0.00197071 0.00245348 0.00132548 -0.00261169
internal_weight=0 2461 2127 390 227 1737 980 758 155 222 757 597 334 157 160
internal_count=2543 2461 2127 390 227 1737 980 758 155 222 757 597 334 157 160
is_linear=0
shrinkage=0.05


Tree=83
num_leaves=14
num_cat=0
split_feature=18 21 2 13 19 15 13 20 14 9 9 2 2
split_gain=0.994868 1.03612 1.50788 4.91399 4.80137 8.39844 1.07147 0.701669 0.805167 0.282087 0.136081 0.313287 0.109643
threshold=1.0000000180025095e-35 1.0000000180025095e-35 1.0000000180025095e-35 1.0000000180025095e-35 1.0000000180025095e-35 1.0000000180025095e-35 1.0000000180025095e-35 1.0000000180025095e-35 1.0000000180025095e-35 1.0000000180025095e-35 1.0000000180025095e-35 1.0000000180025095e-35 1.0000000180025095e-35
decision_type=2 2 2 2 2 2 2 2 2 2 2 2 2
left_child=1 2 6 4 5 -4 7 8 -1 -2 -3 -12 -11
right_child=9 10 3 -5 -6 -7 -8 -9 -10 12 11 -13 -14
leaf_value=0.00010641694844927743 0.00069708828232251108 0.0032813224672651612 -0.0095981116349113191 0.0093591809003468023 0.0041575581728268965 0.0024154473342215561 -0.0056283199728758481 0.0053338410389586928 0.0052452088008264463 0.0042649501363436378 0.0030635742705903556 -0.0015055522562996033 0.0077607576735317712
leaf_weight=934 48 177 415 83 166 224 67 82 83 75 95 62 32
leaf_count=934 48 177 415 83 166 224 67 82 83 75 95 62 32
internal_value=0 -0.000251958 -0.000671941 -0.00222431 -0.00341864 -0.00538679 0.000510312 0.00088455 0.000525807 0.00388178 0.00233081 0.00125921 0.00531043
internal_weight=0 2388 2054 888 805 639 1166 1099 1017 155 334 157 107
internal_count=2543 2388 2054 888 805 639 1166 1099 1017 155 334 157 107
is_linear=0
shrinkage=0.05


Tree=84
num_leaves=12
num_cat=0
split_feature=25 2 13 24 19 15 13 17 19 9 9
split_gain=1.09504 1.29185 3.82943 3.42327 3.93032 5.74865 1.08613 0.733896 0.520688 3.5243 0.503413
threshold=1.0000000180025095e-35 1.0000000180025095e-35 1.0000000180025095e-35 1.0000000180025095e-35 1.0000000180025095e-35 1.0000000180025095e-35 1.0000000180025095e-35 1.0000000180025095e-35 1.0000000180025095e-35 1.0000000180025095e-35 1.0000000180025095e-35
decision_type=2 2 2 2 2 2 2 2 2 2 2
left_child=1 6 3 4 5 -3 7 8 10 -10 -1
right_child=-2 2 -4 -5 -6 -7 -8 -9 9 -11 -12
leaf_value=0.0032688777825499605 0.0055794680589700447 -0.0071428329746991053 0.0088912214590124352 0.0082485539502360761 0.0039496809688076961 0.0022946751937394897 -0.0053469038749141481 -0.0032198506314836612 -0.0088558101798286784 0.0059534872324937694 0.001008572972561572
leaf_weight=416 85 577 83 72 166 224 67 88 77 84 604
leaf_count=416 85 577 83 72 166 224 67 88 77 84 604
internal_value=0 -0.000192944 -0.00144375 -0.00226936 -0.00305249 -0.00450363 0.000857513 0.00118509 0.00151332 -0.00112922 0.00193042
internal_weight=0 2458 1122 1039 967 801 1336 1269 1181 161 1020
internal_count=2543 2458 1122 1039 967 801 1336 1269 1181 161 1020
is_linear=0
shrinkage=0.05


Tree=85
num_leaves=12
num_cat=0
split_feature=25 2 13 24 19 21 13 17 19 9 9
split_gain=0.988271 1.16589 3.45606 3.0895 3.54711 5.8871 0.980232 0.662341 0.469921 3.18068 0.45433
threshold=1.0000000180025095e-35 1.0000000180025095e-35 1.0000000180025095e-35 1.0000000180025095e-35 1.0000000180025095e-35 1.0000000180025095e-35 1.0000000180025095e-35 1.0000000180025095e-35 1.0000000180025095e-35 1.0000000180025095e-35 1.0000000180025095e-35
decision_type=2 2 2 2 2 2 2 2 2 2 2
left_child=1 6 3 4 5 -3 7 8 10 -10 -1
right_child=-2 2 -4 -5 -6 -7 -8 -9 9 -11 -12
leaf_value=0.0031054342017831425 0.0053004945359904979 -0.0070737913986079707 0.0084466590669499825 0.0078361250718848568 0.0037521985652632117 0.0022947046438633431 -0.0050795591144419429 -0.0030588584265470592 -0.0084130194476600018 0.0056558131589554252 0.00095814448967884421
leaf_weight=416 85 562 83 72 166 239 67 88 77 84 604
leaf_count=416 85 562 83 72 166 239 67 88 77 84 604
internal_value=0 -0.000183296 -0.00137157 -0.00215589 -0.00289987 -0.00427845 0.000814638 0.00112584 0.00143765 -0.00107276 0.0018339
internal_weight=0 2458 1122 1039 967 801 1336 1269 1181 161 1020
internal_count=2543 2458 1122 1039 967 801 1336 1269 1181 161 1020
is_linear=0
shrinkage=0.05


Tree=86
num_leaves=16
num_cat=0
split_feature=18 21 15 9 2 9 20 24 3 19 25 9 2 9 2
split_gain=1.06008 1.06608 1.51874 13.3828 5.36312 2.74515 4.35543 4.46467 1.49266 0.743457 0.850511 0.192955 0.153048 0.150592 0.240093
threshold=1.0000000180025095e-35 1.0000000180025095e-35 1.0000000180025095e-35 1.0000000180025095e-35 1.0000000180025095e-35 1.0000000180025095e-35 1.0000000180025095e-35 1.0000000180025095e-35 1.0000000180025095e-35 1.0000000180025095e-35 1.0000000180025095e-35 1.0000000180025095e-35 1.0000000180025095e-35 1.0000000180025095e-35 1.0000000180025095e-35
decision_type=2 2 2 2 2 2 2 2 2 2 2 2 2 2 2
left_child=1 2 5 -4 8 6 7 -1 -5 10 -7 -2 -13 -3 -15
right_child=11 13 3 4 -6 9 -8 -9 -10 -11 -12 12 -14 14 -16
leaf_value=-0.0057774041788241672 0.001373064867220819 0.0033596637621285176 0.013052540128776359 0.0045792403719387949 -0.017002592239684113 -0.00033032186349008571 0.015598069143791993 0.0023891186467497739 -0.0052391449408605703 0.0053730220533907413 0.0050354702854597507 0.0039533663590749111 0.0080835523083806048 0.0028120600569405056 -0.0011878697141524284
leaf_weight=680 48 177 163 75 72 563 30 222 80 84 85 75 32 95 62
leaf_count=680 48 177 163 75 72 563 30 222 80 84 85 75 32 95 62
internal_value=0 -0.000260085 -0.000686096 0.00212228 -0.00572632 -0.00134431 -0.00314411 -0.00376746 -0.000488313 0.000947237 0.000373524 0.00400699 0.00518856 0.00235976 0.00123247
internal_weight=0 2388 2054 390 227 1664 932 902 155 732 648 155 107 334 157
internal_count=2543 2388 2054 390 227 1664 932 902 155 732 648 155 107 334 157
is_linear=0
shrinkage=0.05


Tree=87
num_leaves=17
num_cat=0
split_feature=18 21 15 9 2 9 20 24 3 14 19 9 2 9 2 2
split_gain=0.956725 0.962139 1.37066 12.078 4.84022 2.4775 3.93077 4.02937 1.34712 0.698475 0.451967 0.174142 0.138125 0.135909 0.216684 0.00124488
threshold=1.0000000180025095e-35 1.0000000180025095e-35 1.0000000180025095e-35 1.0000000180025095e-35 1.0000000180025095e-35 1.0000000180025095e-35 1.0000000180025095e-35 1.0000000180025095e-35 1.0000000180025095e-35 1.0000000180025095e-35 1.0000000180025095e-35 1.0000000180025095e-35 1.0000000180025095e-35 1.0000000180025095e-35 1.0000000180025095e-35 1.0000000180025095e-35
decision_type=2 2 2 2 2 2 2 2 2 2 2 2 2 2 2 2
left_child=1 2 5 -4 8 6 7 -1 -5 10 -7 -2 -13 -3 -15 -11
right_child=11 13 3 4 -6 9 -8 -9 -10 15 -12 12 -14 14 -16 -17
leaf_value=-0.0054885333542616169 0.0013044118881225587 0.0031916822924404962 0.012399913402677064 0.0043502775706971688 -0.01615246224977859 0.0011336269661055144 0.014818164805571238 0.0022696621313288406 -0.0049771893711294986 -0.0018756276277776857 0.0051043705305173284 0.0037556981643040981 0.0076793734915554523 0.0026714577761135605 -0.001128475848705538 -0.0021547591099122828
leaf_weight=680 48 177 163 75 72 488 30 222 80 77 84 75 32 95 62 83
leaf_count=680 48 177 163 75 72 488 30 222 80 77 84 75 32 95 62 83
internal_value=0 -0.000247081 -0.000651791 0.00201616 -0.00544001 -0.00127709 -0.0029869 -0.00357909 -0.000463899 0.000899875 0.00171674 0.00380664 0.00492913 0.00224177 0.00117085 -0.00202043
internal_weight=0 2388 2054 390 227 1664 932 902 155 732 572 155 107 334 157 160
internal_count=2543 2388 2054 390 227 1664 932 902 155 732 572 155 107 334 157 160
is_linear=0
shrinkage=0.05


Tree=88
num_leaves=15
num_cat=0
split_feature=18 22 15 9 2 21 2 13 3 14 9 2 9 2
split_gain=0.863444 0.909257 1.02285 10.9004 4.36829 1.47915 1.78845 5.55197 1.21578 0.95462 0.157163 0.124658 0.122658 0.195558
threshold=1.0000000180025095e-35 1.0000000180025095e-35 1.0000000180025095e-35 1.0000000180025095e-35 1.0000000180025095e-35 1.0000000180025095e-35 1.0000000180025095e-35 1.0000000180025095e-35 1.0000000180025095e-35 1.0000000180025095e-35 1.0000000180025095e-35 1.0000000180025095e-35 1.0000000180025095e-35 1.0000000180025095e-35
decision_type=2 2 2 2 2 2 2 2 2 2 2 2 2 2
left_child=1 2 5 -4 8 6 9 -8 -5 -1 -2 -12 -7 -14
right_child=10 -3 3 4 -6 12 7 -9 -10 -11 11 -13 13 -15
leaf_value=-0.00061070896351910734 0.0012391907065951576 0.0049391840789012797 0.011779917766585764 0.0041327640010664869 -0.015344839841903499 0.0030320974854794514 -0.0052369132438934455 0.0085876237870339892 -0.0047283300629351287 0.0050117257878700477 0.003567914108435313 0.0072954047471284868 0.002537884461742483 -0.0010720515203091407
leaf_weight=835 48 82 163 75 72 177 581 83 80 83 75 32 95 62
leaf_count=835 48 82 163 75 72 177 581 83 80 83 75 32 95 62
internal_value=0 -0.000234727 -0.000418708 0.00191536 -0.00516801 -0.000893805 -0.00153214 -0.00350885 -0.000440704 -0.000102362 0.00361631 0.00468268 0.00212968 0.0011123
internal_weight=0 2388 2306 390 227 1916 1582 664 155 918 155 107 334 157
internal_count=2543 2388 2306 390 227 1916 1582 664 155 918 155 107 334 157
is_linear=0
shrinkage=0.05


Tree=89
num_leaves=11
num_cat=0
split_feature=25 2 13 19 24 21 13 17 20 14
split_gain=0.87548 1.04084 3.20406 3.27766 3.62619 5.08707 0.847149 0.581309 0.422498 0.483083
threshold=1.0000000180025095e-35 1.0000000180025095e-35 1.0000000180025095e-35 1.0000000180025095e-35 1.0000000180025095e-35 1.0000000180025095e-35 1.0000000180025095e-35 1.0000000180025095e-35 1.0000000180025095e-35 1.0000000180025095e-35
decision_type=2 2 2 2 2 2 2 2 2 2
left_child=1 6 3 4 5 -3 7 8 9 -1
right_child=-2 2 -4 -5 -6 -7 -8 -9 -10 -11
leaf_value=0.00079385160051325646 0.0049888610124916716 -0.0068396450537406041 0.0081582435462848255 0.0043897301230736707 0.0074732258088058895 0.0018690503026050941 -0.0047091137339819733 -0.002860684925954874 0.0048139740054200337 0.004761139450332498
leaf_weight=1016 85 562 83 166 72 239 67 88 82 83
leaf_count=1016 85 562 83 166 72 239 67 88 82 83
internal_value=0 -0.00017252 -0.00129525 -0.00205044 -0.00327503 -0.00424117 0.000770376 0.00105968 0.0013518 0.00109347
internal_weight=0 2458 1122 1039 873 801 1336 1269 1181 1099
internal_count=2543 2458 1122 1039 873 801 1336 1269 1181 1099
is_linear=0
shrinkage=0.05


Tree=90
num_leaves=16
num_cat=0
split_feature=18 15 9 2 9 20 21 24 3 14 19 25 9 2 2
split_gain=0.852252 0.929126 10.1267 3.73271 1.6321 3.33328 2.28353 3.61277 1.09724 0.598193 0.414862 0.51746 0.119589 0.138063 0.0109353
threshold=1.0000000180025095e-35 1.0000000180025095e-35 1.0000000180025095e-35 1.0000000180025095e-35 1.0000000180025095e-35 1.0000000180025095e-35 1.0000000180025095e-35 1.0000000180025095e-35 1.0000000180025095e-35 1.0000000180025095e-35 1.0000000180025095e-35 1.0000000180025095e-35 1.0000000180025095e-35 1.0000000180025095e-35 1.0000000180025095e-35
decision_type=2 2 2 2 2 2 2 2 2 2 2 2 2 2 2
left_child=1 4 -3 8 5 6 7 -1 -4 10 11 -6 -2 -14 -11
right_child=12 2 3 -5 9 -7 -8 -9 -10 14 -12 -13 13 -15 -16
leaf_value=-0.0052324637484878842 0.001519213360734284 0.011507146947794349 0.0038864336735180889 -0.014235615585413246 0.00055259312091428519 0.014491153756777446 0.0027870407738422947 0.0021137280750449178 -0.0045316042937338357 -0.0022704894539549367 0.0048399950954176136 0.0047394174972877788 0.0033498251338799794 0.0072726165875792509 -0.0014431943264172739
leaf_weight=680 48 163 75 72 560 30 177 222 80 77 84 85 75 32 83
leaf_count=680 48 163 75 72 560 30 177 222 80 77 84 85 75 32 83
internal_value=0 -0.0002332 0.00199911 -0.00482824 -0.000668938 -0.00194841 -0.00240549 -0.00342442 -0.00045836 0.000927165 0.00153479 0.00110435 0.00359279 0.004523 -0.00184133
internal_weight=0 2388 390 227 1998 1109 1079 902 155 889 729 645 155 107 160
internal_count=2543 2388 390 227 1998 1109 1079 902 155 889 729 645 155 107 160
is_linear=0
shrinkage=0.05


Tree=91
num_leaves=16
num_cat=0
split_feature=18 15 9 2 9 20 21 24 3 14 19 22 9 2 2
split_gain=0.769158 0.838536 9.13934 3.36877 1.47297 3.00829 2.06088 3.26052 0.990258 0.53987 0.374413 0.480469 0.107929 0.124602 0.00986912
threshold=1.0000000180025095e-35 1.0000000180025095e-35 1.0000000180025095e-35 1.0000000180025095e-35 1.0000000180025095e-35 1.0000000180025095e-35 1.0000000180025095e-35 1.0000000180025095e-35 1.0000000180025095e-35 1.0000000180025095e-35 1.0000000180025095e-35 1.0000000180025095e-35 1.0000000180025095e-35 1.0000000180025095e-35 1.0000000180025095e-35
decision_type=2 2 2 2 2 2 2 2 2 2 2 2 2 2 2
left_child=1 4 -3 8 5 6 7 -1 -4 10 11 -6 -2 -14 -11
right_child=12 2 3 -5 9 -7 -8 -9 -10 14 -12 -13 13 -15 -16
leaf_value=-0.0049708401991451602 0.0014432529220357539 0.010931791090892137 0.0036921111120221516 -0.01352383463527076 0.00052832248248490729 0.013766595199704171 0.0026476865455424044 0.0020080420104702855 -0.0043050238350406294 -0.002156965557467676 0.0045979959292924925 0.0046249024751709731 0.0031823337276776632 0.0069089875556528572 -0.0013710338914071222
leaf_weight=680 48 163 75 72 563 30 177 222 80 77 84 82 75 32 83
leaf_count=680 48 163 75 72 563 30 177 222 80 77 84 82 75 32 83
internal_value=0 -0.00022154 0.00189916 -0.00458683 -0.000635491 -0.00185099 -0.00228521 -0.0032532 -0.000435442 0.000880807 0.00145805 0.00104913 0.00341315 0.00429685 -0.00174926
internal_weight=0 2388 390 227 1998 1109 1079 902 155 889 729 645 155 107 160
internal_count=2543 2388 390 227 1998 1109 1079 902 155 889 729 645 155 107 160
is_linear=0
shrinkage=0.05


Tree=92
num_leaves=12
num_cat=0
split_feature=25 2 13 19 15 9 21 13 17 14 20
split_gain=0.704741 0.989483 3.24245 3.53645 3.45984 9.45332 6.77438 0.755429 0.534199 0.424431 0.396871
threshold=1.0000000180025095e-35 1.0000000180025095e-35 1.0000000180025095e-35 1.0000000180025095e-35 1.0000000180025095e-35 1.0000000180025095e-35 1.0000000180025095e-35 1.0000000180025095e-35 1.0000000180025095e-35 1.0000000180025095e-35 1.0000000180025095e-35
decision_type=2 2 2 2 2 2 2 2 2 2 2
left_child=1 7 3 4 6 -6 -3 8 9 10 -1
right_child=-2 2 -4 -5 5 -7 -8 -9 -10 -11 -12
leaf_value=0.00078711760266799487 0.0044760310584131408 -0.009030650228534531 0.0082604942551578377 0.0046804097778421925 0.0091460480786305486 -0.012847642115957569 0.0015603348986873069 -0.0044098094077919849 -0.0027204047971860169 0.0047653315997688121 0.0044032302264851043
leaf_weight=1016 85 410 83 166 152 72 239 67 88 83 82
leaf_count=1016 85 410 83 166 152 72 239 67 88 83 82
internal_value=0 -0.000154785 -0.00124947 -0.00200917 -0.00328119 0.00207665 -0.00513043 0.000764555 0.00103775 0.00131778 0.00105717
internal_weight=0 2458 1122 1039 873 224 649 1336 1269 1181 1098
internal_count=2543 2458 1122 1039 873 224 649 1336 1269 1181 1098
is_linear=0
shrinkage=0.05


Tree=93
num_leaves=13
num_cat=0
split_feature=18 2 13 19 24 15 13 14 22 20 9 2
split_gain=0.788819 0.712367 2.89353 3.13227 3.38547 4.3838 0.64707 0.479712 0.502765 0.541225 0.0742486 0.1458
threshold=1.0000000180025095e-35 1.0000000180025095e-35 1.0000000180025095e-35 1.0000000180025095e-35 1.0000000180025095e-35 1.0000000180025095e-35 1.0000000180025095e-35 1.0000000180025095e-35 1.0000000180025095e-35 1.0000000180025095e-35 1.0000000180025095e-35 1.0000000180025095e-35
decision_type=2 2 2 2 2 2 2 2 2 2 2 2
left_child=1 6 3 4 5 -3 7 8 9 -1 -2 -12
right_child=10 2 -4 -5 -6 -7 -8 -9 -10 -11 11 -13
leaf_value=-5.1259301912502721e-05 0.0018226235018422206 -0.0062586498140722287 0.0078474697847682306 0.0044463899320395421 0.0073450085888099349 0.0019728156011426887 -0.0041893184407433472 0.0045270646535174311 0.0043543011370319419 0.0041830689248787923 0.0029838610291481019 0.0070150678046047689
leaf_weight=947 48 582 83 166 72 224 67 83 82 82 75 32
leaf_count=947 48 582 83 166 72 224 67 83 82 82 75 32
internal_value=0 -0.000224354 -0.00113784 -0.00185219 -0.00304303 -0.003971 0.000592057 0.000860359 0.000586428 0.00028617 0.0034565 0.00418946
internal_weight=0 2388 1127 1044 878 806 1261 1194 1111 1029 155 107
internal_count=2543 2388 1127 1044 878 806 1261 1194 1111 1029 155 107
is_linear=0
shrinkage=0.05


Tree=94
num_leaves=12
num_cat=0
split_feature=25 2 13 19 24 21 13 17 19 9 9
split_gain=0.733088 0.841634 2.66556 2.92163 3.13273 4.43578 0.615302 0.468211 0.384207 2.05053 0.789991
threshold=1.0000000180025095e-35 1.0000000180025095e-35 1.0000000180025095e-35 1.0000000180025095e-35 1.0000000180025095e-35 1.0000000180025095e-35 1.0000000180025095e-35 1.0000000180025095e-35 1.0000000180025095e-35 1.0000000180025095e-35 1.0000000180025095e-35
decision_type=2 2 2 2 2 2 2 2 2 2 2
left_child=1 6 3 4 5 -3 7 8 10 -10 -1
right_child=-2 2 -4 -5 -6 -7 -8 -9 9 -11 -12
leaf_value=0.0032337191712800773 0.0045651619947131945 -0.0063368785408825963 0.007455098602067993 0.0042240662937521019 0.0069777589860475723 0.0017952493709515955 -0.0039798532181711341 -0.0025818205502053555 -0.0069648563092296299 0.004331303184742518 0.00040222226745381163
leaf_weight=416 85 562 83 166 72 239 67 88 77 84 604
leaf_count=416 85 562 83 166 72 239 67 88 77 84 604
internal_value=0 -0.000157868 -0.00116746 -0.00185627 -0.00301244 -0.00391044 0.000690011 0.000936568 0.00119873 -0.00107121 0.00155703
internal_weight=0 2458 1122 1039 873 801 1336 1269 1181 161 1020
internal_count=2543 2458 1122 1039 873 801 1336 1269 1181 161 1020
is_linear=0
shrinkage=0.05


Tree=95
num_leaves=15
num_cat=0
split_feature=18 15 9 2 9 20 21 24 3 25 19 22 9 2
split_gain=0.78016 0.794911 7.73022 2.60818 1.57238 3.02132 2.09842 2.92318 0.893708 0.433682 0.46842 0.57675 0.0536713 0.155758
threshold=1.0000000180025095e-35 1.0000000180025095e-35 1.0000000180025095e-35 1.0000000180025095e-35 1.0000000180025095e-35 1.0000000180025095e-35 1.0000000180025095e-35 1.0000000180025095e-35 1.0000000180025095e-35 1.0000000180025095e-35 1.0000000180025095e-35 1.0000000180025095e-35 1.0000000180025095e-35 1.0000000180025095e-35
decision_type=2 2 2 2 2 2 2 2 2 2 2 2 2 2
left_child=1 4 -3 8 5 6 7 -1 -4 10 11 -6 -2 -14
right_child=12 2 3 -5 9 -7 -8 -9 -10 -11 -12 -13 13 -15
leaf_value=-0.0049202850219786775 0.0020483354572206737 0.010148842387655579 0.0034506025469551484 -0.011987056920770556 -0.00033816601263598589 0.013769369640698035 0.0026604546931188154 0.0016877138399863029 -0.0041466768132522704 0.0043369038227726439 0.0041147376637950183 0.0041164749472333891 0.0028145578106244409 0.0069811574183404447
leaf_weight=680 48 163 75 72 638 30 177 222 80 85 84 82 75 32
leaf_count=680 48 163 75 72 638 30 177 222 80 85 84 82 75 32
internal_value=0 -0.00022312 0.00184168 -0.00412338 -0.000626158 -0.001882 -0.00231716 -0.00329393 -0.000470574 0.000940468 0.000581392 0.000169168 0.00343748 0.00406064
internal_weight=0 2388 390 227 1998 1109 1079 902 155 889 804 720 155 107
internal_count=2543 2388 390 227 1998 1109 1079 902 155 889 804 720 155 107
is_linear=0
shrinkage=0.05


Tree=96
num_leaves=15
num_cat=0
split_feature=18 15 9 2 9 20 21 24 3 25 19 22 9 2
split_gain=0.704094 0.717406 6.97653 2.35388 1.41907 2.72674 1.89382 2.63817 0.806572 0.391398 0.422749 0.520517 0.0484384 0.140572
threshold=1.0000000180025095e-35 1.0000000180025095e-35 1.0000000180025095e-35 1.0000000180025095e-35 1.0000000180025095e-35 1.0000000180025095e-35 1.0000000180025095e-35 1.0000000180025095e-35 1.0000000180025095e-35 1.0000000180025095e-35 1.0000000180025095e-35 1.0000000180025095e-35 1.0000000180025095e-35 1.0000000180025095e-35
decision_type=2 2 2 2 2 2 2 2 2 2 2 2 2 2
left_child=1 4 -3 8 5 6 7 -1 -4 10 11 -6 -2 -14
right_child=12 2 3 -5 9 -7 -8 -9 -10 -11 -12 -13 13 -15
leaf_value=-0.0046742692554150441 0.0019459175722052653 0.0096414010597541469 0.0032780725515137118 -0.011387704303746837 -0.00032125750438348163 0.013080901006857555 0.0025274316698712649 0.0016033277762969875 -0.0039393447048496457 0.0041200586046804396 0.0039090008419450555 0.0039106515327059638 0.0026738294015328091 0.0066321004182100301
leaf_weight=680 48 163 75 72 638 30 177 222 80 85 84 82 75 32
leaf_count=680 48 163 75 72 638 30 177 222 80 85 84 82 75 32
internal_value=0 -0.000211963 0.00174959 -0.00391721 -0.00059485 -0.0017879 -0.00220131 -0.00312923 -0.000447046 0.000893445 0.000552322 0.00016071 0.0032656 0.00385761
internal_weight=0 2388 390 227 1998 1109 1079 902 155 889 804 720 155 107
internal_count=2543 2388 390 227 1998 1109 1079 902 155 889 804 720 155 107
is_linear=0
shrinkage=0.05


Tree=97
num_leaves=14
num_cat=0
split_feature=18 2 13 19 15 9 9 13 14 20 9 9 2
split_gain=0.635445 0.664901 2.67909 3.09783 2.83039 6.8601 6.1498 0.509295 0.439641 0.384279 0.598351 0.0437156 0.126866
threshold=1.0000000180025095e-35 1.0000000180025095e-35 1.0000000180025095e-35 1.0000000180025095e-35 1.0000000180025095e-35 1.0000000180025095e-35 1.0000000180025095e-35 1.0000000180025095e-35 1.0000000180025095e-35 1.0000000180025095e-35 1.0000000180025095e-35 1.0000000180025095e-35 1.0000000180025095e-35
decision_type=2 2 2 2 2 2 2 2 2 2 2 2 2
left_child=1 7 3 4 6 -6 -3 8 9 10 -1 -2 -13
right_child=11 2 -4 -5 5 -7 -8 -9 -10 -11 -12 12 -14
leaf_value=-0.00096882350750450734 0.0018486232031136752 -0.0090530038909369236 0.0075620699808540111 0.0044925954219526111 0.0079174381009866745 -0.010818319017481474 0.00068245425526577757 -0.0036545367160839824 0.0043356330661349987 0.0038572718218968412 0.00144578663704576 0.0025401383837064112 0.0063004959374666214
leaf_weight=488 48 356 83 166 152 72 298 67 83 82 541 75 32
leaf_count=488 48 356 83 166 152 72 298 67 83 82 541 75 32
internal_value=0 -0.000201365 -0.00108389 -0.00177126 -0.00295554 0.00189523 -0.00461697 0.000587379 0.000825409 0.000563169 0.000300665 0.00310232 0.00366473
internal_weight=0 2388 1127 1044 878 224 654 1261 1194 1111 1029 155 107
internal_count=2543 2388 1127 1044 878 224 654 1261 1194 1111 1029 155 107
is_linear=0
shrinkage=0.05


Tree=98
num_leaves=14
num_cat=0
split_feature=21 2 13 19 15 9 9 13 14 20 9 9 2
split_gain=0.587422 0.79609 2.65723 3.39012 3.87973 14.2301 6.19124 0.456593 0.400195 0.351259 0.528102 0.121836 0.15782
threshold=1.0000000180025095e-35 1.0000000180025095e-35 1.0000000180025095e-35 1.0000000180025095e-35 1.0000000180025095e-35 1.0000000180025095e-35 1.0000000180025095e-35 1.0000000180025095e-35 1.0000000180025095e-35 1.0000000180025095e-35 1.0000000180025095e-35 1.0000000180025095e-35 1.0000000180025095e-35
decision_type=2 2 2 2 2 2 2 2 2 2 2 2 2
left_child=1 7 3 4 5 -3 -6 8 9 10 -1 -2 -13
right_child=11 2 -4 -5 6 -7 -8 -9 -10 -11 -12 12 -14
leaf_value=-0.00092038340984889472 0.0028537128615261473 -0.015341568628268621 0.0071839667497629149 0.0042679678497230073 0.0075215668325606545 0.0016720094471308058 -0.010277402774792993 -0.0034718098841718774 0.0041188511128554183 0.0036644061005151858 0.0013686162656469847 0.0022210294640574017 -0.0010219466421873338
leaf_weight=488 177 227 83 166 152 268 72 67 83 82 521 95 62
leaf_count=488 177 227 83 166 152 268 72 67 83 82 521 95 62
internal_value=0 -0.000295493 -0.00137023 -0.00217249 -0.00365943 -0.00613018 0.00180047 0.000542818 0.000771932 0.000517308 0.000261548 0.00195432 0.000940364
internal_weight=0 2209 968 885 719 495 224 1241 1174 1091 1009 334 157
internal_count=2543 2209 968 885 719 495 224 1241 1174 1091 1009 334 157
is_linear=0
shrinkage=0.05


Tree=99
num_leaves=14
num_cat=0
split_feature=18 21 2 24 19 15 14 22 20 9 2 2 9
split_gain=0.648646 0.65917 0.946073 2.8001 3.69364 4.94225 0.4416 0.421342 0.472013 0.109956 0.142433 0.0362467 0.0876669
threshold=1.0000000180025095e-35 1.0000000180025095e-35 1.0000000180025095e-35 1.0000000180025095e-35 1.0000000180025095e-35 1.0000000180025095e-35 1.0000000180025095e-35 1.0000000180025095e-35 1.0000000180025095e-35 1.0000000180025095e-35 1.0000000180025095e-35 1.0000000180025095e-35 1.0000000180025095e-35
decision_type=2 2 2 2 2 2 2 2 2 2 2 2 2
left_child=1 2 6 4 5 -4 7 8 -1 -3 -11 -2 -13
right_child=11 9 3 -5 -6 -7 -8 -9 -10 10 -12 12 -14
leaf_value=-0.00047794034328591385 0.0023446998894214631 0.0027110251421792863 -0.007463587102799419 0.00768404793408182 0.0040545626044840022 0.0017104447796425252 0.0039129089886681678 0.0035743982139293377 0.0034811864720612042 0.0021099787639257939 -0.00097084926261055849 0.0025232690056630723 0.0059018719941377647
leaf_weight=919 75 177 426 72 166 224 83 82 82 95 62 48 32
leaf_count=919 75 177 426 72 166 224 83 82 82 95 62 48 32
internal_value=0 -0.000203447 -0.000538431 -0.00176806 -0.00260207 -0.00430207 0.000398029 0.000128653 -0.000153616 0.00185661 0.000893346 0.00313438 0.00387471
internal_weight=0 2388 2054 888 816 650 1166 1083 1001 334 157 155 80
internal_count=2543 2388 2054 888 816 650 1166 1083 1001 334 157 155 80
is_linear=0
shrinkage=0.05


Tree=100
num_leaves=11
num_cat=0
split_feature=25 23 2 13 19 21 13 17 2 19
split_gain=0.611525 0.647414 0.993081 2.74418 3.02335 3.76888 0.421367 0.40953 0.34539 0.326706
threshold=1.0000000180025095e-35 1.0000000180025095e-35 1.0000000180025095e-35 1.0000000180025095e-35 1.0000000180025095e-35 1.0000000180025095e-35 1.0000000180025095e-35 1.0000000180025095e-35 1.0000000180025095e-35 1.0000000180025095e-35
decision_type=2 2 2 2 2 2 2 2 2 2
left_child=1 2 6 4 5 -4 7 9 -3 -1
right_child=-2 8 3 -5 -6 -7 -8 -9 -10 -11
leaf_value=0.0014420178669119165 0.004169511728207855 0.00078103000830326763 -0.0058542634176433038 0.0071979485362409119 0.0038518352414402797 0.0016680991280995405 -0.0032743220565034387 -0.0024745884174163539 0.0050080994220779232 -0.0010018727577274075
leaf_weight=908 85 112 549 83 166 239 67 88 85 161
leaf_count=908 85 112 549 83 166 239 67 88 85 161
internal_value=0 -0.000144186 -0.000383712 -0.00152216 -0.00228083 -0.00357273 0.000580807 0.000804051 0.00260489 0.00107395
internal_weight=0 2458 2261 1037 954 788 1224 1157 197 1069
internal_count=2543 2458 2261 1037 954 788 1224 1157 197 1069
is_linear=0
shrinkage=0.05


Tree=101
num_leaves=15
num_cat=0
split_feature=18 23 15 9 5 9 20 24 2 25 19 2 2 9
split_gain=0.63198 0.614774 0.791791 5.54326 1.82099 1.38344 3.12273 2.43001 0.479612 0.421477 0.439302 0.311714 0.0511943 0.0791194
threshold=1.0000000180025095e-35 1.0000000180025095e-35 1.0000000180025095e-35 1.0000000180025095e-35 1.0000000180025095e-35 1.0000000180025095e-35 1.0000000180025095e-35 1.0000000180025095e-35 1.0000000180025095e-35 1.0000000180025095e-35 1.0000000180025095e-35 1.0000000180025095e-35 1.0000000180025095e-35 1.0000000180025095e-35
decision_type=2 2 2 2 2 2 2 2 2 2 2 2 2 2
left_child=1 2 5 -4 8 6 7 -1 -5 10 -7 -3 -2 -14
right_child=12 11 3 4 -6 9 -8 -9 -10 -11 -12 -13 13 -15
leaf_value=-0.0040573582679518183 0.0021553642799456915 0.00074197757723076015 0.0086358069352044289 -0.0039312998019158845 0.0029252441401282948 -0.00019424000088501416 0.013727308300634226 0.0019203321160832503 -0.0095563415704721898 0.0039610365789164515 0.0036468213889747862 0.0047576942097614797 0.002689818959333934 0.0058994919061660768
leaf_weight=726 75 112 163 80 75 654 30 222 72 85 84 85 48 32
leaf_count=726 75 112 163 80 75 654 30 222 72 85 84 85 48 32
internal_value=0 -0.000200815 -0.000441375 0.0016012 -0.00345008 -0.000883687 -0.00215492 -0.00265752 -0.00659579 0.00062696 0.000242954 0.00247465 0.00309385 0.00397369
internal_weight=0 2388 2191 390 227 1801 978 948 152 823 738 197 155 80
internal_count=2543 2388 2191 390 227 1801 978 948 152 823 738 197 155 80
is_linear=0
shrinkage=0.05


Tree=102
num_leaves=14
num_cat=0
split_feature=18 21 2 13 19 15 14 22 20 9 2 2 9
split_gain=0.570362 0.6129 0.834187 2.77796 3.45688 4.9909 0.390031 0.368147 0.397782 0.121806 0.129541 0.0462029 0.0714052
threshold=1.0000000180025095e-35 1.0000000180025095e-35 1.0000000180025095e-35 1.0000000180025095e-35 1.0000000180025095e-35 1.0000000180025095e-35 1.0000000180025095e-35 1.0000000180025095e-35 1.0000000180025095e-35 1.0000000180025095e-35 1.0000000180025095e-35 1.0000000180025095e-35 1.0000000180025095e-35
decision_type=2 2 2 2 2 2 2 2 2 2 2 2 2
left_child=1 2 6 4 5 -4 7 8 -1 -3 -11 -2 -13
right_child=11 9 3 -5 -6 -7 -8 -9 -10 10 -12 12 -14
leaf_value=-0.00044918547559760606 0.0020475961019595468 0.0026949396733152498 -0.0074828600526663921 0.0070409187800194841 0.0038621110840229298 0.0017782190885944666 0.0036688375410186243 0.0033332901773974301 0.0031853177857289953 0.0019420907060664736 -0.00099599898582504649 0.0025553274899721146 0.0056045163422822957
leaf_weight=919 75 177 415 83 166 224 83 82 82 95 62 48 32
leaf_count=919 75 177 415 83 166 224 83 82 82 95 62 48 32
internal_value=0 -0.000190775 -0.000513788 -0.00166842 -0.0025664 -0.00423641 0.000365556 0.000112396 -0.000151454 0.00179566 0.000781826 0.00293916 0.003775
internal_weight=0 2388 2054 888 805 639 1166 1083 1001 334 157 155 80
internal_count=2543 2388 2054 888 805 639 1166 1083 1001 334 157 155 80
is_linear=0
shrinkage=0.05


Tree=103
num_leaves=11
num_cat=0
split_feature=25 23 2 24 13 19 13 17 9 2
split_gain=0.602062 0.609871 0.868899 2.68317 2.82833 3.60036 0.360277 0.350744 0.366475 0.335581
threshold=1.0000000180025095e-35 1.0000000180025095e-35 1.0000000180025095e-35 1.0000000180025095e-35 1.0000000180025095e-35 1.0000000180025095e-35 1.0000000180025095e-35 1.0000000180025095e-35 1.0000000180025095e-35 1.0000000180025095e-35
decision_type=2 2 2 2 2 2 2 2 2 2
left_child=1 2 6 4 5 -4 7 8 -1 -3
right_child=-2 9 3 -5 -6 -7 -8 -9 -10 -11
leaf_value=0.0022269038712358948 0.0041371275484561919 0.00072733851016632152 -0.0045037062232045708 0.0078706844011321667 0.0066888711628425553 0.0036690126501405275 -0.0030380736313649079 -0.0023011282763697885 0.00029393695271167866 0.0048939519594697395
leaf_weight=381 85 112 716 72 83 166 67 88 688 85
leaf_count=381 85 112 716 72 83 166 67 88 688 85
internal_value=0 -0.000143066 -0.000375543 -0.00144044 -0.00213515 -0.00296553 0.000526657 0.000733085 0.000982862 0.00252512
internal_weight=0 2458 2261 1037 965 882 1224 1157 1069 197
internal_count=2543 2458 2261 1037 965 882 1224 1157 1069 197
is_linear=0
shrinkage=0.05


Tree=104
num_leaves=16
num_cat=0
split_feature=18 21 15 9 5 9 20 24 2 25 19 9 2 2 9
split_gain=0.555768 0.653485 0.866961 5.06622 1.6214 1.61593 3.10995 2.58512 0.412281 0.391756 0.383749 0.12819 0.0976787 0.0547797 0.0644433
threshold=1.0000000180025095e-35 1.0000000180025095e-35 1.0000000180025095e-35 1.0000000180025095e-35 1.0000000180025095e-35 1.0000000180025095e-35 1.0000000180025095e-35 1.0000000180025095e-35 1.0000000180025095e-35 1.0000000180025095e-35 1.0000000180025095e-35 1.0000000180025095e-35 1.0000000180025095e-35 1.0000000180025095e-35 1.0000000180025095e-35
decision_type=2 2 2 2 2 2 2 2 2 2 2 2 2 2 2
left_child=1 2 5 -4 8 6 7 -1 -5 10 -7 -3 -13 -2 -15
right_child=13 11 3 4 -6 9 -8 -9 -10 -11 -12 12 -14 14 -16
leaf_value=-0.0044561994559241137 0.0019305191338062286 0.002785375711408123 0.0083250953300936046 -0.0037269730854313822 0.002786745031674703 -0.00015062072912320416 0.01343728667125106 0.0017579679415133352 -0.0089422508136421022 0.0039302707244368166 0.0034722429988462301 0.001830288516908982 -0.00072101466958561251 0.0026527461586132025 0.0055494773201644424
leaf_weight=680 75 177 163 80 75 563 30 222 72 85 84 95 62 48 32
leaf_count=680 75 177 163 80 75 563 30 222 72 85 84 95 62 48 32
internal_value=0 -0.000188318 -0.000521855 0.00159999 -0.00322905 -0.00101916 -0.00240003 -0.00292677 -0.00619737 0.000738992 0.000319736 0.00186283 0.000822768 0.00290132 0.00381144
internal_weight=0 2388 2054 390 227 1664 932 902 152 732 647 334 157 155 80
internal_count=2543 2388 2054 390 227 1664 932 902 152 732 647 334 157 155 80
is_linear=0
shrinkage=0.05


Tree=105
num_leaves=13
num_cat=0
split_feature=23 21 2 24 19 15 14 22 20 2 9 2
split_gain=0.555227 0.613049 0.920235 2.62056 3.28482 4.86669 0.340944 0.320729 0.333596 0.277822 0.115692 0.0881549
threshold=1.0000000180025095e-35 1.0000000180025095e-35 1.0000000180025095e-35 1.0000000180025095e-35 1.0000000180025095e-35 1.0000000180025095e-35 1.0000000180025095e-35 1.0000000180025095e-35 1.0000000180025095e-35 1.0000000180025095e-35 1.0000000180025095e-35 1.0000000180025095e-35
decision_type=2 2 2 2 2 2 2 2 2 2 2 2
left_child=1 2 6 4 5 -4 7 8 -1 -2 -3 -12
right_child=9 10 3 -5 -6 -7 -8 -9 -10 -11 11 -13
leaf_value=-0.00038145748968828458 0.00091378178913146266 0.0026461091763366248 -0.0073464896417645455 0.0073892511453272566 0.0037083656305492104 0.0017757505402966802 0.0034868052981075755 0.0031594606079501895 0.0029526376824189978 0.0047049082640339343 0.0017387743209991116 -0.00068496248774951515
leaf_weight=882 112 177 421 72 166 224 83 82 82 85 95 62
leaf_count=882 112 177 421 72 166 224 83 82 82 85 95 62
internal_value=0 -0.000214092 -0.000543408 -0.00175254 -0.00256414 -0.00417846 0.00040226 0.000157501 -9.78519e-05 0.00254955 0.00176969 0.00078163
internal_weight=0 2346 2012 883 811 645 1129 1046 964 197 334 157
internal_count=2543 2346 2012 883 811 645 1129 1046 964 197 334 157
is_linear=0
shrinkage=0.05


Tree=106
num_leaves=12
num_cat=0
split_feature=25 18 2 13 24 19 13 17 9 2 9
split_gain=0.591617 0.634643 0.684749 2.45124 2.54009 3.20957 0.298602 0.288559 0.398174 0.0705872 0.0581599
threshold=1.0000000180025095e-35 1.0000000180025095e-35 1.0000000180025095e-35 1.0000000180025095e-35 1.0000000180025095e-35 1.0000000180025095e-35 1.0000000180025095e-35 1.0000000180025095e-35 1.0000000180025095e-35 1.0000000180025095e-35 1.0000000180025095e-35
decision_type=2 2 2 2 2 2 2 2 2 2 2
left_child=1 2 6 4 5 -4 7 8 -1 -3 -11
right_child=-2 9 3 -5 -6 -7 -8 -9 -10 10 -12
leaf_value=0.0018928705593977222 0.0041010820635539649 0.001853065917889277 -0.0041884531096158736 0.0069445626832634576 0.0070197898791068136 0.00352294750045985 -0.0028145824239325171 -0.0021398957712914458 -1.5796236291248198e-05 0.0028874334723999104 0.005639325547963381
leaf_weight=493 85 75 721 83 72 166 67 88 613 48 32
leaf_count=493 85 75 721 83 72 166 67 88 613 48 32
internal_value=0 -0.00014182 -0.000350251 -0.0012987 -0.00201214 -0.00274528 0.000433477 0.000615738 0.000834993 0.00295507 0.00398819
internal_weight=0 2458 2303 1042 959 887 1261 1194 1106 155 80
internal_count=2543 2458 2303 1042 959 887 1261 1194 1106 155 80
is_linear=0
shrinkage=0.05


Tree=107
num_leaves=12
num_cat=0
split_feature=25 21 2 13 19 15 14 22 20 9 2
split_gain=0.533934 0.597597 0.846958 2.47895 2.84552 4.82812 0.300885 0.279204 0.282775 0.119826 0.0657953
threshold=1.0000000180025095e-35 1.0000000180025095e-35 1.0000000180025095e-35 1.0000000180025095e-35 1.0000000180025095e-35 1.0000000180025095e-35 1.0000000180025095e-35 1.0000000180025095e-35 1.0000000180025095e-35 1.0000000180025095e-35 1.0000000180025095e-35
decision_type=2 2 2 2 2 2 2 2 2 2 2
left_child=1 2 6 4 5 -4 7 8 -1 -3 -11
right_child=-2 9 3 -5 -6 -7 -8 -9 -10 10 -12
leaf_value=-0.00025724984146326677 0.0038960282296380579 0.0027232262163849204 -0.0072318686090591475 0.0065973341734294443 0.0033468034146465816 0.0018963842973919653 0.0033063561038439537 0.0030022767018924312 0.002797648942143452 0.0016526251821778713 -0.00044129329823678547
leaf_weight=994 85 177 410 83 166 224 83 82 82 95 62
leaf_count=994 85 177 410 83 166 224 83 82 82 95 62
internal_value=0 -0.000134728 -0.000443886 -0.00162755 -0.00248088 -0.00400674 0.00039832 0.000189886 -2.44416e-05 0.00183129 0.000825727
internal_weight=0 2458 2124 883 800 634 1241 1158 1076 334 157
internal_count=2543 2458 2124 883 800 634 1241 1158 1076 334 157
is_linear=0
shrinkage=0.05


Tree=108
num_leaves=15
num_cat=0
split_feature=18 23 15 9 5 9 20 21 2 25 2 19 2 9
split_gain=0.594284 0.681389 0.754613 4.56336 1.46443 1.41878 2.99839 2.39642 0.373122 0.352991 0.349865 0.348733 0.0874932 0.0524894
threshold=1.0000000180025095e-35 1.0000000180025095e-35 1.0000000180025095e-35 1.0000000180025095e-35 1.0000000180025095e-35 1.0000000180025095e-35 1.0000000180025095e-35 1.0000000180025095e-35 1.0000000180025095e-35 1.0000000180025095e-35 1.0000000180025095e-35 1.0000000180025095e-35 1.0000000180025095e-35 1.0000000180025095e-35
decision_type=2 2 2 2 2 2 2 2 2 2 2 2 2 2
left_child=1 2 5 -4 8 6 7 -1 -5 11 -3 -7 -2 -14
right_child=12 10 3 4 -6 9 -8 -9 -10 -11 -12 -13 13 -15
leaf_value=-0.0038641551838361509 0.0017732750972112021 0.0007863113556855492 0.007928680324144205 -0.0035078995674848556 0.0026801316067576412 -9.0927657996710536e-05 0.013395644091069699 0.0025870648923061665 -0.0084693218840079174 0.0037012268197448815 0.0050406794315751863 0.0033313555997752011 0.0031046556832734495 0.0057189531624317171
leaf_weight=771 75 112 163 80 75 654 30 177 72 85 85 84 48 32
leaf_count=771 75 112 163 80 75 654 30 177 72 85 85 84 48 32
internal_value=0 -0.000194735 -0.000447992 0.00154606 -0.00303706 -0.000879796 -0.00216716 -0.00265966 -0.00585805 0.000650026 0.00262195 0.000298601 0.00300017 0.00415037
internal_weight=0 2388 2191 390 227 1801 978 948 152 823 197 738 155 80
internal_count=2543 2388 2191 390 227 1801 978 948 152 823 197 738 155 80
is_linear=0
shrinkage=0.05


Tree=109
num_leaves=14
num_cat=0
split_feature=18 23 21 2 24 19 2 14 22 9 2 2 9
split_gain=0.536341 0.614954 0.69442 1.16513 2.83216 3.67734 0.315753 0.296665 0.283262 0.0926733 0.0789626 0.0593802 0.0473717
threshold=1.0000000180025095e-35 1.0000000180025095e-35 1.0000000180025095e-35 1.0000000180025095e-35 1.0000000180025095e-35 1.0000000180025095e-35 1.0000000180025095e-35 1.0000000180025095e-35 1.0000000180025095e-35 1.0000000180025095e-35 1.0000000180025095e-35 1.0000000180025095e-35 1.0000000180025095e-35
decision_type=2 2 2 2 2 2 2 2 2 2 2 2 2
left_child=1 2 3 7 5 -5 -3 8 -1 -4 -2 -11 -12
right_child=10 6 9 4 -6 -7 -8 -9 -10 11 12 -13 -14
leaf_value=-0.00021454529803774256 0.0016846111168464025 0.00074699607877326871 0.0024577114353545727 -0.0050921353708903222 0.0072236012822637962 0.0033726716010146832 0.0047886438623947264 0.0031592230037617757 0.002856708836149731 0.0015745414406257239 0.0029494223175182319 -0.00041468021489920158 0.0054330057464540005
leaf_weight=889 75 112 177 565 72 166 85 83 82 95 48 62 32
leaf_count=889 75 112 177 565 72 166 85 83 82 95 48 62 32
internal_value=0 -0.000184998 -0.000425592 -0.000803101 -0.00223797 -0.00316989 0.00249085 0.000290071 4.48191e-05 0.00167331 0.00285016 0.000788989 0.00394286
internal_weight=0 2388 2191 1857 803 731 197 1054 971 334 155 157 80
internal_count=2543 2388 2191 1857 803 731 197 1054 971 334 155 157 80
is_linear=0
shrinkage=0.05


Tree=110
num_leaves=14
num_cat=0
split_feature=25 15 9 5 9 20 21 24 2 20 14 2 16
split_gain=0.500154 0.567816 4.23795 1.28427 0.832041 2.51002 1.38799 1.93119 0.302797 0.255418 0.216165 0.582606 0.252142
threshold=1.0000000180025095e-35 1.0000000180025095e-35 1.0000000180025095e-35 1.0000000180025095e-35 1.0000000180025095e-35 1.0000000180025095e-35 1.0000000180025095e-35 1.0000000180025095e-35 1.0000000180025095e-35 1.0000000180025095e-35 1.0000000180025095e-35 1.0000000180025095e-35 1.0000000180025095e-35
decision_type=2 2 2 2 2 2 2 2 2 2 2 2 2
left_child=1 4 -3 8 5 6 7 -1 -4 10 12 -12 -6
right_child=-2 2 3 -5 9 -7 -8 -9 -10 -11 11 -13 -14
leaf_value=-0.0037326081785127767 0.0037707719787517021 0.0077703954869069933 -0.0033217774785589426 0.0025568532447020217 0.0015571215898935193 0.012923564550777276 0.0023348241375060752 0.001594628281744516 -0.0077912493919332819 -0.002125339989860853 -0.0038645259267952926 0.0021740319981542696 -0.0024885215410372107
leaf_weight=728 85 163 80 75 635 30 177 222 72 75 77 83 41
leaf_count=728 85 163 80 75 635 30 177 222 72 75 77 83 41
internal_value=0 -0.000130397 0.00161955 -0.00279713 -0.000460417 -0.00135035 -0.00173032 -0.00248772 -0.0054389 0.000669834 0.000920597 -0.000732024 0.00131175
internal_weight=0 2458 390 227 2068 1157 1127 950 152 911 836 160 676
internal_count=2543 2458 390 227 2068 1157 1127 950 152 911 836 160 676
is_linear=0
shrinkage=0.05


Tree=111
num_leaves=14
num_cat=0
split_feature=23 14 15 9 9 20 21 5 20 2 16 2 2
split_gain=0.518733 0.574961 0.730988 3.82475 2.14759 2.64716 2.16964 1.15906 0.332332 0.273274 0.258105 0.255298 0.0211471
threshold=1.0000000180025095e-35 1.0000000180025095e-35 1.0000000180025095e-35 1.0000000180025095e-35 1.0000000180025095e-35 1.0000000180025095e-35 1.0000000180025095e-35 1.0000000180025095e-35 1.0000000180025095e-35 1.0000000180025095e-35 1.0000000180025095e-35 1.0000000180025095e-35 1.0000000180025095e-35
decision_type=2 2 2 2 2 2 2 2 2 2 2 2 2
left_child=1 2 4 -4 5 6 -1 9 10 -5 -6 -2 -3
right_child=11 12 3 7 8 -7 -8 -9 -10 -11 -12 -13 -14
leaf_value=-0.0038906262934685896 0.00089627905482692375 0.0031940116950995232 0.0073818770997180526 -0.0031556877028197055 0.0017254917345875564 0.012277386480321487 0.0022180825621836773 0.0024290103564659753 -0.0020190718422333402 -0.0074016870930790901 -0.0023640959750770071 0.0045304762100910438 0.0020653302321232947
leaf_weight=813 112 83 163 80 654 30 177 75 75 72 41 85 83
leaf_count=813 112 83 163 80 654 30 177 75 75 72 41 85 83
internal_value=0 -0.000206937 -0.000422935 0.00153858 -0.000850304 -0.00235506 -0.00279846 -0.00265727 0.001143 -0.00516695 0.00148424 0.00246433 0.00262967
internal_weight=0 2346 2180 390 1790 1020 990 227 770 152 695 197 166
internal_count=2543 2346 2180 390 1790 1020 990 227 770 152 695 197 166
is_linear=0
shrinkage=0.05


Tree=112
num_leaves=14
num_cat=0
split_feature=18 13 2 2 24 19 15 17 9 19 14 2 9
split_gain=0.485742 0.544449 1.41056 1.04616 2.23747 2.64085 3.09431 0.285609 0.560145 1.9035 0.476862 0.0946575 0.0252748
threshold=1.0000000180025095e-35 1.0000000180025095e-35 1.0000000180025095e-35 1.0000000180025095e-35 1.0000000180025095e-35 1.0000000180025095e-35 1.0000000180025095e-35 1.0000000180025095e-35 1.0000000180025095e-35 1.0000000180025095e-35 1.0000000180025095e-35 1.0000000180025095e-35 1.0000000180025095e-35
decision_type=2 2 2 2 2 2 2 2 2 2 2 2 2
left_child=1 3 -3 7 5 6 -5 8 9 -1 -10 -2 -13
right_child=11 2 -4 4 -6 -7 -8 -9 10 -11 -12 12 -14
leaf_value=0.0034488615898925889 0.0014362501154343288 -0.0026564855628938818 0.0070964455335255127 -0.0052623133402304968 0.0069772203504625298 0.0035851981981758433 0.0016533561095587045 -0.0021021721212574366 0.00037693375223768016 -0.0051092544739896606 -0.0038309999427141306 0.003183114802959608 0.0049972243607044227
leaf_weight=416 75 67 83 582 72 166 224 88 536 77 77 48 32
leaf_count=416 75 67 83 582 72 166 224 88 536 77 77 48 32
internal_value=0 -0.000176055 0.00274014 -0.00037151 -0.0015276 -0.00215758 -0.00334034 0.00063934 0.000857471 0.0021122 -0.000151632 0.00271238 0.00390876
internal_weight=0 2388 150 2238 1044 972 806 1194 1106 493 613 155 80
internal_count=2543 2388 150 2238 1044 972 806 1194 1106 493 613 155 80
is_linear=0
shrinkage=0.05


Tree=113
num_leaves=14
num_cat=0
split_feature=14 23 15 9 9 20 21 5 20 2 2 16 2
split_gain=0.522614 0.55696 0.630225 3.416 2.0478 2.46175 2.22802 1.05483 0.312666 0.292209 0.254496 0.241936 0.0157599
threshold=1.0000000180025095e-35 1.0000000180025095e-35 1.0000000180025095e-35 1.0000000180025095e-35 1.0000000180025095e-35 1.0000000180025095e-35 1.0000000180025095e-35 1.0000000180025095e-35 1.0000000180025095e-35 1.0000000180025095e-35 1.0000000180025095e-35 1.0000000180025095e-35 1.0000000180025095e-35
decision_type=2 2 2 2 2 2 2 2 2 2 2 2 2
left_child=1 2 4 -4 5 6 -1 10 11 -3 -5 -6 -2
right_child=12 9 3 7 8 -7 -8 -9 -10 -11 -12 -13 -14
leaf_value=-0.0038200494830999501 0.0031995475337088827 0.00067902178104434696 0.0069240554527271016 -0.0030167498969240116 0.0016946862608376628 0.011825001941372952 0.0023702955454203835 0.0022887129715333382 -0.0019369657287995022 0.004567067871856339 -0.0071142699375438198 -0.0022647382271271652 0.0022251794283020209
leaf_weight=813 83 112 163 80 654 30 177 75 75 85 72 41 83
leaf_count=813 83 112 163 80 654 30 177 75 75 85 72 41 83
internal_value=0 -0.00018942 -0.000419497 0.00140181 -0.000816318 -0.00228569 -0.00271329 -0.0025635 0.00113013 0.00235661 -0.00495768 0.00146111 0.00271236
internal_weight=0 2377 2180 390 1790 1020 990 227 770 197 152 695 166
internal_count=2543 2377 2180 390 1790 1020 990 227 770 197 152 695 166
is_linear=0
shrinkage=0.05


Tree=114
num_leaves=11
num_cat=0
split_feature=25 14 13 2 2 19 24 17 24 2
split_gain=0.4749 0.520579 0.585387 1.33368 1.14973 2.3618 3.03287 0.249646 0.158789 0.0142234
threshold=1.0000000180025095e-35 1.0000000180025095e-35 1.0000000180025095e-35 1.0000000180025095e-35 1.0000000180025095e-35 1.0000000180025095e-35 1.0000000180025095e-35 1.0000000180025095e-35 1.0000000180025095e-35 1.0000000180025095e-35
decision_type=2 2 2 2 2 2 2 2 2 2
left_child=1 2 4 -4 7 6 -6 8 -1 -3
right_child=-2 9 3 -5 5 -7 -8 -9 -10 -11
leaf_value=0.00095023013032945322 0.0036743401697672466 0.0030395709331629867 -0.0025507784490265066 0.0069326249949903376 -0.003944837435182382 0.0035969404009989943 0.0068193625749295786 -0.0020567311153916472 -0.00080055233680953594 0.0021139201506164421
leaf_weight=948 85 83 67 83 718 166 72 88 150 83
leaf_count=948 85 83 67 83 718 166 72 88 150 83
internal_value=0 -0.000127062 -0.000322888 0.0026967 -0.000534344 -0.00182459 -0.0029638 0.000505685 0.000711052 0.00257675
internal_weight=0 2458 2292 150 2142 956 790 1186 1098 166
internal_count=2543 2458 2292 150 2142 956 790 1186 1098 166
is_linear=0
shrinkage=0.05


Tree=115
num_leaves=13
num_cat=0
split_feature=18 23 2 13 19 21 2 13 17 9 2 9
split_gain=0.465839 0.52367 0.648081 2.24191 2.33878 3.25327 0.299827 0.230793 0.250073 0.723249 0.117871 0.0160953
threshold=1.0000000180025095e-35 1.0000000180025095e-35 1.0000000180025095e-35 1.0000000180025095e-35 1.0000000180025095e-35 1.0000000180025095e-35 1.0000000180025095e-35 1.0000000180025095e-35 1.0000000180025095e-35 1.0000000180025095e-35 1.0000000180025095e-35 1.0000000180025095e-35
decision_type=2 2 2 2 2 2 2 2 2 2 2 2
left_child=1 2 7 4 5 -4 -3 8 9 -1 -2 -12
right_child=10 6 3 -5 -6 -7 -8 -9 -10 -11 11 -13
leaf_value=0.002537746906153408 0.0012321923971176148 0.00059755695318537097 -0.0052129361581390171 0.0065859927739723616 0.0034170906853312291 0.0017663803044122069 0.0045359575989491804 -0.0024232389655575825 -0.0019538945962928912 -0.00023630327316453804 0.0034122015187070553 0.004859871417284012
leaf_weight=381 75 112 554 83 166 239 85 67 88 613 48 32
leaf_count=381 75 112 554 83 166 239 85 67 88 613 48 32
internal_value=0 -0.000172411 -0.000394431 -0.00129744 -0.00197973 -0.00310946 0.00229687 0.00042448 0.000600818 0.00082699 0.00265623 0.00399127
internal_weight=0 2388 2191 1042 959 793 197 1149 1082 994 155 80
internal_count=2543 2388 2191 1042 959 793 197 1149 1082 994 155 80
is_linear=0
shrinkage=0.05


Tree=116
num_leaves=14
num_cat=0
split_feature=25 15 9 5 2 13 24 19 14 9 19 20 2
split_gain=0.494994 0.53923 3.28759 0.888419 0.71906 2.20978 2.58515 3.53503 0.227634 0.340367 0.59693 0.281613 0.175128
threshold=1.0000000180025095e-35 1.0000000180025095e-35 1.0000000180025095e-35 1.0000000180025095e-35 1.0000000180025095e-35 1.0000000180025095e-35 1.0000000180025095e-35 1.0000000180025095e-35 1.0000000180025095e-35 1.0000000180025095e-35 1.0000000180025095e-35 1.0000000180025095e-35 1.0000000180025095e-35
decision_type=2 2 2 2 2 2 2 2 2 2 2 2 2
left_child=1 4 -3 12 8 6 7 -6 9 10 -1 -11 -4
right_child=-2 2 3 -5 5 -7 -8 -9 -10 11 -12 -13 -14
leaf_value=-4.9123131435568006e-05 0.0037512696665876056 0.0069930719041716924 -0.0029016082955058663 0.0021385815944522618 -0.0050335449206443473 0.0062566931438015174 0.0067390402054621117 0.0032462385937526645 0.0028893808233944412 0.0014039472545902987 -0.0048371863805434928 -0.0018758123020331066 -0.0063006684313424771
leaf_weight=421 85 163 80 75 577 83 72 166 83 514 77 75 72
leaf_count=421 85 163 80 75 577 83 72 166 83 514 77 75 72
internal_value=0 -0.000129723 0.00157561 -0.00231446 -0.000451328 -0.00151555 -0.00230708 -0.00318369 0.000365485 0.000172768 -0.000789446 0.000986321 -0.00451169
internal_weight=0 2458 390 227 2068 898 815 743 1170 1087 498 589 152
internal_count=2543 2458 390 227 2068 898 815 743 1170 1087 498 589 152
is_linear=0
shrinkage=0.05


Tree=117
num_leaves=15
num_cat=0
split_feature=14 21 15 9 9 20 24 5 20 16 2 9 2 2
split_gain=0.492377 0.551681 0.762517 2.96705 2.22117 2.50678 2.27027 0.801798 0.306803 0.26297 0.158053 0.125367 0.0195469 0.000835627
threshold=1.0000000180025095e-35 1.0000000180025095e-35 1.0000000180025095e-35 1.0000000180025095e-35 1.0000000180025095e-35 1.0000000180025095e-35 1.0000000180025095e-35 1.0000000180025095e-35 1.0000000180025095e-35 1.0000000180025095e-35 1.0000000180025095e-35 1.0000000180025095e-35 1.0000000180025095e-35 1.0000000180025095e-35
decision_type=2 2 2 2 2 2 2 2 2 2 2 2 2 2
left_child=1 2 4 -4 5 6 -1 10 9 -6 -5 -3 -13 -2
right_child=13 11 3 7 8 -7 -8 -9 -10 -11 -12 12 -14 -15
leaf_value=-0.0043032165176081641 0.0027449117549863387 0.002612379388252305 0.0066434187865301838 -0.0027565275385859423 0.0018901900727000768 0.011737632130583127 0.0014784101734508399 0.0020316525775318345 -0.0017820228512088459 -0.0022573955175353259 -0.0059856351316233888 0.0011222084886149356 -1.9095862104046729e-05 0.0025205483132726457
leaf_weight=722 83 177 163 80 563 30 222 75 75 41 72 95 62 83
leaf_count=722 83 177 163 80 563 30 222 75 75 41 72 95 62 83
internal_value=0 -0.000183859 -0.000491851 0.00149683 -0.000961049 -0.00249136 -0.00294355 -0.00219874 0.00123413 0.00160865 -0.0042861 0.00170005 0.000671502 0.00263273
internal_weight=0 2377 2043 390 1653 974 944 227 679 604 152 334 157 166
internal_count=2543 2377 2043 390 1653 974 944 227 679 604 152 334 157 166
is_linear=0
shrinkage=0.05


Tree=118
num_leaves=14
num_cat=0
split_feature=23 18 21 2 13 19 2 20 14 2 9 2 9
split_gain=0.493408 0.528889 0.640995 1.162 2.58545 3.60073 0.271864 0.212784 0.22443 0.151578 0.113144 0.0176411 0.00872089
threshold=1.0000000180025095e-35 1.0000000180025095e-35 1.0000000180025095e-35 1.0000000180025095e-35 1.0000000180025095e-35 1.0000000180025095e-35 1.0000000180025095e-35 1.0000000180025095e-35 1.0000000180025095e-35 1.0000000180025095e-35 1.0000000180025095e-35 1.0000000180025095e-35 1.0000000180025095e-35
decision_type=2 2 2 2 2 2 2 2 2 2 2 2 2
left_child=1 2 3 7 5 -5 -2 8 -1 -3 -4 -12 -11
right_child=6 9 10 4 -6 -7 -8 -9 -10 12 11 -13 -14
leaf_value=-0.00011098563952132623 0.00078529736825398038 0.0010058757811784746 0.0024817599668983097 -0.0050959489354422474 0.0061590200896004602 0.0032990854031529774 0.0045355478334514537 0.0027734440933095249 0.0026076661052563824 0.0037084314069943504 0.0010660975044103045 -1.8141610968497492e-05 0.0047740449197590353
leaf_weight=889 112 75 177 554 83 166 85 82 83 48 95 62 32
leaf_count=889 112 75 177 554 83 166 85 82 83 48 95 62 32
internal_value=0 -0.000201822 -0.000401502 -0.000764198 -0.00219715 -0.00316043 0.00240343 0.000327507 0.000121163 0.00262074 0.00161505 0.000637927 0.00413468
internal_weight=0 2346 2191 1857 803 720 197 1054 972 155 334 157 80
internal_count=2543 2346 2191 1857 803 720 197 1054 972 155 334 157 80
is_linear=0
shrinkage=0.05


Tree=119
num_leaves=13
num_cat=0
split_feature=25 15 9 5 2 24 13 19 13 17 9 2
split_gain=0.487822 0.535531 2.77644 0.695434 0.66279 2.031 2.37643 3.29051 0.209745 0.235363 0.314142 0.120405
threshold=1.0000000180025095e-35 1.0000000180025095e-35 1.0000000180025095e-35 1.0000000180025095e-35 1.0000000180025095e-35 1.0000000180025095e-35 1.0000000180025095e-35 1.0000000180025095e-35 1.0000000180025095e-35 1.0000000180025095e-35 1.0000000180025095e-35 1.0000000180025095e-35
decision_type=2 2 2 2 2 2 2 2 2 2 2 2
left_child=1 4 -3 11 8 6 7 -6 9 10 -1 -4
right_child=-2 2 3 -5 5 -7 -8 -9 -10 -11 -12 -13
leaf_value=0.0016399747212378782 0.0037239943389945174 0.0065492236606799568 -0.0026131539109337612 0.0019356192350387575 -0.0048541561544342597 0.0065829655155539516 0.0058510682309966498 0.0031341340869710031 -0.0023813460967433988 -0.0019806015204680573 -0.00012151049690296626 -0.0054315562259742165
leaf_weight=482 85 163 80 75 577 72 83 166 67 88 533 72
leaf_count=482 85 163 80 75 577 72 83 166 67 88 533 72
internal_value=0 -0.000128779 0.00157069 -0.0020042 -0.00044928 -0.00147101 -0.00217305 -0.00306942 0.000334923 0.000499918 0.000714978 -0.00394819
internal_weight=0 2458 390 227 2068 898 826 743 1170 1103 1015 152
internal_count=2543 2458 390 227 2068 898 826 743 1170 1103 1015 152
is_linear=0
shrinkage=0.05


Tree=120
num_leaves=15
num_cat=0
split_feature=14 21 15 9 9 20 24 5 20 16 9 2 2 2
split_gain=0.511935 0.559477 0.763373 2.50574 2.14546 2.41006 2.09043 0.627629 0.306744 0.24057 0.119489 0.108666 0.00944614 0.00285941
threshold=1.0000000180025095e-35 1.0000000180025095e-35 1.0000000180025095e-35 1.0000000180025095e-35 1.0000000180025095e-35 1.0000000180025095e-35 1.0000000180025095e-35 1.0000000180025095e-35 1.0000000180025095e-35 1.0000000180025095e-35 1.0000000180025095e-35 1.0000000180025095e-35 1.0000000180025095e-35 1.0000000180025095e-35
decision_type=2 2 2 2 2 2 2 2 2 2 2 2 2 2
left_child=1 2 4 -4 5 6 -1 11 9 -6 -3 -5 -12 -2
right_child=13 10 3 7 8 -7 -8 -9 -10 -11 12 -13 -14 -15
leaf_value=-0.0042191813570909061 0.0024769919197894187 0.0026003828548463222 0.0062217635497703663 -0.002482496294032899 0.0018341108235831625 0.011480682641267777 0.001328721343511338 0.001838837517114977 -0.0018255174855391185 -0.0021329001773421358 0.0010188687352561637 -0.0051599780770225662 0.00022547390432127061 0.0028920264847307319
leaf_weight=722 83 177 163 80 563 30 222 75 75 41 95 72 62 83
leaf_count=722 83 177 163 80 563 30 222 75 75 41 95 72 62 83
internal_value=0 -0.000187475 -0.000497635 0.00149216 -0.000967097 -0.0024711 -0.00291448 -0.00190399 0.00119034 0.00156483 0.0017097 -0.00375078 0.000705554 0.00268451
internal_weight=0 2377 2043 390 1653 974 944 227 679 604 334 152 157 166
internal_count=2543 2377 2043 390 1653 974 944 227 679 604 334 152 157 166
is_linear=0
shrinkage=0.05


Tree=121
num_leaves=14
num_cat=0
split_feature=23 14 21 15 9 20 9 5 20 2 9 2 2
split_gain=0.513099 0.542785 0.656516 0.959294 2.55064 2.46179 2.26143 0.566435 0.270619 0.257867 0.107838 0.00852517 0.00258063
threshold=1.0000000180025095e-35 1.0000000180025095e-35 1.0000000180025095e-35 1.0000000180025095e-35 1.0000000180025095e-35 1.0000000180025095e-35 1.0000000180025095e-35 1.0000000180025095e-35 1.0000000180025095e-35 1.0000000180025095e-35 1.0000000180025095e-35 1.0000000180025095e-35 1.0000000180025095e-35
decision_type=2 2 2 2 2 2 2 2 2 2 2 2 2
left_child=1 2 3 4 5 -1 -5 -8 -6 -2 -4 -12 -3
right_child=9 12 10 6 8 -7 7 -9 -10 -11 11 -13 -14
leaf_value=-0.0036782557930868792 0.00087499124596693691 0.0023531419476013806 0.0024703623817728488 0.0059106753426289727 0.0014717120502176989 0.010906647207836311 -0.0035632378911893618 0.0017468957700766622 -0.0017342430949211123 0.0045274273667703663 0.00096792512916420636 0.0002141986522943743 0.0027474254268748935
leaf_weight=813 112 83 177 163 538 30 152 75 75 85 95 62 83
leaf_count=813 112 83 177 163 538 30 152 75 75 85 95 62 83
internal_value=0 -0.00020581 -0.000415678 -0.000784759 -0.00137466 -0.00315922 0.00141755 -0.00180879 0.00107947 0.00245092 0.00162421 0.000670275 0.00255028
internal_weight=0 2346 2180 1846 1456 843 390 227 613 197 334 157 166
internal_count=2543 2346 2180 1846 1456 843 390 227 613 197 334 157 166
is_linear=0
shrinkage=0.05


Tree=122
num_leaves=14
num_cat=0
split_feature=23 18 2 13 19 21 2 17 9 19 14 2 9
split_gain=0.463072 0.528532 0.601249 1.87955 2.22333 3.12918 0.232725 0.217665 0.576374 1.45492 0.638403 0.194596 0.00157024
threshold=1.0000000180025095e-35 1.0000000180025095e-35 1.0000000180025095e-35 1.0000000180025095e-35 1.0000000180025095e-35 1.0000000180025095e-35 1.0000000180025095e-35 1.0000000180025095e-35 1.0000000180025095e-35 1.0000000180025095e-35 1.0000000180025095e-35 1.0000000180025095e-35 1.0000000180025095e-35
decision_type=2 2 2 2 2 2 2 2 2 2 2 2 2
left_child=1 2 7 4 5 -4 -2 8 9 -1 -10 -3 -13
right_child=6 11 3 -5 -6 -7 -8 -9 10 -11 -12 12 -14
leaf_value=0.0035982729332615275 0.00083124145000640836 0.00079636623958746593 -0.0050540851246706799 0.0059533861342323836 0.0033723010196271969 0.0017908286084576848 0.004301055863718776 -0.0019959385919553988 0.00025406441928388737 -0.004061743244528771 -0.004587119931578878 0.0041605878737755123 0.0046127591282129291
leaf_weight=318 112 75 554 83 166 239 85 88 589 77 77 48 32
leaf_count=318 112 75 554 83 166 239 85 88 589 77 77 48 32
internal_value=0 -0.000195519 -0.000395131 -0.0012649 -0.00188963 -0.00299112 0.00232837 0.000393638 0.000591831 0.00210505 -0.000305652 0.00262609 0.00434146
internal_weight=0 2346 2191 1042 959 793 197 1149 1061 395 666 155 80
internal_count=2543 2346 2191 1042 959 793 197 1149 1061 395 666 155 80
is_linear=0
shrinkage=0.05


Tree=123
num_leaves=14
num_cat=0
split_feature=14 15 9 9 20 21 24 5 25 20 16 2 2
split_gain=0.498484 0.518401 2.12644 1.27467 1.80528 1.46383 1.95582 0.486045 0.266066 0.181554 0.161904 0.0786724 0.0030338
threshold=1.0000000180025095e-35 1.0000000180025095e-35 1.0000000180025095e-35 1.0000000180025095e-35 1.0000000180025095e-35 1.0000000180025095e-35 1.0000000180025095e-35 1.0000000180025095e-35 1.0000000180025095e-35 1.0000000180025095e-35 1.0000000180025095e-35 1.0000000180025095e-35 1.0000000180025095e-35
decision_type=2 2 2 2 2 2 2 2 2 2 2 2 2
left_child=1 3 -3 4 5 6 -1 11 9 10 -5 -4 -2
right_child=12 2 7 8 -6 -7 -8 -9 -10 -11 -12 -13 -14
leaf_value=-0.0039597134262586526 0.0024352549958177451 0.0058386506569897472 -0.0021929130703210831 0.0011293042055056175 0.010513075732936463 0.0022573008651234796 0.0014065926588758687 0.0016468484334181994 0.0036252074557192185 -0.0016602333386739098 -0.0021125444029344294 -0.0044711121202756967 0.0028627581490450597
leaf_weight=722 83 163 80 635 30 177 222 75 85 75 41 72 83
leaf_count=722 83 163 80 635 30 177 222 75 85 75 41 72 83
internal_value=0 -0.000184996 0.00148169 -0.000512127 -0.00159141 -0.00191535 -0.00269772 -0.00164687 0.000973827 0.000673737 0.000932683 -0.00327206 0.00264901
internal_weight=0 2377 390 1987 1151 1121 944 227 836 751 676 152 166
internal_count=2543 2377 390 1987 1151 1121 944 227 836 751 676 152 166
is_linear=0
shrinkage=0.05


Tree=124
num_leaves=14
num_cat=0
split_feature=23 14 15 9 9 20 21 5 25 2 20 2 2
split_gain=0.46161 0.525466 0.621949 1.91911 1.57165 1.80137 1.81905 0.438656 0.245536 0.185611 0.158928 0.0710019 0.00273801
threshold=1.0000000180025095e-35 1.0000000180025095e-35 1.0000000180025095e-35 1.0000000180025095e-35 1.0000000180025095e-35 1.0000000180025095e-35 1.0000000180025095e-35 1.0000000180025095e-35 1.0000000180025095e-35 1.0000000180025095e-35 1.0000000180025095e-35 1.0000000180025095e-35 1.0000000180025095e-35
decision_type=2 2 2 2 2 2 2 2 2 2 2 2 2
left_child=1 2 4 -4 5 6 -1 11 10 -2 -6 -5 -3
right_child=9 12 3 7 8 -7 -8 -9 -10 -11 -12 -13 -14
leaf_value=-0.0034489841660058532 0.00098766704821693046 0.0023134920517114519 0.0055467179219347018 -0.0020832674609846439 0.00086182462543890376 0.0099874219589401042 0.0021444358773487437 0.0015645055243124564 0.0034439464872155125 0.0040864150752039519 -0.0015772215450803439 -0.0042475576978176837 0.0027196207106203203
leaf_weight=813 112 83 163 80 610 30 177 75 85 85 75 72 83
leaf_count=813 112 83 163 80 610 30 177 75 85 85 75 72 83
internal_value=0 -0.00019521 -0.000401703 0.00140761 -0.00079591 -0.00208317 -0.00244895 -0.00156453 0.000909295 0.00232469 0.000594776 -0.00310846 0.00251656
internal_weight=0 2346 2180 390 1790 1020 990 227 770 197 685 152 166
internal_count=2543 2346 2180 390 1790 1020 990 227 770 197 685 152 166
is_linear=0
shrinkage=0.05


Tree=125
num_leaves=15
num_cat=0
split_feature=18 23 19 2 24 13 9 24 14 2 9 2 2 9
split_gain=0.426222 0.483781 0.614051 1.36875 2.48215 2.99241 0.627498 1.23844 0.631875 0.514895 0.565027 0.206265 0.167514 1.25535e-05
threshold=1.0000000180025095e-35 1.0000000180025095e-35 1.0000000180025095e-35 1.0000000180025095e-35 1.0000000180025095e-35 1.0000000180025095e-35 1.0000000180025095e-35 1.0000000180025095e-35 1.0000000180025095e-35 1.0000000180025095e-35 1.0000000180025095e-35 1.0000000180025095e-35 1.0000000180025095e-35 1.0000000180025095e-35
decision_type=2 2 2 2 2 2 2 2 2 2 2 2 2 2
left_child=1 2 3 6 5 -5 7 -1 -8 10 -4 -2 -3 -13
right_child=11 12 9 4 -6 -7 8 -9 -10 -11 -12 13 -14 -15
leaf_value=0.0051875616508451385 0.00065699109435081492 0.00093828140358839709 -0.0034882233901457355 -0.0039992539126935565 0.0067261178537996284 0.0060261514890624819 0.00022307214128155993 -0.00099564301983142887 -0.0045952010669975318 0.003574122086515179 0.0024414742521739322 0.0043229947283786414 0.0038820931512643306 0.0042825648561120033
leaf_weight=176 75 112 77 721 72 83 585 150 77 166 84 48 85 32
leaf_count=176 75 112 77 721 72 83 585 150 77 166 84 48 85 32
internal_value=0 -0.000164916 -0.000378314 -0.000728906 -0.00216782 -0.00296429 0.000546894 0.00234253 -0.000337361 0.00162017 -0.000394468 0.00254078 0.00220845 0.00430682
internal_weight=0 2388 2191 1864 876 804 988 326 662 327 161 155 197 80
internal_count=2543 2388 2191 1864 876 804 988 326 662 327 161 155 197 80
is_linear=0
shrinkage=0.05


Tree=126
num_leaves=14
num_cat=0
split_feature=14 15 9 9 20 21 19 5 25 20 16 2 2
split_gain=0.475755 0.490404 1.79051 1.06335 1.50867 1.35732 1.89372 0.378252 0.258501 0.143088 0.142164 0.0515956 0.0025428
threshold=1.0000000180025095e-35 1.0000000180025095e-35 1.0000000180025095e-35 1.0000000180025095e-35 1.0000000180025095e-35 1.0000000180025095e-35 1.0000000180025095e-35 1.0000000180025095e-35 1.0000000180025095e-35 1.0000000180025095e-35 1.0000000180025095e-35 1.0000000180025095e-35 1.0000000180025095e-35
decision_type=2 2 2 2 2 2 2 2 2 2 2 2 2
left_child=1 3 -3 4 5 6 -1 11 9 10 -5 -4 -2
right_child=12 2 7 8 -6 -7 -8 -9 -10 -11 -12 -13 -14
leaf_value=-0.0038526962112932061 0.0023922182179157096 0.005438347935156634 -0.0019902573246508839 0.00097663485349749955 0.0095808349557531397 0.0022371775053025853 0.0012694467782759617 0.0014751273579895498 0.0034717121194390689 -0.0015095156853397688 -0.0020611613557287834 -0.0038352171166075606 0.002783601637929678
leaf_weight=701 83 163 80 635 30 177 243 75 85 75 41 72 83
leaf_count=701 83 163 80 635 30 177 243 75 85 75 41 72 83
internal_value=0 -0.000180729 0.00144033 -0.000498904 -0.00148467 -0.00178081 -0.00253418 -0.00143049 0.000858298 0.000562506 0.00079239 -0.00286419 0.00258791
internal_weight=0 2377 390 1987 1151 1121 944 227 836 751 676 152 166
internal_count=2543 2377 390 1987 1151 1121 944 227 836 751 676 152 166
is_linear=0
shrinkage=0.05


Tree=127
num_leaves=14
num_cat=0
split_feature=14 23 15 9 9 20 24 5 25 17 2 2 2
split_gain=0.429369 0.487288 0.585312 1.61593 1.37989 1.5171 1.77433 0.341372 0.233105 0.142672 0.13159 0.046565 0.00229488
threshold=1.0000000180025095e-35 1.0000000180025095e-35 1.0000000180025095e-35 1.0000000180025095e-35 1.0000000180025095e-35 1.0000000180025095e-35 1.0000000180025095e-35 1.0000000180025095e-35 1.0000000180025095e-35 1.0000000180025095e-35 1.0000000180025095e-35 1.0000000180025095e-35 1.0000000180025095e-35
decision_type=2 2 2 2 2 2 2 2 2 2 2 2 2
left_child=1 2 4 -4 5 6 -1 11 9 -6 -3 -5 -2
right_child=12 10 3 7 8 -7 -8 -9 -10 -11 -12 -13 -14
leaf_value=-0.0034492322080647377 0.002272607662616135 0.0010840025198246752 0.005166430783349496 -0.0018907445052172992 0.00025961995022833227 0.0091017931963627546 0.0016259109666403215 0.0014013708705703418 0.0032981274413931023 0.0025064078619470818 0.003693131778170081 -0.0036434551183548245 0.0026444222407797017
leaf_weight=768 83 112 163 80 605 30 222 75 85 80 85 72 83
leaf_count=768 83 112 163 80 605 30 222 75 85 80 85 72 83
internal_value=0 -0.000171693 -0.000386898 0.00136831 -0.000769319 -0.00197549 -0.00231117 -0.00135897 0.000828472 0.000522019 0.00220977 -0.00272098 0.00245851
internal_weight=0 2377 2180 390 1790 1020 990 227 770 685 197 152 166
internal_count=2543 2377 2180 390 1790 1020 990 227 770 685 197 152 166
is_linear=0
shrinkage=0.05


Tree=128
num_leaves=17
num_cat=0
split_feature=18 19 2 13 24 21 9 24 14 2 9 23 3 2 17 9
split_gain=0.407428 0.472394 1.01233 2.16396 2.4614 3.24818 0.619416 0.760858 0.623044 0.486919 0.479483 0.468212 0.266212 0.214674 0.178648 0.00166287
threshold=1.0000000180025095e-35 1.0000000180025095e-35 1.0000000180025095e-35 1.0000000180025095e-35 1.0000000180025095e-35 1.0000000180025095e-35 1.0000000180025095e-35 1.0000000180025095e-35 1.0000000180025095e-35 1.0000000180025095e-35 1.0000000180025095e-35 1.0000000180025095e-35 1.0000000180025095e-35 1.0000000180025095e-35 1.0000000180025095e-35 1.0000000180025095e-35
decision_type=2 2 2 2 2 2 2 2 2 2 2 2 2 2 2 2
left_child=1 2 6 4 5 -4 7 11 14 10 -3 -1 -9 -2 -8 -15
right_child=13 9 3 -5 -6 -7 8 12 -10 -11 -12 -13 -14 15 -16 -17
leaf_value=0.0051652483419853852 0.00056232854227224996 -0.0032048226515581086 -0.005208443978048264 0.0060899400926498048 0.0065011513846305507 0.0017412764614518094 -0.00016196804314777994 0.0012164237074457206 -0.0045986825388602236 0.003504399551606053 0.0022575878588083601 0.0010298053700742978 -0.0029978465314393177 0.004471939629487073 0.0023810877860523764 0.0040066235698759554
leaf_weight=176 75 77 567 83 72 239 505 77 77 166 84 112 73 48 80 32
leaf_count=176 75 77 567 83 72 239 505 77 77 166 84 112 73 48 80 32
internal_value=0 -0.00016124 -0.000441357 -0.00162692 -0.00235642 -0.00314767 0.000594398 0.00205307 -0.000370703 0.00160427 -0.000354869 0.00355702 -0.000834521 0.00248413 0.0001858 0.00428581
internal_weight=0 2388 2061 961 878 806 1100 438 662 327 161 288 150 155 585 80
internal_count=2543 2388 2061 961 878 806 1100 438 662 327 161 288 150 155 585 80
is_linear=0
shrinkage=0.05


Tree=129
num_leaves=14
num_cat=0
split_feature=14 15 9 9 20 21 19 5 25 20 16 2 2
split_gain=0.466685 0.492431 1.52369 0.934257 1.28388 1.28254 1.82781 0.28957 0.259671 0.12245 0.12293 0.0302532 0.00291436
threshold=1.0000000180025095e-35 1.0000000180025095e-35 1.0000000180025095e-35 1.0000000180025095e-35 1.0000000180025095e-35 1.0000000180025095e-35 1.0000000180025095e-35 1.0000000180025095e-35 1.0000000180025095e-35 1.0000000180025095e-35 1.0000000180025095e-35 1.0000000180025095e-35 1.0000000180025095e-35
decision_type=2 2 2 2 2 2 2 2 2 2 2 2 2
left_child=1 3 -3 4 5 6 -1 11 9 10 -5 -4 -2
right_child=12 2 7 8 -6 -7 -8 -9 -10 -11 -12 -13 -14
leaf_value=-0.0037226984267071232 0.0023536197127246982 0.005133528033759948 -0.0017881074419710784 0.00086185009123420156 0.0087860984324167179 0.0022107161498644344 0.0013095134577940032 0.0013393999223286907 0.0033936430513858795 -0.0014389211212595303 -0.0019629859876614517 -0.00320086067982225 0.0027726227765431607
leaf_weight=701 83 163 80 635 30 177 243 75 85 75 41 72 83
leaf_count=701 83 163 80 635 30 177 243 75 85 75 41 72 83
internal_value=0 -0.000178998 0.00144541 -0.000497829 -0.00142182 -0.00169501 -0.00242733 -0.00120289 0.000774322 0.000477861 0.000690521 -0.00245731 0.00256312
internal_weight=0 2377 390 1987 1151 1121 944 227 836 751 676 152 166
internal_count=2543 2377 390 1987 1151 1121 944 227 836 751 676 152 166
is_linear=0
shrinkage=0.05


Tree=130
num_leaves=15
num_cat=0
split_feature=23 14 15 9 9 24 19 2 5 25 2 17 2 2
split_gain=0.448606 0.493281 0.592292 1.37513 1.24265 1.45093 2.41919 0.945057 0.261337 0.235993 0.131939 0.11586 0.0273035 0.00263021
threshold=1.0000000180025095e-35 1.0000000180025095e-35 1.0000000180025095e-35 1.0000000180025095e-35 1.0000000180025095e-35 1.0000000180025095e-35 1.0000000180025095e-35 1.0000000180025095e-35 1.0000000180025095e-35 1.0000000180025095e-35 1.0000000180025095e-35 1.0000000180025095e-35 1.0000000180025095e-35 1.0000000180025095e-35
decision_type=2 2 2 2 2 2 2 2 2 2 2 2 2 2
left_child=1 2 4 -4 5 6 -1 -7 12 11 -2 -6 -5 -3
right_child=10 13 3 8 9 7 -8 -9 -10 -11 -12 -13 -14 -15
leaf_value=-0.0047381074319652345 0.0011644515707822784 0.0022359388402322339 0.0048768495410920747 -0.0016987027041614055 0.0001942490996054012 -0.00060665990039706231 0.0012440348860382297 0.0063622298016626812 0.0012724299157659215 0.0032239606710808243 0.0037770445995471062 0.0022189407594851219 -0.0030408169246382184 0.0026339919306337836
leaf_weight=555 112 83 163 80 605 150 243 72 75 85 85 80 72 83
leaf_count=555 112 83 163 80 605 150 243 72 75 85 85 80 72 83
internal_value=0 -0.000192441 -0.00039251 0.00137314 -0.000777204 -0.00192183 -0.00291648 0.00165352 -0.00114274 0.000739055 0.00229171 0.000430709 -0.00233444 0.00243497
internal_weight=0 2346 2180 390 1790 1020 798 222 227 770 197 685 152 166
internal_count=2543 2346 2180 390 1790 1020 798 222 227 770 197 685 152 166
is_linear=0
shrinkage=0.05


Tree=131
num_leaves=14
num_cat=0
split_feature=23 18 2 13 19 21 17 9 19 14 2 2 9
split_gain=0.404866 0.461737 0.627722 2.01109 2.09336 3.03216 0.294955 0.791305 1.20516 0.618414 0.22628 0.119076 0.00647063
threshold=1.0000000180025095e-35 1.0000000180025095e-35 1.0000000180025095e-35 1.0000000180025095e-35 1.0000000180025095e-35 1.0000000180025095e-35 1.0000000180025095e-35 1.0000000180025095e-35 1.0000000180025095e-35 1.0000000180025095e-35 1.0000000180025095e-35 1.0000000180025095e-35 1.0000000180025095e-35
decision_type=2 2 2 2 2 2 2 2 2 2 2 2 2
left_child=1 2 6 4 5 -4 7 8 -1 -9 -3 -2 -12
right_child=11 10 3 -5 -6 -7 -8 9 -10 -11 12 -13 -14
leaf_value=0.0037993460527545064 0.0011062236070366843 0.00048140748838583632 -0.0050038677143497863 0.0062084841800023275 0.0032015009283884823 0.0017341007232553011 -0.0023451078280975874 0.00016656352056060715 -0.0031722582731541099 -0.0045982272208474773 0.0046713842573808508 0.0035881926754818246 0.0037534896284341815
leaf_weight=318 112 75 554 83 166 239 88 589 77 77 48 85 32
leaf_count=318 112 75 554 83 166 239 88 589 77 77 48 85 32
internal_value=0 -0.000182819 -0.000369392 -0.0012581 -0.00190432 -0.00297313 0.000436554 0.000667267 0.00244032 -0.000384321 0.00245448 0.00217712 0.00430423
internal_weight=0 2346 2191 1042 959 793 1149 1061 395 666 155 197 80
internal_count=2543 2346 2191 1042 959 793 1149 1061 395 666 155 197 80
is_linear=0
shrinkage=0.05


Tree=132
num_leaves=14
num_cat=0
split_feature=14 15 9 9 20 21 24 25 5 17 19 2 2
split_gain=0.457615 0.487808 1.3056 0.809594 1.25338 1.26245 1.74323 0.26046 0.2193 0.12027 0.140016 0.0156619 0.00305202
threshold=1.0000000180025095e-35 1.0000000180025095e-35 1.0000000180025095e-35 1.0000000180025095e-35 1.0000000180025095e-35 1.0000000180025095e-35 1.0000000180025095e-35 1.0000000180025095e-35 1.0000000180025095e-35 1.0000000180025095e-35 1.0000000180025095e-35 1.0000000180025095e-35 1.0000000180025095e-35
decision_type=2 2 2 2 2 2 2 2 2 2 2 2 2
left_child=1 3 -3 4 5 6 -1 9 11 10 -5 -4 -2
right_child=12 2 8 7 -6 -7 -8 -9 -10 -11 -12 -13 -14
leaf_value=-0.0035426411318361835 0.0023237005486265272 0.0048534975779254245 -0.0016220957663608715 -9.8957488744867123e-05 0.0087311874981969607 0.0022503826658683435 0.0015236319084693719 0.0033129568222691032 0.0012004811366399129 0.0022252480851602742 0.0020835756324231627 -0.0026385839562863113 0.0027524857052478448
leaf_weight=722 83 163 80 587 30 177 222 85 75 80 84 72 83
leaf_count=722 83 163 80 587 30 177 222 85 75 80 84 72 83
internal_value=0 -0.00017725 0.00143951 -0.000494582 -0.00135472 -0.00162464 -0.00235121 0.000689657 -0.00101194 0.000392746 0.000174266 -0.00210359 0.00253809
internal_weight=0 2377 390 1987 1151 1121 944 836 227 751 671 152 166
internal_count=2543 2377 390 1987 1151 1121 944 836 227 751 671 152 166
is_linear=0
shrinkage=0.05


Tree=133
num_leaves=14
num_cat=0
split_feature=14 23 15 9 9 21 19 25 5 9 17 2 2
split_gain=0.412997 0.476966 0.581069 1.1783 1.12892 1.36461 2.17545 0.232121 0.197918 0.13671 0.109306 0.0141348 0.00275445
threshold=1.0000000180025095e-35 1.0000000180025095e-35 1.0000000180025095e-35 1.0000000180025095e-35 1.0000000180025095e-35 1.0000000180025095e-35 1.0000000180025095e-35 1.0000000180025095e-35 1.0000000180025095e-35 1.0000000180025095e-35 1.0000000180025095e-35 1.0000000180025095e-35 1.0000000180025095e-35
decision_type=2 2 2 2 2 2 2 2 2 2 2 2 2
left_child=1 2 4 -4 5 6 -1 10 11 -3 -6 -5 -2
right_child=12 9 3 8 7 -7 -8 -9 -10 -11 -12 -13 -14
leaf_value=-0.0043077652375553346 0.002207514963548277 0.0031226358220038069 0.0046108229708589294 -0.0015409929456654935 0.00014739003340321139 0.0021378635620898276 0.0012998736892738706 0.0031473078532144429 0.0011404562803606192 0.00033204356264887434 0.0021139856791705827 -0.0025066541061581423 0.002614861200507506
leaf_weight=600 83 131 163 80 605 177 243 85 75 66 80 72 83
leaf_count=600 83 131 163 80 605 177 243 85 75 66 80 72 83
internal_value=0 -0.000168387 -0.000381301 0.00136754 -0.000762334 -0.00185332 -0.00269133 0.000682871 -0.000961341 0.00218772 0.000377065 -0.00199841 0.00241119
internal_weight=0 2377 2180 390 1790 1020 843 770 227 197 685 152 166
internal_count=2543 2377 2180 390 1790 1020 843 770 227 197 685 152 166
is_linear=0
shrinkage=0.05


Tree=134
num_leaves=15
num_cat=0
split_feature=18 2 13 24 19 9 17 9 19 24 14 2 19 9
split_gain=0.39684 0.471055 1.85407 1.93411 2.17613 3.28875 0.316961 0.776878 0.943887 1.28658 0.6126 0.231738 0.130461 0.0123276
threshold=1.0000000180025095e-35 1.0000000180025095e-35 1.0000000180025095e-35 1.0000000180025095e-35 1.0000000180025095e-35 1.0000000180025095e-35 1.0000000180025095e-35 1.0000000180025095e-35 1.0000000180025095e-35 1.0000000180025095e-35 1.0000000180025095e-35 1.0000000180025095e-35 1.0000000180025095e-35 1.0000000180025095e-35
decision_type=2 2 2 2 2 2 2 2 2 2 2 2 2 2
left_child=1 6 3 4 5 -3 7 8 9 -1 12 -2 -9 -13
right_child=11 2 -4 -5 -6 -7 -8 10 -10 -11 -12 13 -14 -15
leaf_value=0.0051113961424146381 0.00045491564770539601 -0.0060753760261273168 0.0062905805207878716 0.006433518523246879 0.0031535655955772807 0.00033389548640509417 -0.0023894069590658712 -0.00015602643490944168 -0.0029015074496145377 -0.00062708863026152053 -0.0045948756562376562 0.0048303364940996598 0.0019720266428997833 0.0035633911378681661
leaf_weight=280 75 436 83 72 166 370 88 505 77 150 77 48 84 32
leaf_count=280 75 436 83 72 166 370 88 505 77 150 77 48 84 32
internal_value=0 -0.000159131 -0.000901951 -0.00147377 -0.0020595 -0.00313315 0.000504754 0.000721878 0.00219667 0.0031096 -0.000400824 0.00245163 0.000147465 0.00432356
internal_weight=0 2388 1127 1044 972 806 1261 1173 507 430 666 155 589 80
internal_count=2543 2388 1127 1044 972 806 1261 1173 507 430 666 155 589 80
is_linear=0
shrinkage=0.05


Tree=135
num_leaves=14
num_cat=0
split_feature=14 15 9 9 20 21 24 25 5 17 19 2 2
split_gain=0.402251 0.463841 1.17297 0.685459 1.21991 1.25795 1.71054 0.210656 0.180014 0.113569 0.116111 0.013447 0.000511999
threshold=1.0000000180025095e-35 1.0000000180025095e-35 1.0000000180025095e-35 1.0000000180025095e-35 1.0000000180025095e-35 1.0000000180025095e-35 1.0000000180025095e-35 1.0000000180025095e-35 1.0000000180025095e-35 1.0000000180025095e-35 1.0000000180025095e-35 1.0000000180025095e-35 1.0000000180025095e-35
decision_type=2 2 2 2 2 2 2 2 2 2 2 2 2
left_child=1 3 -3 4 5 6 -1 9 11 10 -5 -4 -2
right_child=12 2 8 7 -6 -7 -8 -9 -10 -11 -12 -13 -14
leaf_value=-0.0034388439594690598 0.0022918005570690763 0.0046463040229321627 -0.0014561407512519509 -0.00011408211305591532 0.0086832733793805045 0.0023347380656405683 0.0015796970622194513 0.0029732480897869478 0.0010912347746392093 0.0021277580421883613 0.0018734258721538244 -0.0023980160276146816 0.0024674231870975122
leaf_weight=722 83 163 80 587 30 177 222 85 75 80 84 72 83
leaf_count=722 83 163 80 587 30 177 222 85 75 80 84 72 83
internal_value=0 -0.000166182 0.00141036 -0.00047562 -0.00126708 -0.00153337 -0.00225864 0.000614053 -0.000913241 0.000347034 0.000134727 -0.00190229 0.00237961
internal_weight=0 2377 390 1987 1151 1121 944 836 227 751 671 152 166
internal_count=2543 2377 390 1987 1151 1121 944 836 227 751 671 152 166
is_linear=0
shrinkage=0.05


Tree=136
num_leaves=15
num_cat=0
split_feature=18 2 13 24 19 9 17 9 19 24 14 2 22 9
split_gain=0.37595 0.450851 1.77101 1.72764 2.13361 3.04825 0.306419 0.757125 0.818848 1.25397 0.579587 0.220649 0.114289 0.0144111
threshold=1.0000000180025095e-35 1.0000000180025095e-35 1.0000000180025095e-35 1.0000000180025095e-35 1.0000000180025095e-35 1.0000000180025095e-35 1.0000000180025095e-35 1.0000000180025095e-35 1.0000000180025095e-35 1.0000000180025095e-35 1.0000000180025095e-35 1.0000000180025095e-35 1.0000000180025095e-35 1.0000000180025095e-35
decision_type=2 2 2 2 2 2 2 2 2 2 2 2 2 2
left_child=1 6 3 4 5 -3 7 8 9 -1 12 -2 -9 -13
right_child=11 2 -4 -5 -6 -7 -8 10 -10 -11 -12 13 -14 -15
leaf_value=0.0049905959486828324 0.00043787373602390293 -0.0058897654555306496 0.0061479938003313117 0.0060328568946311466 0.0031678342327744846 0.0002807096905716871 -0.0023510214411627123 -0.00014703868882807756 -0.0025844898050675145 -0.00067471809250613062 -0.0044797226876854236 0.0047607595818893369 0.0018649158704026445 0.0033909271471202376
leaf_weight=280 75 436 83 72 166 370 88 507 77 150 77 48 82 32
leaf_count=280 75 436 83 72 166 370 88 507 77 150 77 48 82 32
internal_value=0 -0.000154885 -0.000881602 -0.00144047 -0.00199405 -0.00305717 0.000494607 0.00070809 0.00216401 0.00301432 -0.000400246 0.00238624 0.000133064 0.00421283
internal_weight=0 2388 1127 1044 972 806 1261 1173 507 430 666 155 589 80
internal_count=2543 2388 1127 1044 972 806 1261 1173 507 430 666 155 589 80
is_linear=0
shrinkage=0.05


Tree=137
num_leaves=15
num_cat=0
split_feature=14 15 9 9 21 2 19 19 25 5 17 19 2 2
split_gain=0.391799 0.484891 1.16422 0.644817 1.18316 1.36667 4.79322 0.202053 0.188902 0.163622 0.118021 0.108391 0.0127231 2.26642e-05
threshold=1.0000000180025095e-35 1.0000000180025095e-35 1.0000000180025095e-35 1.0000000180025095e-35 1.0000000180025095e-35 1.0000000180025095e-35 1.0000000180025095e-35 1.0000000180025095e-35 1.0000000180025095e-35 1.0000000180025095e-35 1.0000000180025095e-35 1.0000000180025095e-35 1.0000000180025095e-35 1.0000000180025095e-35
decision_type=2 2 2 2 2 2 2 2 2 2 2 2 2 2
left_child=1 3 -3 4 5 7 -7 -1 10 12 11 -5 -4 -2
right_child=13 2 9 8 -6 6 -8 -9 -10 -11 -12 -13 -14 -15
leaf_value=0.00033041057497652299 0.0023669665783127569 0.0046717628620942036 -0.0013759801478590817 -0.00013319558723396552 0.0025124906533329334 -0.0075187173477869731 0.0030094411156802291 -0.0024552652007573611 0.0028105498058721423 0.0010440249213327965 0.0021389213023940102 0.001787106553092599 -0.0022921506244327045 0.002330016443528325
leaf_weight=421 83 163 80 587 177 310 166 77 85 75 80 84 72 83
leaf_count=421 83 163 80 587 177 310 166 77 85 75 80 84 72 83
internal_value=0 -0.000164009 0.00144791 -0.00048039 -0.00124803 -0.0019314 -0.00384713 -0.000100306 0.000576485 -0.000867011 0.000323628 0.0001072 -0.00180996 0.00234849
internal_weight=0 2377 390 1987 1151 974 476 498 836 227 751 671 152 166
internal_count=2543 2377 390 1987 1151 974 476 498 836 227 751 671 152 166
is_linear=0
shrinkage=0.05


Tree=138
num_leaves=16
num_cat=0
split_feature=18 15 9 2 13 24 21 17 9 19 14 2 5 9 2
split_gain=0.376488 0.436755 1.05071 0.654181 2.14889 2.19244 3.19819 0.279042 0.470812 0.593223 0.555193 0.224503 0.147669 0.0214346 0.0114826
threshold=1.0000000180025095e-35 1.0000000180025095e-35 1.0000000180025095e-35 1.0000000180025095e-35 1.0000000180025095e-35 1.0000000180025095e-35 1.0000000180025095e-35 1.0000000180025095e-35 1.0000000180025095e-35 1.0000000180025095e-35 1.0000000180025095e-35 1.0000000180025095e-35 1.0000000180025095e-35 1.0000000180025095e-35 1.0000000180025095e-35
decision_type=2 2 2 2 2 2 2 2 2 2 2 2 2 2 2
left_child=1 3 -3 7 5 6 -5 8 9 -1 -10 -2 14 -13 -4
right_child=11 2 12 4 -6 -7 -8 -9 10 -11 -12 13 -14 -15 -16
leaf_value=0.0024424314522240001 0.0004226391712824504 0.0044381743296980861 -0.0013071809208486228 -0.0052684910914244055 0.0062165308070470052 0.0061071497168288464 0.0017430809114097178 -0.0023321965287323109 0.0002328510490065861 -0.0023325025261222545 -0.0043740844670773866 0.0048986577826629707 0.00099182402466734248 0.0032280396670103075 -0.0021775428380351514
leaf_weight=419 75 163 80 509 83 72 239 88 434 77 77 48 75 32 72
leaf_count=419 75 163 80 509 83 72 239 88 434 77 77 48 75 32 72
internal_value=0 -0.000154996 0.00137552 -0.000453745 -0.00145003 -0.00222604 -0.00302816 0.00036785 0.000603802 0.00170116 -0.000461345 0.00238794 -0.00082366 0.00423041 -0.00171946
internal_weight=0 2388 390 1998 903 820 748 1095 1007 496 511 155 227 80 152
internal_count=2543 2388 390 1998 903 820 748 1095 1007 496 511 155 227 80 152
is_linear=0
shrinkage=0.05


Tree=139
num_leaves=13
num_cat=0
split_feature=14 19 2 13 24 21 2 17 13 9 9 2
split_gain=0.429823 0.422064 0.61244 1.91919 1.93465 2.64681 0.356549 0.25626 0.266543 0.406142 0.244667 1.94793e-05
threshold=1.0000000180025095e-35 1.0000000180025095e-35 1.0000000180025095e-35 1.0000000180025095e-35 1.0000000180025095e-35 1.0000000180025095e-35 1.0000000180025095e-35 1.0000000180025095e-35 1.0000000180025095e-35 1.0000000180025095e-35 1.0000000180025095e-35 1.0000000180025095e-35
decision_type=2 2 2 2 2 2 2 2 2 2 2 2
left_child=1 2 7 4 5 -4 10 8 9 -1 -3 -2
right_child=11 6 3 -5 -6 -7 -8 -9 -10 -11 -12 -13
leaf_value=0.0019963847289838628 0.0024426851068140871 -0.0022158778816848607 -0.0046225026143545634 0.005905704505472298 0.0058017921420590339 0.0016559270290995435 0.0031223920622773203 -0.0022155864836267115 -0.0024482837308253819 -0.0001019821749678486 0.0016861087686958769 0.0024769407798008749
leaf_weight=410 83 77 564 83 72 239 166 88 67 527 84 83
leaf_count=410 83 77 564 83 72 239 166 88 67 527 84 83
internal_value=0 -0.000171783 -0.000437881 -0.00136057 -0.00204982 -0.00275383 0.00149641 0.000371581 0.000598345 0.000816193 -0.000180059 0.00245981
internal_weight=0 2377 2050 958 875 803 327 1092 1004 937 161 166
internal_count=2543 2377 2050 958 875 803 327 1092 1004 937 161 166
is_linear=0
shrinkage=0.05


Tree=140
num_leaves=14
num_cat=0
split_feature=14 15 9 9 20 21 19 25 17 5 22 2 2
split_gain=0.387915 0.478877 0.999009 0.725724 1.31233 1.20453 1.7316 0.240534 0.12944 0.122422 0.10052 0.00547167 1.75809e-05
threshold=1.0000000180025095e-35 1.0000000180025095e-35 1.0000000180025095e-35 1.0000000180025095e-35 1.0000000180025095e-35 1.0000000180025095e-35 1.0000000180025095e-35 1.0000000180025095e-35 1.0000000180025095e-35 1.0000000180025095e-35 1.0000000180025095e-35 1.0000000180025095e-35 1.0000000180025095e-35
decision_type=2 2 2 2 2 2 2 2 2 2 2 2 2
left_child=1 3 -3 4 5 6 -1 8 10 11 -5 -4 -2
right_child=12 2 9 7 -6 -7 -8 -9 -10 -11 -12 -13 -14
leaf_value=-0.003538691944750916 0.0023205503911139019 0.0044250565375332819 -0.0012367261946201326 -9.6711355889238208e-05 0.0090283921896480018 0.0022169142180138222 0.0013593014977381799 0.0031645723303560824 0.0022593645568122155 0.00094733210528890298 0.0017717852098185841 -0.0018375405779806897 0.0023530940334480933
leaf_weight=701 83 163 80 589 30 177 243 85 80 75 82 72 83
leaf_count=701 83 163 80 589 30 177 243 85 80 75 82 72 83
internal_value=0 -0.000163194 0.0014387 -0.000477607 -0.00129198 -0.00156817 -0.00227787 0.000643614 0.000358286 -0.000705688 0.00013163 -0.00152132 0.00233682
internal_weight=0 2377 390 1987 1151 1121 944 836 751 227 671 152 166
internal_count=2543 2377 390 1987 1151 1121 944 836 751 227 671 152 166
is_linear=0
shrinkage=0.05


Tree=141
num_leaves=15
num_cat=0
split_feature=23 18 2 13 19 21 9 14 19 24 2 2 17 9
split_gain=0.409817 0.460013 0.604973 1.78276 1.81126 2.57458 0.264336 0.622456 0.500582 1.00812 0.241179 0.237738 0.116817 0.0237676
threshold=1.0000000180025095e-35 1.0000000180025095e-35 1.0000000180025095e-35 1.0000000180025095e-35 1.0000000180025095e-35 1.0000000180025095e-35 1.0000000180025095e-35 1.0000000180025095e-35 1.0000000180025095e-35 1.0000000180025095e-35 1.0000000180025095e-35 1.0000000180025095e-35 1.0000000180025095e-35 1.0000000180025095e-35
decision_type=2 2 2 2 2 2 2 2 2 2 2 2 2 2
left_child=1 2 6 4 5 -4 8 12 9 -1 -3 -2 -8 -12
right_child=11 10 3 -5 -6 -7 7 -9 -10 -11 13 -13 -14 -15
leaf_value=0.0048761869330932808 0.0006772320185388838 0.00041144331544637681 -0.0047164792929709452 0.0057873535632009974 0.0028983038788414506 0.0014922948156690001 0.00011013493503970434 -0.0043935422000154706 -0.0021730482191234441 -0.00070250807733585443 0.0050617841460431617 0.0041842150978524898 0.0021463957816013133 0.0033025976270437242
leaf_weight=176 112 75 554 83 166 239 589 77 77 150 48 85 80 32
leaf_count=176 112 75 554 83 166 239 589 77 77 150 48 85 80 32
internal_value=0 -0.000183934 -0.000370158 -0.00124261 -0.00185105 -0.00284523 0.00042105 -0.000136356 0.00145287 0.0023093 0.00244843 0.0021904 0.000353634 0.00435811
internal_weight=0 2346 2191 1042 959 793 1149 746 403 326 155 197 669 80
internal_count=2543 2346 2191 1042 959 793 1149 746 403 326 155 197 669 80
is_linear=0
shrinkage=0.05


Tree=142
num_leaves=14
num_cat=0
split_feature=14 15 9 9 20 23 21 25 17 5 22 2 2
split_gain=0.419805 0.516058 0.95126 0.684348 1.22912 1.14227 1.49652 0.265696 0.109224 0.0999773 0.0948404 0.00164516 0.000107754
threshold=1.0000000180025095e-35 1.0000000180025095e-35 1.0000000180025095e-35 1.0000000180025095e-35 1.0000000180025095e-35 1.0000000180025095e-35 1.0000000180025095e-35 1.0000000180025095e-35 1.0000000180025095e-35 1.0000000180025095e-35 1.0000000180025095e-35 1.0000000180025095e-35 1.0000000180025095e-35
decision_type=2 2 2 2 2 2 2 2 2 2 2 2 2
left_child=1 3 -3 4 5 6 -1 8 10 11 -5 -4 -2
right_child=12 2 9 7 -6 -7 -8 -9 -10 -11 -12 -13 -14
leaf_value=-0.0030419152006143212 0.0023906945699758561 0.0044072622439018426 -0.0011803930182941258 -0.00013725401004317813 0.0087008809193503105 0.0028333902694924755 0.0020314549872030812 0.0032421673743930814 0.0020390762944589367 0.00089445904642343531 0.0016776908041409603 -0.0015098396782478732 0.0024712626620319238
leaf_weight=813 83 163 80 589 30 131 177 85 80 75 82 72 83
leaf_count=813 83 163 80 589 30 131 177 85 80 75 82 72 83
internal_value=0 -0.00016977 0.00149315 -0.00049616 -0.00128698 -0.00155427 -0.00213486 0.00059263 0.000292749 -0.000599363 8.45425e-05 -0.00133645 0.00243098
internal_weight=0 2377 390 1987 1151 1121 990 836 751 227 671 152 166
internal_count=2543 2377 390 1987 1151 1121 990 836 751 227 671 152 166
is_linear=0
shrinkage=0.05


Tree=143
num_leaves=15
num_cat=0
split_feature=14 15 9 9 20 24 19 2 25 17 5 19 2 2
split_gain=0.378874 0.465741 0.858512 0.617624 1.10928 1.06353 1.74628 0.84556 0.239791 0.0985748 0.0902296 0.0896371 0.00148474 9.72477e-05
threshold=1.0000000180025095e-35 1.0000000180025095e-35 1.0000000180025095e-35 1.0000000180025095e-35 1.0000000180025095e-35 1.0000000180025095e-35 1.0000000180025095e-35 1.0000000180025095e-35 1.0000000180025095e-35 1.0000000180025095e-35 1.0000000180025095e-35 1.0000000180025095e-35 1.0000000180025095e-35 1.0000000180025095e-35
decision_type=2 2 2 2 2 2 2 2 2 2 2 2 2 2
left_child=1 3 -3 4 5 6 -1 -7 9 11 12 -5 -4 -2
right_child=13 2 10 8 -6 7 -8 -9 -10 -11 -12 -13 -14 -15
leaf_value=-0.0035830816696433457 0.0022711603516566915 0.0041868972060687707 -0.0011213762938859873 -0.00013829601827050595 0.0082658372912555924 -0.00051528760294119525 0.001378865310837948 0.0060765569809720747 0.0030800585454220284 0.0019371223997177369 0.00084973556300004319 0.00160799463323894 -0.0014343485317011883 0.0023476998579789361
leaf_weight=656 83 163 80 587 30 150 243 72 85 80 75 84 72 83
leaf_count=656 83 163 80 587 30 150 243 72 85 80 75 84 72 83
internal_value=0 -0.000161281 0.00141849 -0.000471352 -0.00122263 -0.00147656 -0.00224187 0.00162261 0.000562998 0.000278111 -0.000569397 8.03156e-05 -0.00126963 0.00230943
internal_weight=0 2377 390 1987 1151 1121 899 222 836 751 227 671 152 166
internal_count=2543 2377 390 1987 1151 1121 899 222 836 751 227 671 152 166
is_linear=0
shrinkage=0.05


Tree=144
num_leaves=14
num_cat=0
split_feature=18 23 2 13 24 19 17 9 24 14 2 2 9
split_gain=0.392471 0.44204 0.602438 1.7991 1.80648 2.29365 0.318176 0.855045 0.870348 0.551879 0.240343 0.212194 0.0303738
threshold=1.0000000180025095e-35 1.0000000180025095e-35 1.0000000180025095e-35 1.0000000180025095e-35 1.0000000180025095e-35 1.0000000180025095e-35 1.0000000180025095e-35 1.0000000180025095e-35 1.0000000180025095e-35 1.0000000180025095e-35 1.0000000180025095e-35 1.0000000180025095e-35 1.0000000180025095e-35
decision_type=2 2 2 2 2 2 2 2 2 2 2 2 2
left_child=1 2 6 4 5 -4 7 8 -1 -9 -2 -3 -12
right_child=10 11 3 -5 -6 -7 -8 9 -10 -11 12 -13 -14
leaf_value=0.0043464755130057436 0.00040464845796426142 0.0006808557980028647 -0.0036823441616555238 0.0058292354445859612 0.0057727290634324571 0.0028365415077746276 -0.0024617705363198187 9.4220802308090274e-05 -0.00048952399070064235 -0.0044069575210095857 0.005139946978306398 0.0039940822242266116 0.0031512481160461906
leaf_weight=245 75 112 721 83 72 166 88 589 150 77 48 85 32
leaf_count=245 75 112 721 83 72 166 88 589 150 77 48 85 32
internal_value=0 -0.000158252 -0.000362236 -0.00123286 -0.00184407 -0.00246235 0.000427313 0.000666935 0.00251002 -0.000426186 0.0024381 0.00211042 0.00434447
internal_weight=0 2388 2191 1042 959 887 1149 1061 395 666 155 197 80
internal_count=2543 2388 2191 1042 959 887 1149 1061 395 666 155 197 80
is_linear=0
shrinkage=0.05


Tree=145
num_leaves=14
num_cat=0
split_feature=14 15 9 9 21 23 24 25 17 22 5 2 2
split_gain=0.402508 0.484666 0.810128 0.619509 1.04144 1.33109 1.99599 0.24742 0.103427 0.0879993 0.0743576 0.000178432 7.70327e-05
threshold=1.0000000180025095e-35 1.0000000180025095e-35 1.0000000180025095e-35 1.0000000180025095e-35 1.0000000180025095e-35 1.0000000180025095e-35 1.0000000180025095e-35 1.0000000180025095e-35 1.0000000180025095e-35 1.0000000180025095e-35 1.0000000180025095e-35 1.0000000180025095e-35 1.0000000180025095e-35
decision_type=2 2 2 2 2 2 2 2 2 2 2 2 2
left_child=1 3 -3 4 5 6 -1 8 9 -5 11 -4 -2
right_child=12 2 10 7 -6 -7 -8 -9 -10 -11 -12 -13 -14
leaf_value=-0.0040594310295016733 0.0023463107039590914 0.004134578881870978 -0.0010700167948380112 -0.00015225222528752428 0.002293154319497036 0.0028128070487527051 0.0014644035491630904 0.003110173791783917 0.0019633546091426981 0.0015960090169001642 0.00080253724008798604 -0.0011785135908414506 0.0024144320872174687
leaf_weight=621 83 163 80 589 177 131 222 85 80 82 75 72 83
leaf_count=621 83 163 80 589 177 131 222 85 80 82 75 72 83
internal_value=0 -0.000166235 0.00144531 -0.000482543 -0.00123496 -0.00187611 -0.00260476 0.000553384 0.000264001 6.13952e-05 -0.000485745 -0.00112141 0.00238037
internal_weight=0 2377 390 1987 1151 974 843 836 751 671 227 152 166
internal_count=2543 2377 390 1987 1151 974 843 836 751 671 227 152 166
is_linear=0
shrinkage=0.05


Tree=146
num_leaves=16
num_cat=0
split_feature=18 15 9 2 13 19 9 17 9 14 19 2 5 9 2
split_gain=0.375343 0.435212 0.73114 0.622958 1.87741 2.12169 4.19078 0.2912 0.495761 0.52386 0.502236 0.230709 0.0671078 0.0333747 0.000161034
threshold=1.0000000180025095e-35 1.0000000180025095e-35 1.0000000180025095e-35 1.0000000180025095e-35 1.0000000180025095e-35 1.0000000180025095e-35 1.0000000180025095e-35 1.0000000180025095e-35 1.0000000180025095e-35 1.0000000180025095e-35 1.0000000180025095e-35 1.0000000180025095e-35 1.0000000180025095e-35 1.0000000180025095e-35 1.0000000180025095e-35
decision_type=2 2 2 2 2 2 2 2 2 2 2 2 2 2 2
left_child=1 3 -3 7 5 6 -5 8 10 -10 -1 -2 14 -13 -4
right_child=11 2 12 4 -6 -7 -8 -9 9 -11 -12 13 -14 -15 -16
leaf_value=0.002397923053715707 0.00039202826718489335 0.0039278489783937621 -0.0010165162035264076 -0.0070938347575413008 0.0057407463934407181 0.0028976929817258953 0.00094278119325726887 -0.002409473316220101 0.00017112511572801436 -0.004303924971586698 -0.0019955945019791655 0.0050859212962677709 0.00076241116101543119 0.0030012960545718671 -0.001119587922261821
leaf_weight=419 75 163 80 356 83 166 298 88 434 77 77 48 75 32 72
leaf_count=419 75 163 80 356 83 166 298 88 434 77 77 48 75 32 72
internal_value=0 -0.00015476 0.00137305 -0.000452981 -0.0014252 -0.00215054 -0.00343189 0.000348768 0.000589806 -0.000503198 0.00171586 0.00238431 -0.000461457 0.00425207 -0.00106534
internal_weight=0 2388 390 1998 903 820 654 1095 1007 511 496 155 227 80 152
internal_count=2543 2388 390 1998 903 820 654 1095 1007 511 496 155 227 80 152
is_linear=0
shrinkage=0.05


Tree=147
num_leaves=15
num_cat=0
split_feature=14 21 15 2 13 19 9 17 13 9 5 2 2 2
split_gain=0.386736 0.435511 0.584404 0.935649 2.28534 3.54801 0.659855 0.224846 0.203472 0.157407 0.0605648 0.0117123 0.00049911 0.000145329
threshold=1.0000000180025095e-35 1.0000000180025095e-35 1.0000000180025095e-35 1.0000000180025095e-35 1.0000000180025095e-35 1.0000000180025095e-35 1.0000000180025095e-35 1.0000000180025095e-35 1.0000000180025095e-35 1.0000000180025095e-35 1.0000000180025095e-35 1.0000000180025095e-35 1.0000000180025095e-35 1.0000000180025095e-35
decision_type=2 2 2 2 2 2 2 2 2 2 2 2 2 2
left_child=1 2 3 7 5 -5 -4 8 -1 -3 13 -11 -2 -8
right_child=12 9 6 4 -6 -7 10 -9 -10 11 -12 -13 -14 -15
leaf_value=0.00057077543243093767 0.0024199688922142588 0.0025331860476589135 0.0037314590285217929 -0.0059053202310025482 0.0054537074214004617 0.0027528071069124953 -0.00096569201443344368 -0.002288999874673953 -0.0022927830913173622 0.00070727156377152402 0.00072428998351097115 -0.00017618134978317446 0.0022465709013393129 -0.0010636088153761294
leaf_weight=837 83 177 163 412 83 166 80 88 67 95 75 62 83 72
leaf_count=837 83 177 163 412 83 166 80 88 67 95 75 62 83 72
internal_value=0 -0.000162946 -0.000436595 -0.000847355 -0.00230464 -0.00341873 0.0013044 0.00012368 0.000358543 0.0015109 -0.000438385 0.000358392 0.00233327 -0.00101207
internal_weight=0 2377 2043 1653 661 578 390 992 904 334 227 157 166 152
internal_count=2543 2377 2043 1653 661 578 390 992 904 334 227 157 166 152
is_linear=0
shrinkage=0.05


Tree=148
num_leaves=14
num_cat=0
split_feature=18 14 21 2 24 19 2 17 13 9 9 2 2
split_gain=0.381467 0.401713 0.491837 0.772544 1.96404 2.32869 0.246609 0.220756 0.196689 0.142059 0.0301207 0.0105704 0.000450442
threshold=1.0000000180025095e-35 1.0000000180025095e-35 1.0000000180025095e-35 1.0000000180025095e-35 1.0000000180025095e-35 1.0000000180025095e-35 1.0000000180025095e-35 1.0000000180025095e-35 1.0000000180025095e-35 1.0000000180025095e-35 1.0000000180025095e-35 1.0000000180025095e-35 1.0000000180025095e-35
decision_type=2 2 2 2 2 2 2 2 2 2 2 2 2
left_child=1 2 3 7 5 -5 -2 8 -1 -4 -8 -11 -3
right_child=6 12 9 4 -6 -7 10 -9 -10 11 -12 -13 -14
leaf_value=0.0006270307318808246 0.00034388773391644164 0.0022989700326740922 0.0024065267040110118 -0.0041182040527979946 0.006060829053684655 0.0026151671646589257 0.0051268909029507396 -0.0021745506240139633 -0.0021781429370392614 0.00067190791039090406 0.0031464967876672746 -0.00016737218585706528 0.002134242749223149
leaf_weight=928 75 83 177 567 72 166 48 88 67 95 32 62 83
leaf_count=928 75 83 177 567 72 166 48 88 67 95 32 62 83
internal_value=0 -0.000156017 -0.00033327 -0.000646152 -0.00181928 -0.00259332 0.00240368 0.000225843 0.00043814 0.00143536 0.00433473 0.000340472 0.00221661
internal_weight=0 2388 2222 1888 805 733 155 1083 995 334 80 157 166
internal_count=2543 2388 2222 1888 805 733 155 1083 995 334 80 157 166
is_linear=0
shrinkage=0.05


Tree=149
num_leaves=13
num_cat=0
split_feature=25 23 15 2 13 21 9 2 17 9 5 2
split_gain=0.408716 0.401257 0.513577 0.873249 1.95405 2.70338 0.640223 0.307168 0.21424 0.519794 0.0474652 0.000315358
threshold=1.0000000180025095e-35 1.0000000180025095e-35 1.0000000180025095e-35 1.0000000180025095e-35 1.0000000180025095e-35 1.0000000180025095e-35 1.0000000180025095e-35 1.0000000180025095e-35 1.0000000180025095e-35 1.0000000180025095e-35 1.0000000180025095e-35 1.0000000180025095e-35
decision_type=2 2 2 2 2 2 2 2 2 2 2 2
left_child=1 2 3 8 5 -5 -4 -3 9 -1 11 -8
right_child=-2 7 6 4 -6 -7 10 -9 -10 -11 -12 -13
leaf_value=0.0019405383130409366 0.0034087023566312653 0.00032638663625610728 0.0037347838250445945 -0.0048321528920036976 0.0053869334060743634 0.0016518790614849666 -0.00094875710485212053 0.0043127091689144871 -0.0020658221497962424 -0.00042623680594707793 0.00065672404567400627 -0.00080451816967171098
leaf_weight=384 85 112 163 491 83 239 80 85 88 586 75 72
leaf_count=384 85 112 163 491 83 239 80 85 88 586 75 72
internal_value=0 -0.000117876 -0.000306446 -0.000650493 -0.00188275 -0.0027093 0.0013441 0.00204637 0.000296408 0.000510713 -0.000372562 -0.000880433
internal_weight=0 2458 2261 1871 813 730 390 197 1058 970 227 152
internal_count=2543 2458 2261 1871 813 730 390 197 1058 970 227 152
is_linear=0
shrinkage=0.05


end of trees

feature_importances:
case_type_Criminal=353
stage_Evidence=349
state_Kerala=167
state_Tamil_Nadu=147
state_Uttar_Pradesh=145
state_Andhra_Pradesh=115
state_Maharashtra=108
state_Gujarat=107
state_Rajasthan=94
state_West_Bengal=84
state_Delhi=74
state_Bihar=62
case_type_Civil=60
case_type_Property=60
state_Odisha=49
state_Madhya_Pradesh=36
state_Karnataka=11

parameters:
[boosting: gbdt]
[objective: regression]
[metric: l2]
[tree_learner: serial]
[device_type: cpu]
[data_sample_strategy: bagging]
[data: ]
[valid: ]
[num_iterations: 150]
[learning_rate: 0.05]
[num_leaves: 31]
[num_threads: 8]
[seed: 42]
[deterministic: 0]
[force_col_wise: 0]
[force_row_wise: 0]
[histogram_pool_size: -1]
[max_depth: 6]
[min_data_in_leaf: 20]
[min_sum_hessian_in_leaf: 0.001]
[bagging_fraction: 1]
[pos_bagging_fraction: 1]
[neg_bagging_fraction: 1]
[bagging_freq: 0]
[bagging_seed: 400]
[feature_fraction: 1]
[feature_fraction_bynode: 1]
[feature_fraction_seed: 30056]
[extra_trees: 0]
[extra_seed: 12879]
[early_stopping_round: 0]
[early_stopping_min_delta: 0]
[first_metric_only: 0]
[max_delta_step: 0]
[lambda_l1: 0]
[lambda_l2: 0]
[linear_lambda: 0]
[min_gain_to_split: 0]
[drop_rate: 0.1]
[max_drop: 50]
[skip_drop: 0.5]
[xgboost_dart_mode: 0]
[uniform_drop: 0]
[drop_seed: 17869]
[top_rate: 0.2]
[other_rate: 0.1]
[min_data_per_group: 100]
[max_cat_threshold: 32]
[cat_l2: 10]
[cat_smooth: 10]
[max_cat_to_onehot: 4]
[top_k: 20]
[monotone_constraints: ]
[monotone_constraints_method: basic]
[monotone_penalty: 0]
[feature_contri: ]
[forcedsplits_filename: ]
[refit_decay_rate: 0.9]
[cegb_tradeoff: 1]
[cegb_penalty_split: 0]
[cegb_penalty_feature_lazy: ]
[cegb_penalty_feature_coupled: ]
[path_smooth: 0]
[interaction_constraints: ]
[verbosity: 1]
[saved_feature_importance_type: 0]
[use_quantized_grad: 0]
[num_grad_quant_bins: 4]
[quant_train_renew_leaf: 0]
[stochastic_rounding: 1]
[linear_tree: 0]
[max_bin: 255]
[max_bin_by_feature: ]
[min_data_in_bin: 3]
[bin_construct_sample_cnt: 200000]
[data_random_seed: 175]
[is_enable_sparse: 1]
[enable_bundle: 1]
[use_missing: 1]
[zero_as_missing: 0]
[feature_pre_filter: 1]
[pre_partition: 0]
[two_round: 0]
[header: 0]
[label_column: ]
[weight_column: ]
[group_column: ]
[ignore_column: ]
[categorical_feature: ]
[forcedbins_filename: ]
[precise_float_parser: 0]
[parser_config_file: ]
[objective_seed: 16083]
[num_class: 1]
[is_unbalance: 0]
[scale_pos_weight: 1]
[sigmoid: 1]
[boost_from_average: 1]
[reg_sqrt: 0]
[alpha: 0.9]
[fair_c: 1]
[poisson_max_delta_step: 0.7]
[tweedie_variance_power: 1.5]
[lambdarank_truncation_level: 30]
[lambdarank_norm: 1]
[label_gain: ]
[lambdarank_position_bias_regularization: 0]
[eval_at: ]
[multi_error_top_k: 1]
[auc_mu_weights: ]
[num_machines: 1]
[local_listen_port: 12400]
[time_out: 120]
[machine_list_filename: ]
[machines: ]
[gpu_platform_id: -1]
[gpu_device_id: -1]
[gpu_use_dp: 0]
[num_gpu: 1]

end of parameters

pandas_categorical:[]
