cnr,courtCode,courtName,stateCode,stateName,caseType,filingDate,decisionDate,caseDurationDays,cohort,filingYear,decisionYear,hasJudgments,tier
BRPU010049462024,BRPU01,"PDJ DIVISION, PURNEA",BR,Bihar,BA,2024-07-20,2024-09-04,46,2024_disposed,2024,2024,True,district
BRPU010049582024,BRPU01,"PDJ DIVISION, PURNEA",BR,Bihar,BA,2024-07-20,2024-08-03,14,2024_disposed,2024,2024,True,district
APHC010004992024,APHC01,"High Court, Andhra Pradesh",AP,Andhra Pradesh,WP_C,2024-01-04,2024-01-09,5,2024_disposed,2024,2024,True,hc
APHC010005102015,APHC01,"High Court, Andhra Pradesh",AP,Andhra Pradesh,WP_C,2015-06-29,2024-01-09,3116,2024_disposed,2015,2024,True,hc
APHC010011742024,APHC01,"High Court, Andhra Pradesh",AP,Andhra Pradesh,WP_C,2024-01-08,2024-01-10,2,2024_disposed,2024,2024,True,hc
APHC010004992021,APHC01,"High Court, Andhra Pradesh",AP,Andhra Pradesh,WP_C,2021-01-05,2024-10-24,1388,2024_disposed,2021,2024,True,hc
APHC010215922022,APHC01,"High Court, Andhra Pradesh",AP,Andhra Pradesh,WP_C,2022-04-28,2024-02-01,644,2024_disposed,2022,2024,True,hc
APHC010248442024,APHC01,"High Court, Andhra Pradesh",AP,Andhra Pradesh,WP_C,2024-06-18,2024-06-20,2,2024_disposed,2024,2024,True,hc
APHC010215912024,APHC01,"High Court, Andhra Pradesh",AP,Andhra Pradesh,WP_C,2024-05-03,2024-05-07,4,2024_disposed,2024,2024,True,hc
APHC010228872010,APHC01,"High Court, Andhra Pradesh",AP,Andhra Pradesh,WP_C,2010-12-16,2024-08-02,4978,2024_disposed,2010,2024,True,hc
APHC010248432024,APHC01,"High Court, Andhra Pradesh",AP,Andhra Pradesh,WP_C,2024-06-18,2024-06-21,3,2024_disposed,2024,2024,True,hc
APHC010215922024,APHC01,"High Court, Andhra Pradesh",AP,Andhra Pradesh,WP_C,2024-05-03,2024-07-16,74,2024_disposed,2024,2024,True,hc
APHC010058282015,APHC01,"High Court, Andhra Pradesh",AP,Andhra Pradesh,WP_C,2015-12-22,2024-07-23,3136,2024_disposed,2015,2024,True,hc
APHC010086262024,APHC01,"High Court, Andhra Pradesh",AP,Andhra Pradesh,WP_C,2024-02-20,2024-02-29,9,2024_disposed,2024,2024,True,hc
APHC010092222024,APHC01,"High Court, Andhra Pradesh",AP,Andhra Pradesh,WP_C,2024-02-22,2024-02-27,5,2024_disposed,2024,2024,True,hc
APHC010092212023,APHC01,"High Court, Andhra Pradesh",AP,Andhra Pradesh,WP_C,2023-02-23,2024-06-19,482,2024_disposed,2023,2024,True,hc
APHC010254132006,APHC01,"High Court, Andhra Pradesh",AP,Andhra Pradesh,WP_C,2006-11-24,2024-10-26,6546,2024_disposed,2006,2024,True,hc
APHC010266772024,APHC01,"High Court, Andhra Pradesh",AP,Andhra Pradesh,WP_C,2024-06-25,2024-06-28,3,2024_disposed,2024,2024,True,hc
APHC010092232024,APHC01,"High Court, Andhra Pradesh",AP,Andhra Pradesh,WP_C,2024-02-22,2024-11-14,266,2024_disposed,2024,2024,True,hc
APHC010083562016,APHC01,"High Court, Andhra Pradesh",AP,Andhra Pradesh,WP_C,2015-12-21,2024-11-06,3243,2024_disposed,2015,2024,True,hc
APHC010086252021,APHC01,"High Court, Andhra Pradesh",AP,Andhra Pradesh,WP_C,2021-02-26,2024-11-15,1358,2024_disposed,2021,2024,True,hc
APHC010092212024,APHC01,"High Court, Andhra Pradesh",AP,Andhra Pradesh,WP_C,2024-02-22,2024-11-14,266,2024_disposed,2024,2024,True,hc
APHC010066092020,APHC01,"High Court, Andhra Pradesh",AP,Andhra Pradesh,WP_C,2020-02-14,2024-12-20,1771,2020_filed,2020,2024,True,hc
APHC010066092020,APHC01,"High Court, Andhra Pradesh",AP,Andhra Pradesh,WP_C,2020-02-14,2024-12-20,1771,2024_disposed,2020,2024,True,hc
APHC010066092015,APHC01,"High Court, Andhra Pradesh",AP,Andhra Pradesh,WP_C,2015-01-28,2024-07-10,3451,2024_disposed,2015,2024,True,hc
APHC010069862024,APHC01,"High Court, Andhra Pradesh",AP,Andhra Pradesh,WP_C,2024-02-12,2024-03-18,35,2024_disposed,2024,2024,True,hc
APHC010072572024,APHC01,"High Court, Andhra Pradesh",AP,Andhra Pradesh,WP_C,2024-02-13,2024-03-06,22,2024_disposed,2024,2024,True,hc
APHC010072572020,APHC01,"High Court, Andhra Pradesh",AP,Andhra Pradesh,WP_C,2020-02-18,2024-12-20,1767,2020_filed,2020,2024,True,hc
APHC010072572020,APHC01,"High Court, Andhra Pradesh",AP,Andhra Pradesh,WP_C,2020-02-18,2024-12-20,1767,2024_disposed,2020,2024,True,hc
APHC010096662018,APHC01,"High Court, Andhra Pradesh",AP,Andhra Pradesh,WP_C,2018-02-08,2024-01-04,2156,2024_disposed,2018,2024,True,hc
APHC010096662024,APHC01,"High Court, Andhra Pradesh",AP,Andhra Pradesh,WP_C,2024-02-26,2024-03-01,4,2024_disposed,2024,2024,True,hc
APHC010084752024,APHC01,"High Court, Andhra Pradesh",AP,Andhra Pradesh,WP_C,2024-02-19,2024-11-19,274,2024_disposed,2024,2024,True,hc
APHC010353942024,APHC01,"High Court, Andhra Pradesh",AP,Andhra Pradesh,WP_C,2024-08-13,2024-09-17,35,2024_disposed,2024,2024,True,hc
APHC010125132022,APHC01,"High Court, Andhra Pradesh",AP,Andhra Pradesh,WP_C,2022-03-21,2024-02-12,693,2024_disposed,2022,2024,True,hc
APHC010118592021,APHC01,"High Court, Andhra Pradesh",AP,Andhra Pradesh,WP_C,2021-03-19,2024-09-26,1287,2024_disposed,2021,2024,True,hc
APHC010331222024,APHC01,"High Court, Andhra Pradesh",AP,Andhra Pradesh,WP_C,2024-07-31,2024-08-06,6,2024_disposed,2024,2024,True,hc
APHC010333402024,APHC01,"High Court, Andhra Pradesh",AP,Andhra Pradesh,WP_C,2024-08-01,2024-11-11,102,2024_disposed,2024,2024,True,hc
APHC010104762017,APHC01,"High Court, Andhra Pradesh",AP,Andhra Pradesh,WP_C,2017-06-08,2024-02-07,2435,2024_disposed,2017,2024,True,hc
APHC010109482017,APHC01,"High Court, Andhra Pradesh",AP,Andhra Pradesh,WP_C,2017-09-06,2024-04-16,2414,2024_disposed,2017,2024,True,hc
APHC010104772024,APHC01,"High Court, Andhra Pradesh",AP,Andhra Pradesh,WP_C,2024-02-28,2024-05-07,69,2024_disposed,2024,2024,True,hc
APHC010109482024,APHC01,"High Court, Andhra Pradesh",AP,Andhra Pradesh,WP_C,2024-03-01,2024-03-21,20,2024_disposed,2024,2024,True,hc
APHC010101702024,APHC01,"High Court, Andhra Pradesh",AP,Andhra Pradesh,WP_C,2024-02-27,2024-03-04,6,2024_disposed,2024,2024,True,hc
APHC010101702021,APHC01,"High Court, Andhra Pradesh",AP,Andhra Pradesh,WP_C,2021-03-08,2024-02-28,1087,2024_disposed,2021,2024,True,hc
APHC010125252024,APHC01,"High Court, Andhra Pradesh",AP,Andhra Pradesh,WP_C,2024-03-11,2024-08-23,165,2024_disposed,2024,2024,True,hc
APHC010362552019,APHC01,"High Court, Andhra Pradesh",AP,Andhra Pradesh,WP_C,2019-11-01,2024-06-20,1693,2024_disposed,2019,2024,True,hc
APHC010362542024,APHC01,"High Court, Andhra Pradesh",AP,Andhra Pradesh,WP_C,2024-08-19,2024-10-23,65,2024_disposed,2024,2024,True,hc
APHC010101822022,APHC01,"High Court, Andhra Pradesh",AP,Andhra Pradesh,WP_C,2022-03-07,2024-02-02,697,2024_disposed,2022,2024,True,hc
APHC010109512024,APHC01,"High Court, Andhra Pradesh",AP,Andhra Pradesh,WP_C,2024-03-01,2024-03-21,20,2024_disposed,2024,2024,True,hc
APHC010103272020,APHC01,"High Court, Andhra Pradesh",AP,Andhra Pradesh,WP_C,2020-03-04,2024-10-29,1700,2020_filed,2020,2024,True,hc
APHC010103272020,APHC01,"High Court, Andhra Pradesh",AP,Andhra Pradesh,WP_C,2020-03-04,2024-10-29,1700,2024_disposed,2020,2024,True,hc
APHC010118732024,APHC01,"High Court, Andhra Pradesh",AP,Andhra Pradesh,WP_C,2024-03-06,2024-03-11,5,2024_disposed,2024,2024,True,hc
APHC010112532024,APHC01,"High Court, Andhra Pradesh",AP,Andhra Pradesh,WP_C,2024-03-04,2024-03-06,2,2024_disposed,2024,2024,True,hc
APHC010118712022,APHC01,"High Court, Andhra Pradesh",AP,Andhra Pradesh,WP_C,2022-03-15,2024-02-13,700,2024_disposed,2022,2024,True,hc
APHC010118722022,APHC01,"High Court, Andhra Pradesh",AP,Andhra Pradesh,WP_C,2022-03-15,2024-02-12,699,2024_disposed,2022,2024,True,hc
APHC010118732016,APHC01,"High Court, Andhra Pradesh",AP,Andhra Pradesh,WP_C,2016-06-03,2024-03-13,2840,2024_disposed,2016,2024,True,hc
APHC010128552022,APHC01,"High Court, Andhra Pradesh",AP,Andhra Pradesh,WP_C,2022-03-22,2024-08-23,885,2024_disposed,2022,2024,True,hc
APHC010135002024,APHC01,"High Court, Andhra Pradesh",AP,Andhra Pradesh,WP_C,2024-03-15,2024-04-19,35,2024_disposed,2024,2024,True,hc
APHC010133452022,APHC01,"High Court, Andhra Pradesh",AP,Andhra Pradesh,WP_C,2022-03-23,2024-07-23,853,2024_disposed,2022,2024,True,hc
APHC010133472021,APHC01,"High Court, Andhra Pradesh",AP,Andhra Pradesh,WP_C,2021-03-30,2024-09-19,1269,2024_disposed,2021,2024,True,hc
APHC010373852022,APHC01,"High Court, Andhra Pradesh",AP,Andhra Pradesh,WP_C,2022-07-26,2024-01-24,547,2024_disposed,2022,2024,True,hc
APHC010144902017,APHC01,"High Court, Andhra Pradesh",AP,Andhra Pradesh,WP_C,2017-03-27,2024-08-13,2696,2024_disposed,2017,2024,True,hc
APHC010144892020,APHC01,"High Court, Andhra Pradesh",AP,Andhra Pradesh,WP_C,2020-05-14,2024-02-02,1359,2020_filed,2020,2024,True,hc
APHC010144892020,APHC01,"High Court, Andhra Pradesh",AP,Andhra Pradesh,WP_C,2020-05-14,2024-02-02,1359,2024_disposed,2020,2024,True,hc
APHC010125262024,APHC01,"High Court, Andhra Pradesh",AP,Andhra Pradesh,WP_C,2024-03-11,2024-04-25,45,2024_disposed,2024,2024,True,hc
APHC010125262020,APHC01,"High Court, Andhra Pradesh",AP,Andhra Pradesh,WP_C,2020-03-16,2024-10-16,1675,2020_filed,2020,2024,True,hc
APHC010125262020,APHC01,"High Court, Andhra Pradesh",AP,Andhra Pradesh,WP_C,2020-03-16,2024-10-16,1675,2024_disposed,2020,2024,True,hc
APHC010125272022,APHC01,"High Court, Andhra Pradesh",AP,Andhra Pradesh,WP_C,2022-03-21,2024-02-09,690,2024_disposed,2022,2024,True,hc
APHC010120362016,APHC01,"High Court, Andhra Pradesh",AP,Andhra Pradesh,WP_C,2016-07-20,2024-08-30,2963,2024_disposed,2016,2024,True,hc
APHC010126922021,APHC01,"High Court, Andhra Pradesh",AP,Andhra Pradesh,WP_C,2021-03-24,2024-12-11,1358,2024_disposed,2021,2024,True,hc
APHC010101572024,APHC01,"High Court, Andhra Pradesh",AP,Andhra Pradesh,WP_C,2024-02-27,2024-04-12,45,2024_disposed,2024,2024,True,hc
APHC010323752016,APHC01,"High Court, Andhra Pradesh",AP,Andhra Pradesh,WP_C,2016-03-03,2024-03-12,2931,2024_disposed,2016,2024,True,hc
APHC010323752024,APHC01,"High Court, Andhra Pradesh",AP,Andhra Pradesh,WP_C,2024-07-26,2024-08-06,11,2024_disposed,2024,2024,True,hc
APHC010319962024,APHC01,"High Court, Andhra Pradesh",AP,Andhra Pradesh,WP_C,2024-07-24,2024-07-26,2,2024_disposed,2024,2024,True,hc
APHC010116942024,APHC01,"High Court, Andhra Pradesh",AP,Andhra Pradesh,WP_C,2024-03-06,2024-03-28,22,2024_disposed,2024,2024,True,hc
APHC010121832015,APHC01,"High Court, Andhra Pradesh",AP,Andhra Pradesh,WP_C,2015-06-29,2024-02-21,3159,2024_disposed,2015,2024,True,hc
APHC010101732024,APHC01,"High Court, Andhra Pradesh",AP,Andhra Pradesh,WP_C,2024-02-27,2024-03-22,24,2024_disposed,2024,2024,True,hc
APHC010113922022,APHC01,"High Court, Andhra Pradesh",AP,Andhra Pradesh,WP_C,2022-03-14,2024-07-22,861,2024_disposed,2022,2024,True,hc
APHC010115622016,APHC01,"High Court, Andhra Pradesh",AP,Andhra Pradesh,WP_C,2016-03-16,2024-02-27,2904,2024_disposed,2016,2024,True,hc
APHC010136692022,APHC01,"High Court, Andhra Pradesh",AP,Andhra Pradesh,WP_C,2022-03-24,2024-02-12,690,2024_disposed,2022,2024,True,hc
APHC010136702022,APHC01,"High Court, Andhra Pradesh",AP,Andhra Pradesh,WP_C,2022-03-24,2024-02-27,705,2024_disposed,2022,2024,True,hc
APHC010139942024,APHC01,"High Court, Andhra Pradesh",AP,Andhra Pradesh,WP_C,2024-03-19,2024-03-27,8,2024_disposed,2024,2024,True,hc
APHC010139952022,APHC01,"High Court, Andhra Pradesh",AP,Andhra Pradesh,WP_C,2022-03-25,2024-02-12,689,2024_disposed,2022,2024,True,hc
APHC010139962016,APHC01,"High Court, Andhra Pradesh",AP,Andhra Pradesh,WP_C,2016-03-08,2024-03-14,2928,2024_disposed,2016,2024,True,hc
APHC010141612022,APHC01,"High Court, Andhra Pradesh",AP,Andhra Pradesh,WP_C,2022-03-26,2024-02-15,691,2024_disposed,2022,2024,True,hc
APHC010101752022,APHC01,"High Court, Andhra Pradesh",AP,Andhra Pradesh,WP_C,2022-03-07,2024-01-31,695,2024_disposed,2022,2024,True,hc
APHC010106342018,APHC01,"High Court, Andhra Pradesh",AP,Andhra Pradesh,WP_C,2018-02-12,2024-08-08,2369,2024_disposed,2018,2024,True,hc
APHC010100162020,APHC01,"High Court, Andhra Pradesh",AP,Andhra Pradesh,WP_C,2020-03-03,2024-04-22,1511,2020_filed,2020,2024,True,hc
APHC010100162020,APHC01,"High Court, Andhra Pradesh",AP,Andhra Pradesh,WP_C,2020-03-03,2024-04-22,1511,2024_disposed,2020,2024,True,hc
APHC010111132009,APHC01,"High Court, Andhra Pradesh",AP,Andhra Pradesh,WP_C,2009-07-13,2024-08-12,5509,2024_disposed,2009,2024,True,hc
APHC010111122018,APHC01,"High Court, Andhra Pradesh",AP,Andhra Pradesh,WP_C,2018-02-14,2024-01-04,2150,2024_disposed,2018,2024,True,hc
APHC010141602024,APHC01,"High Court, Andhra Pradesh",AP,Andhra Pradesh,WP_C,2024-03-19,2024-05-09,51,2024_disposed,2024,2024,True,hc
APHC010139972022,APHC01,"High Court, Andhra Pradesh",AP,Andhra Pradesh,WP_C,2022-03-25,2024-05-01,768,2024_disposed,2022,2024,True,hc
APHC010113902024,APHC01,"High Court, Andhra Pradesh",AP,Andhra Pradesh,WP_C,2024-03-05,2024-04-03,29,2024_disposed,2024,2024,True,hc
APHC010111142023,APHC01,"High Court, Andhra Pradesh",AP,Andhra Pradesh,WP_C,2023-03-06,2024-09-26,570,2024_disposed,2023,2024,True,hc
APHC010131802022,APHC01,"High Court, Andhra Pradesh",AP,Andhra Pradesh,WP_C,2022-03-22,2024-02-16,696,2024_disposed,2022,2024,True,hc
APHC010131812018,APHC01,"High Court, Andhra Pradesh",AP,Andhra Pradesh,WP_C,2018-02-20,2024-08-02,2355,2024_disposed,2018,2024,True,hc
APHC010133552024,APHC01,"High Court, Andhra Pradesh",AP,Andhra Pradesh,WP_C,2024-03-15,2024-03-26,11,2024_disposed,2024,2024,True,hc
APHC010360412023,APHC01,"High Court, Andhra Pradesh",AP,Andhra Pradesh,WP_C,2023-07-22,2024-03-27,249,2024_disposed,2023,2024,True,hc
APHC010100192022,APHC01,"High Court, Andhra Pradesh",AP,Andhra Pradesh,WP_C,2022-03-07,2024-08-02,879,2024_disposed,2022,2024,True,hc
APHC010109562022,APHC01,"High Court, Andhra Pradesh",AP,Andhra Pradesh,WP_C,2022-03-10,2024-02-05,697,2024_disposed,2022,2024,True,hc
APHC010125292024,APHC01,"High Court, Andhra Pradesh",AP,Andhra Pradesh,WP_C,2024-03-11,2024-03-14,3,2024_disposed,2024,2024,True,hc
APHC010126972022,APHC01,"High Court, Andhra Pradesh",AP,Andhra Pradesh,WP_C,2022-03-21,2024-02-19,700,2024_disposed,2022,2024,True,hc
APHC010100292024,APHC01,"High Court, Andhra Pradesh",AP,Andhra Pradesh,WP_C,2024-02-27,2024-04-25,58,2024_disposed,2024,2024,True,hc
APHC010125302022,APHC01,"High Court, Andhra Pradesh",AP,Andhra Pradesh,WP_C,2022-03-21,2024-02-21,702,2024_disposed,2022,2024,True,hc
APHC010125292021,APHC01,"High Court, Andhra Pradesh",AP,Andhra Pradesh,WP_C,2021-03-24,2024-09-06,1262,2024_disposed,2021,2024,True,hc
APHC010136732024,APHC01,"High Court, Andhra Pradesh",AP,Andhra Pradesh,WP_C,2024-03-18,2024-03-21,3,2024_disposed,2024,2024,True,hc
APHC010509372009,APHC01,"High Court, Andhra Pradesh",AP,Andhra Pradesh,CRL_A,2009-07-15,2024-07-20,5484,2024_disposed,2009,2024,True,hc
APHC010141302016,APHC01,"High Court, Andhra Pradesh",AP,Andhra Pradesh,CRL_A,2016-03-02,2024-07-02,3044,2024_disposed,2016,2024,True,hc
APHC010293132017,APHC01,"High Court, Andhra Pradesh",AP,Andhra Pradesh,CRL_A,2017-05-09,2024-07-26,2635,2024_disposed,2017,2024,True,hc
APHC010277712016,APHC01,"High Court, Andhra Pradesh",AP,Andhra Pradesh,CRL_A,2016-12-21,2024-12-05,2906,2024_disposed,2016,2024,True,hc
APHC010026132009,APHC01,"High Court, Andhra Pradesh",AP,Andhra Pradesh,CRL_A,2008-12-23,2024-07-22,5690,2024_disposed,2008,2024,True,hc
APHC010587072016,APHC01,"High Court, Andhra Pradesh",AP,Andhra Pradesh,CRL_A,2016-01-07,2024-02-26,2972,2024_disposed,2016,2024,True,hc
APHC010585882016,APHC01,"High Court, Andhra Pradesh",AP,Andhra Pradesh,CRL_A,2016-12-27,2024-09-10,2814,2024_disposed,2016,2024,True,hc
APHC010275432016,APHC01,"High Court, Andhra Pradesh",AP,Andhra Pradesh,CRL_A,2016-09-09,2024-07-01,2852,2024_disposed,2016,2024,True,hc
APHC010331992024,APHC01,"High Court, Andhra Pradesh",AP,Andhra Pradesh,CRL_A,2024-07-31,2024-09-18,49,2024_disposed,2024,2024,True,hc
APHC010375372023,APHC01,"High Court, Andhra Pradesh",AP,Andhra Pradesh,CRL_A,2023-07-28,2024-09-19,419,2024_disposed,2023,2024,True,hc
APHC010276632021,APHC01,"High Court, Andhra Pradesh",AP,Andhra Pradesh,CRL_A,2021-08-03,2024-10-15,1169,2024_disposed,2021,2024,True,hc
APHC010355522019,APHC01,"High Court, Andhra Pradesh",AP,Andhra Pradesh,CRL_A,2019-10-29,2024-10-15,1813,2024_disposed,2019,2024,True,hc
APHC010290042016,APHC01,"High Court, Andhra Pradesh",AP,Andhra Pradesh,CRL_A,2016-11-16,2024-08-13,2827,2024_disposed,2016,2024,True,hc
APHC010304402021,APHC01,"High Court, Andhra Pradesh",AP,Andhra Pradesh,CRL_A,2021-08-23,2024-08-21,1094,2024_disposed,2021,2024,True,hc
APHC010278042016,APHC01,"High Court, Andhra Pradesh",AP,Andhra Pradesh,CRL_A,2016-03-28,2024-10-15,3123,2024_disposed,2016,2024,True,hc
APHC010306902006,APHC01,"High Court, Andhra Pradesh",AP,Andhra Pradesh,CRL_A,2005-12-12,2024-03-05,6658,2024_disposed,2005,2024,True,hc
APHC010377292009,APHC01,"High Court, Andhra Pradesh",AP,Andhra Pradesh,CRL_A,2009-10-20,2024-01-05,5190,2024_disposed,2009,2024,True,hc
APHC010382362024,APHC01,"High Court, Andhra Pradesh",AP,Andhra Pradesh,CRL_A,2024-08-30,2024-12-26,118,2024_disposed,2024,2024,True,hc
APHC010389282022,APHC01,"High Court, Andhra Pradesh",AP,Andhra Pradesh,CRL_A,2022-08-01,2024-08-30,760,2024_disposed,2022,2024,True,hc
APHC010151562017,APHC01,"High Court, Andhra Pradesh",AP,Andhra Pradesh,CRL_A,2017-01-24,2024-10-01,2807,2024_disposed,2017,2024,True,hc
APHC010180732017,APHC01,"High Court, Andhra Pradesh",AP,Andhra Pradesh,CRL_A,2017-06-29,2024-12-26,2737,2024_disposed,2017,2024,True,hc
APHC010241762010,APHC01,"High Court, Andhra Pradesh",AP,Andhra Pradesh,CRL_A,2010-12-23,2024-01-22,4778,2024_disposed,2010,2024,True,hc
APHC010017402020,APHC01,"High Court, Andhra Pradesh",AP,Andhra Pradesh,CRL_A,2020-01-20,2024-06-29,1622,2020_filed,2020,2024,False,hc
APHC010017402020,APHC01,"High Court, Andhra Pradesh",AP,Andhra Pradesh,CRL_A,2020-01-20,2024-06-29,1622,2024_disposed,2020,2024,False,hc
APHC010365172007,APHC01,"High Court, Andhra Pradesh",AP,Andhra Pradesh,CRL_A,2007-07-10,2024-01-22,6040,2024_disposed,2007,2024,True,hc
APHC010135602016,APHC01,"High Court, Andhra Pradesh",AP,Andhra Pradesh,CRL_A,2016-06-22,2024-11-06,3059,2024_disposed,2016,2024,True,hc
APHC010203812021,APHC01,"High Court, Andhra Pradesh",AP,Andhra Pradesh,CRL_A,2021-06-18,2024-05-10,1057,2024_disposed,2021,2024,True,hc
APHC010457392023,APHC01,"High Court, Andhra Pradesh",AP,Andhra Pradesh,CRL_A,2023-09-06,2024-08-29,358,2024_disposed,2023,2024,True,hc
APHC010457212016,APHC01,"High Court, Andhra Pradesh",AP,Andhra Pradesh,CRL_A,2016-02-03,2024-07-08,3078,2024_disposed,2016,2024,True,hc
APHC010818822016,APHC01,"High Court, Andhra Pradesh",AP,Andhra Pradesh,CRL_A,2016-09-26,2024-04-26,2769,2024_disposed,2016,2024,True,hc
APHC010745662016,APHC01,"High Court, Andhra Pradesh",AP,Andhra Pradesh,CRL_A,2016-09-12,2024-08-29,2908,2024_disposed,2016,2024,True,hc
APHC010697152016,APHC01,"High Court, Andhra Pradesh",AP,Andhra Pradesh,CRL_A,2016-08-27,2024-08-29,2924,2024_disposed,2016,2024,True,hc
APHC010888282016,APHC01,"High Court, Andhra Pradesh",AP,Andhra Pradesh,CRL_A,2016-11-22,2024-07-23,2800,2024_disposed,2016,2024,True,hc
APHC010445952009,APHC01,"High Court, Andhra Pradesh",AP,Andhra Pradesh,CRL_A,2009-10-14,2024-01-02,5193,2024_disposed,2009,2024,True,hc
APHC010457292023,APHC01,"High Court, Andhra Pradesh",AP,Andhra Pradesh,CRL_A,2023-09-06,2024-08-29,358,2024_disposed,2023,2024,True,hc
APHC010458032009,APHC01,"High Court, Andhra Pradesh",AP,Andhra Pradesh,CRL_A,2008-11-18,2024-07-16,5719,2024_disposed,2008,2024,True,hc
APHC010478172016,APHC01,"High Court, Andhra Pradesh",AP,Andhra Pradesh,CRL_A,2016-06-06,2024-04-26,2881,2024_disposed,2016,2024,True,hc
APHC010697312016,APHC01,"High Court, Andhra Pradesh",AP,Andhra Pradesh,CRL_A,2016-09-27,2024-07-24,2857,2024_disposed,2016,2024,True,hc
APHC010753922016,APHC01,"High Court, Andhra Pradesh",AP,Andhra Pradesh,CRL_A,2016-09-12,2024-07-20,2868,2024_disposed,2016,2024,True,hc
APHC010621762016,APHC01,"High Court, Andhra Pradesh",AP,Andhra Pradesh,CRL_A,2016-09-16,2024-05-07,2790,2024_disposed,2016,2024,True,hc
APHC010134882024,APHC01,"High Court, Andhra Pradesh",AP,Andhra Pradesh,CRL_A,2024-03-15,2024-12-26,286,2024_disposed,2024,2024,True,hc
APHC010111192016,APHC01,"High Court, Andhra Pradesh",AP,Andhra Pradesh,CRL_A,2016-03-22,2024-03-14,2914,2024_disposed,2016,2024,True,hc
APHC010117252017,APHC01,"High Court, Andhra Pradesh",AP,Andhra Pradesh,CRL_A,2017-07-03,2024-12-12,2719,2024_disposed,2017,2024,True,hc
APHC010149942016,APHC01,"High Court, Andhra Pradesh",AP,Andhra Pradesh,CRL_A,2016-09-27,2024-07-12,2845,2024_disposed,2016,2024,True,hc
APHC010546912024,APHC01,"High Court, Andhra Pradesh",AP,Andhra Pradesh,CRL_A,2024-12-02,2024-12-17,15,2024_disposed,2024,2024,True,hc
APHC010390302023,APHC01,"High Court, Andhra Pradesh",AP,Andhra Pradesh,CRL_A,2023-08-04,2024-09-26,419,2024_disposed,2023,2024,True,hc
APHC010481912022,APHC01,"High Court, Andhra Pradesh",AP,Andhra Pradesh,CRL_A,2022-09-09,2024-01-30,508,2024_disposed,2022,2024,True,hc
APHC010484802024,APHC01,"High Court, Andhra Pradesh",AP,Andhra Pradesh,CRL_A,2024-10-29,2024-11-13,15,2024_disposed,2024,2024,True,hc
APHC010488042009,APHC01,"High Court, Andhra Pradesh",AP,Andhra Pradesh,CRL_A,2009-01-22,2024-07-30,5668,2024_disposed,2009,2024,True,hc
APHC010550662009,APHC01,"High Court, Andhra Pradesh",AP,Andhra Pradesh,CRL_A,2009-11-03,2024-01-30,5201,2024_disposed,2009,2024,True,hc
APHC010062592009,APHC01,"High Court, Andhra Pradesh",AP,Andhra Pradesh,CRL_A,2009-07-29,2024-01-02,5270,2024_disposed,2009,2024,True,hc
APHC010081202020,APHC01,"High Court, Andhra Pradesh",AP,Andhra Pradesh,CRL_A,2020-02-24,2024-08-28,1647,2020_filed,2020,2024,True,hc
APHC010081202020,APHC01,"High Court, Andhra Pradesh",AP,Andhra Pradesh,CRL_A,2020-02-24,2024-08-28,1647,2024_disposed,2020,2024,True,hc
APHC010083992017,APHC01,"High Court, Andhra Pradesh",AP,Andhra Pradesh,CRL_A,2017-04-12,2024-12-26,2815,2024_disposed,2017,2024,True,hc
APHC010097382023,APHC01,"High Court, Andhra Pradesh",AP,Andhra Pradesh,CRL_A,2023-02-27,2024-10-23,604,2024_disposed,2023,2024,True,hc
APHC010318072019,APHC01,"High Court, Andhra Pradesh",AP,Andhra Pradesh,CRL_A,2019-09-25,2024-12-06,1899,2024_disposed,2019,2024,True,hc
APHC010256752009,APHC01,"High Court, Andhra Pradesh",AP,Andhra Pradesh,CRL_A,2009-01-22,2024-07-30,5668,2024_disposed,2009,2024,True,hc
APHC010110792016,APHC01,"High Court, Andhra Pradesh",AP,Andhra Pradesh,CRL_A,2016-04-18,2024-06-27,2992,2024_disposed,2016,2024,True,hc
APHC010343102009,APHC01,"High Court, Andhra Pradesh",AP,Andhra Pradesh,CRL_A,2005-08-27,2024-08-06,6919,2024_disposed,2005,2024,True,hc
APHC010096362016,APHC01,"High Court, Andhra Pradesh",AP,Andhra Pradesh,CRL_A,2015-12-29,2024-05-01,3046,2024_disposed,2015,2024,True,hc
APHC010354982024,APHC01,"High Court, Andhra Pradesh",AP,Andhra Pradesh,CRL_A,2024-08-13,2024-11-19,98,2024_disposed,2024,2024,True,hc
APHC010292992021,APHC01,"High Court, Andhra Pradesh",AP,Andhra Pradesh,CRL_A,2021-08-12,2024-05-10,1002,2024_disposed,2021,2024,True,hc
APHC010186592008,APHC01,"High Court, Andhra Pradesh",AP,Andhra Pradesh,CRL_A,2008-05-01,2024-02-13,5766,2024_disposed,2008,2024,True,hc
APHC010112932008,APHC01,"High Court, Andhra Pradesh",AP,Andhra Pradesh,CRL_A,2008-03-25,2024-08-07,5979,2024_disposed,2008,2024,True,hc
APHC010102482016,APHC01,"High Court, Andhra Pradesh",AP,Andhra Pradesh,CRL_A,2016-06-20,2024-07-10,2942,2024_disposed,2016,2024,True,hc
APHC010144202016,APHC01,"High Court, Andhra Pradesh",AP,Andhra Pradesh,CRL_A,2016-08-24,2024-06-27,2864,2024_disposed,2016,2024,True,hc
APHC010149362016,APHC01,"High Court, Andhra Pradesh",AP,Andhra Pradesh,CRL_A,2016-08-29,2024-03-28,2768,2024_disposed,2016,2024,True,hc
APHC010169272008,APHC01,"High Court, Andhra Pradesh",AP,Andhra Pradesh,CRL_A,2008-11-04,2024-01-23,5558,2024_disposed,2008,2024,True,hc
APHC010167702016,APHC01,"High Court, Andhra Pradesh",AP,Andhra Pradesh,CRL_A,2016-01-07,2024-08-30,3158,2024_disposed,2016,2024,True,hc
APHC010553272016,APHC01,"High Court, Andhra Pradesh",AP,Andhra Pradesh,CRL_A,2016-12-26,2024-08-05,2779,2024_disposed,2016,2024,True,hc
APHC010202162021,APHC01,"High Court, Andhra Pradesh",AP,Andhra Pradesh,CRL_A,2021-06-17,2024-05-10,1058,2024_disposed,2021,2024,True,hc
APHC010495962024,APHC01,"High Court, Andhra Pradesh",AP,Andhra Pradesh,CRL_A,2024-11-06,2024-11-28,22,2024_disposed,2024,2024,True,hc
APHC010512232016,APHC01,"High Court, Andhra Pradesh",AP,Andhra Pradesh,CRL_A,2016-04-07,2024-09-23,3091,2024_disposed,2016,2024,True,hc
APHC010202152021,APHC01,"High Court, Andhra Pradesh",AP,Andhra Pradesh,CRL_A,2021-06-17,2024-05-10,1058,2024_disposed,2021,2024,True,hc
APHC010202142021,APHC01,"High Court, Andhra Pradesh",AP,Andhra Pradesh,CRL_A,2021-06-17,2024-05-10,1058,2024_disposed,2021,2024,True,hc
APHC010161992015,APHC01,"High Court, Andhra Pradesh",AP,Andhra Pradesh,CRL_A,2015-12-14,2024-03-04,3003,2024_disposed,2015,2024,True,hc
APHC010481432016,APHC01,"High Court, Andhra Pradesh",AP,Andhra Pradesh,CRL_A,2016-07-18,2024-02-26,2779,2024_disposed,2016,2024,True,hc
APHC010006722024,APHC01,"High Court, Andhra Pradesh",AP,Andhra Pradesh,CRL_A,2024-01-04,2024-09-24,264,2024_disposed,2024,2024,True,hc
APHC010189652023,APHC01,"High Court, Andhra Pradesh",AP,Andhra Pradesh,CRL_A,2023-04-18,2024-12-10,602,2024_disposed,2023,2024,True,hc
APHC010170122024,APHC01,"High Court, Andhra Pradesh",AP,Andhra Pradesh,CRL_A,2024-04-03,2024-08-29,148,2024_disposed,2024,2024,True,hc
APHC010160542017,APHC01,"High Court, Andhra Pradesh",AP,Andhra Pradesh,CRL_A,2017-03-22,2024-10-23,2772,2024_disposed,2017,2024,True,hc
APHC010163592020,APHC01,"High Court, Andhra Pradesh",AP,Andhra Pradesh,CRL_A,2020-06-18,2024-04-26,1408,2020_filed,2020,2024,True,hc
APHC010163592020,APHC01,"High Court, Andhra Pradesh",AP,Andhra Pradesh,CRL_A,2020-06-18,2024-04-26,1408,2024_disposed,2020,2024,True,hc
APHC010007042024,APHC01,"High Court, Andhra Pradesh",AP,Andhra Pradesh,CRL_A,2024-01-04,2024-08-29,238,2024_disposed,2024,2024,True,hc
APHC010010902018,APHC01,"High Court, Andhra Pradesh",AP,Andhra Pradesh,CRL_A,2018-01-03,2024-12-11,2534,2024_disposed,2018,2024,True,hc
APHC010174602024,APHC01,"High Court, Andhra Pradesh",AP,Andhra Pradesh,CRL_A,2024-04-06,2024-07-04,89,2024_disposed,2024,2024,True,hc
APHC010007012024,APHC01,"High Court, Andhra Pradesh",AP,Andhra Pradesh,CRL_A,2024-01-04,2024-08-29,238,2024_disposed,2024,2024,True,hc
APHC010010562015,APHC01,"High Court, Andhra Pradesh",AP,Andhra Pradesh,CRL_A,2015-06-18,2024-07-08,3308,2024_disposed,2015,2024,True,hc
APHC010159092024,APHC01,"High Court, Andhra Pradesh",AP,Andhra Pradesh,CRL_A,2024-03-28,2024-04-02,5,2024_disposed,2024,2024,True,hc
APHC010184732017,APHC01,"High Court, Andhra Pradesh",AP,Andhra Pradesh,CRL_A,2017-02-21,2024-06-24,2680,2024_disposed,2017,2024,True,hc
APHC010160962021,APHC01,"High Court, Andhra Pradesh",AP,Andhra Pradesh,CRL_A,2021-04-20,2024-08-06,1204,2024_disposed,2021,2024,True,hc
APHC010151862016,APHC01,"High Court, Andhra Pradesh",AP,Andhra Pradesh,CRL_A,2016-09-26,2024-05-07,2780,2024_disposed,2016,2024,True,hc
APHC010202182021,APHC01,"High Court, Andhra Pradesh",AP,Andhra Pradesh,CRL_A,2021-06-17,2024-05-10,1058,2024_disposed,2021,2024,True,hc
APHC010203642007,APHC01,"High Court, Andhra Pradesh",AP,Andhra Pradesh,CRL_A,2007-12-18,2024-02-15,5903,2024_disposed,2007,2024,True,hc
APHC010161312015,APHC01,"High Court, Andhra Pradesh",AP,Andhra Pradesh,CRL_A,2015-02-09,2024-07-05,3434,2024_disposed,2015,2024,True,hc
APHC010215572020,APHC01,"High Court, Andhra Pradesh",AP,Andhra Pradesh,CRL_A,2020-08-17,2024-11-20,1556,2020_filed,2020,2024,True,hc
APHC010215572020,APHC01,"High Court, Andhra Pradesh",AP,Andhra Pradesh,CRL_A,2020-08-17,2024-11-20,1556,2024_disposed,2020,2024,True,hc
APHC010238192017,APHC01,"High Court, Andhra Pradesh",AP,Andhra Pradesh,CRL_A,2017-04-13,2024-12-30,2818,2024_disposed,2017,2024,True,hc
APHC010027952017,APHC01,"High Court, Andhra Pradesh",AP,Andhra Pradesh,CRL_A,2017-01-17,2024-10-16,2829,2024_disposed,2017,2024,True,hc
APHC010043792020,APHC01,"High Court, Andhra Pradesh",AP,Andhra Pradesh,CRL_A,2020-02-03,2024-03-06,1493,2020_filed,2020,2024,True,hc
APHC010043792020,APHC01,"High Court, Andhra Pradesh",AP,Andhra Pradesh,CRL_A,2020-02-03,2024-03-06,1493,2024_disposed,2020,2024,True,hc
APHC010028032017,APHC01,"High Court, Andhra Pradesh",AP,Andhra Pradesh,CRL_A,2017-03-08,2024-03-15,2564,2024_disposed,2017,2024,True,hc
APHC010053412008,APHC01,"High Court, Andhra Pradesh",AP,Andhra Pradesh,CRL_A,2007-10-05,2024-03-05,5996,2024_disposed,2007,2024,True,hc
APHC010230812016,APHC01,"High Court, Andhra Pradesh",AP,Andhra Pradesh,CRL_A,2016-12-19,2024-04-30,2689,2024_disposed,2016,2024,True,hc
APHC010011712008,APHC01,"High Court, Andhra Pradesh",AP,Andhra Pradesh,MACA,2006-11-18,2024-03-16,6328,2024_disposed,2006,2024,False,hc
APHC010096662008,APHC01,"High Court, Andhra Pradesh",AP,Andhra Pradesh,MACA,2008-07-10,2024-09-14,5910,2024_disposed,2008,2024,False,hc
APHC010121942009,APHC01,"High Court, Andhra Pradesh",AP,Andhra Pradesh,MACA,2009-08-24,2024-12-14,5591,2024_disposed,2009,2024,False,hc
APHC010122042008,APHC01,"High Court, Andhra Pradesh",AP,Andhra Pradesh,MACA,2006-04-26,2024-09-14,6716,2024_disposed,2006,2024,False,hc
APHC010103322017,APHC01,"High Court, Andhra Pradesh",AP,Andhra Pradesh,MACA,2017-09-21,2024-12-05,2632,2024_disposed,2017,2024,True,hc
APHC010381422007,APHC01,"High Court, Andhra Pradesh",AP,Andhra Pradesh,MACA,2007-01-17,2024-03-16,6268,2024_disposed,2007,2024,False,hc
APHC010029812006,APHC01,"High Court, Andhra Pradesh",AP,Andhra Pradesh,MACA,2005-10-31,2024-09-11,6890,2024_disposed,2005,2024,True,hc
APHC010107252016,APHC01,"High Court, Andhra Pradesh",AP,Andhra Pradesh,MACA,2016-09-06,2024-06-24,2848,2024_disposed,2016,2024,True,hc
APHC010284542007,APHC01,"High Court, Andhra Pradesh",AP,Andhra Pradesh,MACA,2007-03-16,2024-07-15,6331,2024_disposed,2007,2024,True,hc
APHC010284502008,APHC01,"High Court, Andhra Pradesh",AP,Andhra Pradesh,MACA,1998-02-09,2024-06-29,9637,2024_disposed,1998,2024,False,hc
APHC010262392010,APHC01,"High Court, Andhra Pradesh",AP,Andhra Pradesh,MACA,2010-12-08,2024-06-29,4952,2024_disposed,2010,2024,False,hc
APHC010321882009,APHC01,"High Court, Andhra Pradesh",AP,Andhra Pradesh,MACA,2008-09-30,2024-09-14,5828,2024_disposed,2008,2024,False,hc
APHC010433182019,APHC01,"High Court, Andhra Pradesh",AP,Andhra Pradesh,MACA,2019-12-19,2024-12-31,1839,2024_disposed,2019,2024,True,hc
APHC010023352012,APHC01,"High Court, Andhra Pradesh",AP,Andhra Pradesh,MACA,2011-04-29,2024-02-06,4666,2024_disposed,2011,2024,True,hc
APHC010024512016,APHC01,"High Court, Andhra Pradesh",AP,Andhra Pradesh,MACA,2011-12-23,2024-10-28,4693,2024_disposed,2011,2024,True,hc
APHC010021052012,APHC01,"High Court, Andhra Pradesh",AP,Andhra Pradesh,MACA,2010-02-05,2024-09-14,5335,2024_disposed,2010,2024,False,hc
APHC010021052017,APHC01,"High Court, Andhra Pradesh",AP,Andhra Pradesh,MACA,2017-04-06,2024-12-14,2809,2024_disposed,2017,2024,False,hc
APHC010015502017,APHC01,"High Court, Andhra Pradesh",AP,Andhra Pradesh,MACA,2017-04-17,2024-12-14,2798,2024_disposed,2017,2024,False,hc
APHC010490162012,APHC01,"High Court, Andhra Pradesh",AP,Andhra Pradesh,MACA,2011-07-26,2024-02-16,4588,2024_disposed,2011,2024,True,hc
APHC010509452012,APHC01,"High Court, Andhra Pradesh",AP,Andhra Pradesh,MACA,2006-01-06,2024-06-25,6745,2024_disposed,2006,2024,True,hc
APHC010598512012,APHC01,"High Court, Andhra Pradesh",AP,Andhra Pradesh,MACA,2007-11-13,2024-01-05,5897,2024_disposed,2007,2024,True,hc
APHC010504662016,APHC01,"High Court, Andhra Pradesh",AP,Andhra Pradesh,MACA,2015-09-29,2024-08-14,3242,2024_disposed,2015,2024,True,hc
APHC010593112012,APHC01,"High Court, Andhra Pradesh",AP,Andhra Pradesh,MACA,2012-03-30,2024-06-29,4474,2024_disposed,2012,2024,False,hc
APHC010598782012,APHC01,"High Court, Andhra Pradesh",AP,Andhra Pradesh,MACA,2012-08-03,2024-01-03,4170,2024_disposed,2012,2024,True,hc
APHC010261742007,APHC01,"High Court, Andhra Pradesh",AP,Andhra Pradesh,MACA,2007-03-28,2024-06-29,6303,2024_disposed,2007,2024,False,hc
APHC010280452017,APHC01,"High Court, Andhra Pradesh",AP,Andhra Pradesh,MACA,2017-02-10,2024-03-16,2591,2024_disposed,2017,2024,False,hc
APHC010290732016,APHC01,"High Court, Andhra Pradesh",AP,Andhra Pradesh,MACA,2015-12-26,2024-11-14,3246,2024_disposed,2015,2024,True,hc
APHC010347172020,APHC01,"High Court, Andhra Pradesh",AP,Andhra Pradesh,MACA,2020-12-04,2024-08-20,1355,2020_filed,2020,2024,True,hc
APHC010347172020,APHC01,"High Court, Andhra Pradesh",AP,Andhra Pradesh,MACA,2020-12-04,2024-08-20,1355,2024_disposed,2020,2024,True,hc
APHC010309012019,APHC01,"High Court, Andhra Pradesh",AP,Andhra Pradesh,MACA,2019-09-20,2024-03-16,1639,2024_disposed,2019,2024,False,hc
APHC010310292024,APHC01,"High Court, Andhra Pradesh",AP,Andhra Pradesh,MACA,2024-07-19,2024-09-14,57,2024_disposed,2024,2024,False,hc
APHC010310312024,APHC01,"High Court, Andhra Pradesh",AP,Andhra Pradesh,MACA,2024-07-19,2024-09-14,57,2024_disposed,2024,2024,False,hc
APHC010312182020,APHC01,"High Court, Andhra Pradesh",AP,Andhra Pradesh,MACA,2020-11-05,2024-08-20,1384,2020_filed,2020,2024,True,hc
APHC010312182020,APHC01,"High Court, Andhra Pradesh",AP,Andhra Pradesh,MACA,2020-11-05,2024-08-20,1384,2024_disposed,2020,2024,True,hc
APHC010290172019,APHC01,"High Court, Andhra Pradesh",AP,Andhra Pradesh,MACA,2019-09-09,2024-12-14,1923,2024_disposed,2019,2024,False,hc
APHC010309862020,APHC01,"High Court, Andhra Pradesh",AP,Andhra Pradesh,MACA,2020-11-04,2024-08-20,1385,2020_filed,2020,2024,True,hc
APHC010309862020,APHC01,"High Court, Andhra Pradesh",AP,Andhra Pradesh,MACA,2020-11-04,2024-08-20,1385,2024_disposed,2020,2024,True,hc
APHC010343922019,APHC01,"High Court, Andhra Pradesh",AP,Andhra Pradesh,MACA,2019-10-18,2024-09-26,1805,2024_disposed,2019,2024,True,hc
APHC010343912019,APHC01,"High Court, Andhra Pradesh",AP,Andhra Pradesh,MACA,2019-10-18,2024-09-26,1805,2024_disposed,2019,2024,True,hc
APHC010377062023,APHC01,"High Court, Andhra Pradesh",AP,Andhra Pradesh,MACA,2023-07-31,2024-06-29,334,2024_disposed,2023,2024,False,hc
APHC010373282007,APHC01,"High Court, Andhra Pradesh",AP,Andhra Pradesh,MACA,2007-11-14,2024-12-14,6240,2024_disposed,2007,2024,False,hc
APHC010381022007,APHC01,"High Court, Andhra Pradesh",AP,Andhra Pradesh,MACA,2007-03-01,2024-06-29,6330,2024_disposed,2007,2024,False,hc
APHC010120282009,APHC01,"High Court, Andhra Pradesh",AP,Andhra Pradesh,MACA,2008-09-19,2024-12-14,5930,2024_disposed,2008,2024,False,hc
APHC010153022016,APHC01,"High Court, Andhra Pradesh",AP,Andhra Pradesh,MACA,2016-09-06,2024-05-06,2799,2024_disposed,2016,2024,True,hc
APHC010151952023,APHC01,"High Court, Andhra Pradesh",AP,Andhra Pradesh,MACA,2023-03-27,2024-06-29,460,2024_disposed,2023,2024,False,hc
APHC010006062017,APHC01,"High Court, Andhra Pradesh",AP,Andhra Pradesh,MACA,2017-09-12,2024-10-28,2603,2024_disposed,2017,2024,True,hc
APHC010008792009,APHC01,"High Court, Andhra Pradesh",AP,Andhra Pradesh,MACA,2008-07-30,2024-09-14,5890,2024_disposed,2008,2024,False,hc
APHC010013702017,APHC01,"High Court, Andhra Pradesh",AP,Andhra Pradesh,MACA,2017-09-11,2024-09-14,2560,2024_disposed,2017,2024,False,hc
APHC010019092013,APHC01,"High Court, Andhra Pradesh",AP,Andhra Pradesh,MACA,2009-06-11,2024-10-04,5594,2024_disposed,2009,2024,True,hc
APHC010032202019,APHC01,"High Court, Andhra Pradesh",AP,Andhra Pradesh,MACA,2019-02-11,2024-12-14,2133,2024_disposed,2019,2024,False,hc
APHC010013722009,APHC01,"High Court, Andhra Pradesh",AP,Andhra Pradesh,MACA,2009-02-02,2024-12-14,5794,2024_disposed,2009,2024,False,hc
APHC010002492012,APHC01,"High Court, Andhra Pradesh",AP,Andhra Pradesh,MACA,2006-12-29,2024-01-03,6214,2024_disposed,2006,2024,True,hc
APHC010017832008,APHC01,"High Court, Andhra Pradesh",AP,Andhra Pradesh,MACA,2007-11-07,2024-07-10,6090,2024_disposed,2007,2024,True,hc
APHC010034622016,APHC01,"High Court, Andhra Pradesh",AP,Andhra Pradesh,MACA,2016-06-01,2024-01-30,2799,2024_disposed,2016,2024,True,hc
APHC010027852013,APHC01,"High Court, Andhra Pradesh",AP,Andhra Pradesh,MACA,2013-02-25,2024-02-15,4007,2024_disposed,2013,2024,True,hc
APHC010028062016,APHC01,"High Court, Andhra Pradesh",AP,Andhra Pradesh,MACA,2016-04-18,2024-05-10,2944,2024_disposed,2016,2024,True,hc
APHC010056122016,APHC01,"High Court, Andhra Pradesh",AP,Andhra Pradesh,MACA,2013-04-29,2024-03-14,3972,2024_disposed,2013,2024,True,hc
APHC010038712012,APHC01,"High Court, Andhra Pradesh",AP,Andhra Pradesh,MACA,2006-09-15,2024-12-14,6665,2024_disposed,2006,2024,False,hc
APHC010051992010,APHC01,"High Court, Andhra Pradesh",AP,Andhra Pradesh,MACA,2010-03-23,2024-12-14,5380,2024_disposed,2010,2024,False,hc
APHC010104942022,APHC01,"High Court, Andhra Pradesh",AP,Andhra Pradesh,MACA,2022-03-08,2024-06-29,844,2024_disposed,2022,2024,False,hc
APHC010120562021,APHC01,"High Court, Andhra Pradesh",AP,Andhra Pradesh,MACA,2021-03-20,2024-03-16,1092,2024_disposed,2021,2024,False,hc
APHC010114102006,APHC01,"High Court, Andhra Pradesh",AP,Andhra Pradesh,MACA,2006-06-07,2024-06-29,6597,2024_disposed,2006,2024,False,hc
APHC010058822021,APHC01,"High Court, Andhra Pradesh",AP,Andhra Pradesh,MACA,2021-02-11,2024-03-18,1131,2024_disposed,2021,2024,True,hc
APHC010087132016,APHC01,"High Court, Andhra Pradesh",AP,Andhra Pradesh,MACA,2016-08-24,2024-05-07,2813,2024_disposed,2016,2024,True,hc
APHC010086022019,APHC01,"High Court, Andhra Pradesh",AP,Andhra Pradesh,MACA,2019-03-19,2024-06-29,1929,2024_disposed,2019,2024,False,hc
APHC010374982012,APHC01,"High Court, Andhra Pradesh",AP,Andhra Pradesh,MACA,2012-10-16,2024-02-07,4131,2024_disposed,2012,2024,True,hc
APHC010127102023,APHC01,"High Court, Andhra Pradesh",AP,Andhra Pradesh,MACA,2023-03-15,2024-12-27,653,2024_disposed,2023,2024,True,hc
APHC010156102019,APHC01,"High Court, Andhra Pradesh",AP,Andhra Pradesh,MACA,2019-06-01,2024-03-16,1750,2024_disposed,2019,2024,False,hc
APHC010826632016,APHC01,"High Court, Andhra Pradesh",AP,Andhra Pradesh,MACA,2016-01-05,2024-08-06,3136,2024_disposed,2016,2024,True,hc
APHC010194472016,APHC01,"High Court, Andhra Pradesh",AP,Andhra Pradesh,MACA,2016-12-22,2024-05-10,2696,2024_disposed,2016,2024,True,hc
APHC010183292016,APHC01,"High Court, Andhra Pradesh",AP,Andhra Pradesh,MACA,2016-03-31,2024-02-01,2863,2024_disposed,2016,2024,True,hc
APHC010163882008,APHC01,"High Court, Andhra Pradesh",AP,Andhra Pradesh,MACA,2008-03-25,2024-09-14,6017,2024_disposed,2008,2024,False,hc
APHC010181822019,APHC01,"High Court, Andhra Pradesh",AP,Andhra Pradesh,MACA,2019-06-24,2024-12-14,2000,2024_disposed,2019,2024,False,hc
APHC010407922007,APHC01,"High Court, Andhra Pradesh",AP,Andhra Pradesh,MACA,2007-07-12,2024-06-29,6197,2024_disposed,2007,2024,False,hc
APHC010387342007,APHC01,"High Court, Andhra Pradesh",AP,Andhra Pradesh,MACA,2007-02-28,2024-09-14,6408,2024_disposed,2007,2024,False,hc
APHC010442122022,APHC01,"High Court, Andhra Pradesh",AP,Andhra Pradesh,MACA,2022-08-24,2024-03-16,570,2024_disposed,2022,2024,False,hc
APHC010449172024,APHC01,"High Court, Andhra Pradesh",AP,Andhra Pradesh,MACA,2024-10-04,2024-10-25,21,2024_disposed,2024,2024,True,hc
APHC010449162024,APHC01,"High Court, Andhra Pradesh",AP,Andhra Pradesh,MACA,2024-10-04,2024-12-12,69,2024_disposed,2024,2024,True,hc
APHC010546322012,APHC01,"High Court, Andhra Pradesh",AP,Andhra Pradesh,MACA,2008-10-18,2024-12-14,5901,2024_disposed,2008,2024,False,hc
APHC010564282012,APHC01,"High Court, Andhra Pradesh",AP,Andhra Pradesh,MACA,2009-04-29,2024-01-03,5362,2024_disposed,2009,2024,True,hc
APHC010404202019,APHC01,"High Court, Andhra Pradesh",AP,Andhra Pradesh,MACA,2019-11-29,2024-03-18,1571,2024_disposed,2019,2024,True,hc
APHC010825072016,APHC01,"High Court, Andhra Pradesh",AP,Andhra Pradesh,MACA,2016-02-09,2024-12-14,3231,2024_disposed,2016,2024,False,hc
APHC010862022016,APHC01,"High Court, Andhra Pradesh",AP,Andhra Pradesh,MACA,2016-03-02,2024-05-02,2983,2024_disposed,2016,2024,True,hc
APHC010861282016,APHC01,"High Court, Andhra Pradesh",AP,Andhra Pradesh,MACA,2016-01-27,2024-04-03,2989,2024_disposed,2016,2024,True,hc
APHC010861422016,APHC01,"High Court, Andhra Pradesh",AP,Andhra Pradesh,MACA,2012-11-06,2024-08-02,4287,2024_disposed,2012,2024,True,hc
APHC010859622016,APHC01,"High Court, Andhra Pradesh",AP,Andhra Pradesh,MACA,2013-09-02,2024-03-16,3848,2024_disposed,2013,2024,False,hc
APHC010858382016,APHC01,"High Court, Andhra Pradesh",AP,Andhra Pradesh,MACA,2012-08-13,2024-03-14,4231,2024_disposed,2012,2024,True,hc
APHC010858502016,APHC01,"High Court, Andhra Pradesh",AP,Andhra Pradesh,MACA,2016-03-23,2024-04-29,2959,2024_disposed,2016,2024,True,hc
APHC010855082016,APHC01,"High Court, Andhra Pradesh",AP,Andhra Pradesh,MACA,2014-02-20,2024-08-12,3826,2024_disposed,2014,2024,True,hc
APHC010863022016,APHC01,"High Court, Andhra Pradesh",AP,Andhra Pradesh,MACA,2012-03-28,2024-01-29,4324,2024_disposed,2012,2024,True,hc
APHC010887892016,APHC01,"High Court, Andhra Pradesh",AP,Andhra Pradesh,MACA,2016-07-02,2024-10-21,3033,2024_disposed,2016,2024,True,hc
APHC010651012016,APHC01,"High Court, Andhra Pradesh",AP,Andhra Pradesh,MACA,2016-01-25,2024-03-21,2978,2024_disposed,2016,2024,True,hc
APHC010886632016,APHC01,"High Court, Andhra Pradesh",AP,Andhra Pradesh,MACA,2016-09-16,2024-08-20,2895,2024_disposed,2016,2024,True,hc
APHC010399302023,APHC01,"High Court, Andhra Pradesh",AP,Andhra Pradesh,MACA,2023-08-08,2024-03-06,211,2024_disposed,2023,2024,True,hc
APHC010417752016,APHC01,"High Court, Andhra Pradesh",AP,Andhra Pradesh,MACA,2012-11-16,2024-04-19,4172,2024_disposed,2012,2024,True,hc
APHC010488512016,APHC01,"High Court, Andhra Pradesh",AP,Andhra Pradesh,MACA,2016-06-08,2024-06-29,2943,2024_disposed,2016,2024,False,hc
APHC010480892016,APHC01,"High Court, Andhra Pradesh",AP,Andhra Pradesh,MACA,2016-03-22,2024-03-19,2919,2024_disposed,2016,2024,True,hc
APHC010524272016,APHC01,"High Court, Andhra Pradesh",AP,Andhra Pradesh,MACA,2009-06-01,2024-12-16,5677,2024_disposed,2009,2024,True,hc
APHC010559642012,APHC01,"High Court, Andhra Pradesh",AP,Andhra Pradesh,MACA,2011-08-26,2024-01-02,4512,2024_disposed,2011,2024,True,hc
APHC010654142012,APHC01,"High Court, Andhra Pradesh",AP,Andhra Pradesh,MACA,2006-03-03,2024-01-03,6515,2024_disposed,2006,2024,True,hc
APHC010673072016,APHC01,"High Court, Andhra Pradesh",AP,Andhra Pradesh,MACA,2015-10-06,2024-02-14,3053,2024_disposed,2015,2024,True,hc
APHC010618142012,APHC01,"High Court, Andhra Pradesh",AP,Andhra Pradesh,MACA,2012-02-03,2024-03-16,4425,2024_disposed,2012,2024,False,hc
APHC010691342012,APHC01,"High Court, Andhra Pradesh",AP,Andhra Pradesh,MACA,2006-07-19,2024-01-05,6379,2024_disposed,2006,2024,True,hc
UPGZ050018042020,UPGZ05,Civil Judge Senior Division,UP,Uttar Pradesh,CS,2020-01-29,2024-06-15,1599,2020_filed,2020,2024,False,district
UPGZ050018042020,UPGZ05,Civil Judge Senior Division,UP,Uttar Pradesh,CS,2020-01-29,2024-06-15,1599,2024_disposed,2020,2024,False,district
UPGZ050026942020,UPGZ05,Civil Judge Senior Division,UP,Uttar Pradesh,CS,2020-07-17,2023-03-02,958,2020_filed,2020,2023,False,district
UPGZ050018012020,UPGZ05,Civil Judge Senior Division,UP,Uttar Pradesh,CS,2020-01-29,2022-05-17,839,2020_filed,2020,2022,False,district
UPGZ050026982020,UPGZ05,Civil Judge Senior Division,UP,Uttar Pradesh,CS,2020-07-20,2023-02-28,953,2020_filed,2020,2023,False,district
UPGZ050026972020,UPGZ05,Civil Judge Senior Division,UP,Uttar Pradesh,CS,2020-07-17,2024-02-27,1320,2020_filed,2020,2024,True,district
UPGZ050026972020,UPGZ05,Civil Judge Senior Division,UP,Uttar Pradesh,CS,2020-07-17,2024-02-27,1320,2024_disposed,2020,2024,True,district
UPGZ050027002020,UPGZ05,Civil Judge Senior Division,UP,Uttar Pradesh,CS,2020-07-20,2024-06-19,1430,2020_filed,2020,2024,False,district
UPGZ050027002020,UPGZ05,Civil Judge Senior Division,UP,Uttar Pradesh,CS,2020-07-20,2024-06-19,1430,2024_disposed,2020,2024,False,district
UPGZ050026992020,UPGZ05,Civil Judge Senior Division,UP,Uttar Pradesh,CS,2020-07-20,2024-06-19,1430,2020_filed,2020,2024,False,district
UPGZ050026992020,UPGZ05,Civil Judge Senior Division,UP,Uttar Pradesh,CS,2020-07-20,2024-06-19,1430,2024_disposed,2020,2024,False,district
UPGZ060005912020,UPGZ06,Civil Judge Junior Division,UP,Uttar Pradesh,CS,2020-09-28,2023-10-30,1127,2020_filed,2020,2023,True,district
UPGZ060002752020,UPGZ06,Civil Judge Junior Division,UP,Uttar Pradesh,CS,2020-07-01,2023-12-11,1258,2020_filed,2020,2023,True,district
UPMH060001522020,UPMH06,Civil Judge Junior Division,UP,Uttar Pradesh,CS,2020-02-12,2021-10-08,604,2020_filed,2020,2021,True,district
UPMH060002952020,UPMH06,Civil Judge Junior Division,UP,Uttar Pradesh,CS,2020-03-19,2025-05-07,1875,2020_filed,2020,2025,True,district
UPMH060002942020,UPMH06,Civil Judge Junior Division,UP,Uttar Pradesh,CS,2020-03-19,2021-10-05,565,2020_filed,2020,2021,True,district
UPMH060002932020,UPMH06,Civil Judge Junior Division,UP,Uttar Pradesh,CS,2020-03-19,2024-07-04,1568,2020_filed,2020,2024,True,district
UPMH060002932020,UPMH06,Civil Judge Junior Division,UP,Uttar Pradesh,CS,2020-03-19,2024-07-04,1568,2024_disposed,2020,2024,True,district
UPMH060002922020,UPMH06,Civil Judge Junior Division,UP,Uttar Pradesh,CS,2020-03-18,2021-07-10,479,2020_filed,2020,2021,True,district
UPMH060002962020,UPMH06,Civil Judge Junior Division,UP,Uttar Pradesh,CS,2020-03-19,2021-11-30,621,2020_filed,2020,2021,True,district
UPSI060000872020,UPSI06,civil judge junior division,UP,Uttar Pradesh,CS,2020-01-24,2022-03-11,777,2020_filed,2020,2022,True,district
UPSI060000882020,UPSI06,civil judge junior division,UP,Uttar Pradesh,CS,2020-01-24,2021-02-17,390,2020_filed,2020,2021,True,district
UPSI060004362020,UPSI06,civil judge junior division,UP,Uttar Pradesh,CS,2020-07-24,2022-03-15,599,2020_filed,2020,2022,True,district
UPBN240009052020,UPBN24,Civil Judge Junior Division Sahaswan,UP,Uttar Pradesh,CS,2020-05-30,2022-11-22,906,2020_filed,2020,2022,False,district
UPBN240009062020,UPBN24,Civil Judge Junior Division Sahaswan,UP,Uttar Pradesh,CS,2020-05-30,2023-03-03,1007,2020_filed,2020,2023,True,district
UPSD120002272020,UPSD12,Civil Judge Junior Division Bansi,UP,Uttar Pradesh,CS,2020-07-17,2024-01-19,1281,2020_filed,2020,2024,False,district
UPSD120002272020,UPSD12,Civil Judge Junior Division Bansi,UP,Uttar Pradesh,CS,2020-07-17,2024-01-19,1281,2024_disposed,2020,2024,False,district
UPSD180010072020,UPSD18,ocdumcjjd/jm,UP,Uttar Pradesh,CS,2020-12-04,2024-09-21,1387,2020_filed,2020,2024,False,district
UPSD180010072020,UPSD18,ocdumcjjd/jm,UP,Uttar Pradesh,CS,2020-12-04,2024-09-21,1387,2024_disposed,2020,2024,False,district
UPAU050001372020,UPAU05,Civil Judge Senior Division,UP,Uttar Pradesh,CS,2020-07-29,2024-03-09,1319,2020_filed,2020,2024,True,district
UPAU050001372020,UPAU05,Civil Judge Senior Division,UP,Uttar Pradesh,CS,2020-07-29,2024-03-09,1319,2024_disposed,2020,2024,True,district
UPAU050001362020,UPAU05,Civil Judge Senior Division,UP,Uttar Pradesh,CS,2020-07-29,2023-10-17,1175,2020_filed,2020,2023,True,district
UPAU060003242020,UPAU06,Civil Judge Junior Division,UP,Uttar Pradesh,CS,2020-09-08,2024-02-14,1254,2020_filed,2020,2024,True,district
UPAU060003242020,UPAU06,Civil Judge Junior Division,UP,Uttar Pradesh,CS,2020-09-08,2024-02-14,1254,2024_disposed,2020,2024,True,district
UPAU060003252020,UPAU06,Civil Judge Junior Division,UP,Uttar Pradesh,CS,2020-09-08,2023-05-15,979,2020_filed,2020,2023,True,district
UPAU060003282020,UPAU06,Civil Judge Junior Division,UP,Uttar Pradesh,CS,2020-09-08,2022-04-21,590,2020_filed,2020,2022,True,district
UPAU050001352020,UPAU05,Civil Judge Senior Division,UP,Uttar Pradesh,CS,2020-07-28,2025-04-17,1724,2020_filed,2020,2025,True,district
UPAU060003292020,UPAU06,Civil Judge Junior Division,UP,Uttar Pradesh,CS,2020-09-08,2024-08-06,1428,2020_filed,2020,2024,True,district
UPAU060003292020,UPAU06,Civil Judge Junior Division,UP,Uttar Pradesh,CS,2020-09-08,2024-08-06,1428,2024_disposed,2020,2024,True,district
UPAU060003262020,UPAU06,Civil Judge Junior Division,UP,Uttar Pradesh,CS,2020-09-08,2025-05-31,1726,2020_filed,2020,2025,False,district
UPGK050002022020,UPGK05,Civil Judge Senior Division,UP,Uttar Pradesh,CS,2020-02-20,2024-03-19,1489,2020_filed,2020,2024,True,district
UPGK050002022020,UPGK05,Civil Judge Senior Division,UP,Uttar Pradesh,CS,2020-02-20,2024-03-19,1489,2024_disposed,2020,2024,True,district
UPAG030000492020,UPAG03,Judge Small Cause Court,UP,Uttar Pradesh,CS,2020-02-26,2020-07-16,141,2020_filed,2020,2020,False,district
UPAG030000552020,UPAG03,Judge Small Cause Court,UP,Uttar Pradesh,CS,2020-03-05,2020-07-22,139,2020_filed,2020,2020,False,district
UPMH050006932020,UPMH05,Civil Judge Senior Division,UP,Uttar Pradesh,CS,2020-12-21,2025-08-19,1702,2020_filed,2020,2025,True,district
UPBB050006552020,UPBB05,"Civil Judge, Senior Division",UP,Uttar Pradesh,CS,2020-10-17,2025-07-23,1740,2020_filed,2020,2025,False,district
UPHR060001072020,UPHR06,Civil Judge Junior Division,UP,Uttar Pradesh,CS,2020-01-23,2025-07-01,1986,2020_filed,2020,2025,False,district
UPHR060002222020,UPHR06,Civil Judge Junior Division,UP,Uttar Pradesh,CS,2020-02-05,2025-07-01,1973,2020_filed,2020,2025,False,district
UPHR060002232020,UPHR06,Civil Judge Junior Division,UP,Uttar Pradesh,CS,2020-02-05,2022-11-02,1001,2020_filed,2020,2022,False,district
UPHR060005632020,UPHR06,Civil Judge Junior Division,UP,Uttar Pradesh,CS,2020-05-30,2022-05-27,727,2020_filed,2020,2022,True,district
UPRN050005772020,UPRN05,Civil Judge (Senior Division),UP,Uttar Pradesh,CS,2020-10-15,2021-10-08,358,2020_filed,2020,2021,True,district
UPRN050005802020,UPRN05,Civil Judge (Senior Division),UP,Uttar Pradesh,CS,2020-10-15,2022-08-02,656,2020_filed,2020,2022,True,district
UPHR060013012020,UPHR06,Civil Judge Junior Division,UP,Uttar Pradesh,CS,2020-09-14,2023-08-07,1057,2020_filed,2020,2023,True,district
UPHR060005712020,UPHR06,Civil Judge Junior Division,UP,Uttar Pradesh,CS,2020-05-30,2023-06-14,1110,2020_filed,2020,2023,False,district
UPHR060005722020,UPHR06,Civil Judge Junior Division,UP,Uttar Pradesh,CS,2020-05-30,2022-11-17,901,2020_filed,2020,2022,False,district
UPHR060005742020,UPHR06,Civil Judge Junior Division,UP,Uttar Pradesh,CS,2020-05-30,2021-09-01,459,2020_filed,2020,2021,False,district
UPHR060010142020,UPHR06,Civil Judge Junior Division,UP,Uttar Pradesh,CS,2020-08-17,2021-11-18,458,2020_filed,2020,2021,False,district
UPHR060010152020,UPHR06,Civil Judge Junior Division,UP,Uttar Pradesh,CS,2020-08-17,2020-08-18,1,2020_filed,2020,2020,False,district
UPHR060010202020,UPHR06,Civil Judge Junior Division,UP,Uttar Pradesh,CS,2020-08-18,2025-01-21,1617,2020_filed,2020,2025,False,district
UPHR060010162020,UPHR06,Civil Judge Junior Division,UP,Uttar Pradesh,CS,2020-08-18,2022-04-16,606,2020_filed,2020,2022,False,district
UPHR060013032020,UPHR06,Civil Judge Junior Division,UP,Uttar Pradesh,CS,2020-11-19,2024-07-26,1345,2020_filed,2020,2024,True,district
UPHR060013032020,UPHR06,Civil Judge Junior Division,UP,Uttar Pradesh,CS,2020-11-19,2024-07-26,1345,2024_disposed,2020,2024,True,district
UPFD050000782020,UPFD05,Civil Judge Senior Devision,UP,Uttar Pradesh,CS,2020-02-07,2022-09-30,966,2020_filed,2020,2022,False,district
UPAU050002132020,UPAU05,Civil Judge Senior Division,UP,Uttar Pradesh,CS,2020-10-08,2023-10-27,1114,2020_filed,2020,2023,True,district
UPBJ050000392020,UPBJ05,Civil Judge Senior Devision,UP,Uttar Pradesh,CS,2020-01-14,2024-01-04,1451,2020_filed,2020,2024,True,district
UPBJ050000392020,UPBJ05,Civil Judge Senior Devision,UP,Uttar Pradesh,CS,2020-01-14,2024-01-04,1451,2024_disposed,2020,2024,True,district
UPGK050006252020,UPGK05,Civil Judge Senior Division,UP,Uttar Pradesh,CS,2020-09-19,2022-10-19,760,2020_filed,2020,2022,False,district
UPGK050006282020,UPGK05,Civil Judge Senior Division,UP,Uttar Pradesh,CS,2020-09-19,2023-07-13,1027,2020_filed,2020,2023,False,district
UPGK050002032020,UPGK05,Civil Judge Senior Division,UP,Uttar Pradesh,CS,2020-02-20,2024-03-19,1489,2020_filed,2020,2024,True,district
UPGK050002032020,UPGK05,Civil Judge Senior Division,UP,Uttar Pradesh,CS,2020-02-20,2024-03-19,1489,2024_disposed,2020,2024,True,district
UPGK050006262020,UPGK05,Civil Judge Senior Division,UP,Uttar Pradesh,CS,2020-09-19,2025-05-10,1694,2020_filed,2020,2025,True,district
UPMI040007932020,UPMI04,Civil Judge Junior Division,UP,Uttar Pradesh,CS,2020-08-14,2025-01-18,1618,2020_filed,2020,2025,True,district
UPKU120007152020,UPKU12,Civil Judge Junior Division Kasia-Kushi Nagar,UP,Uttar Pradesh,CS,2020-07-07,2025-07-10,1829,2020_filed,2020,2025,False,district
UPKU120007172020,UPKU12,Civil Judge Junior Division Kasia-Kushi Nagar,UP,Uttar Pradesh,CS,2020-07-07,2025-10-03,1914,2020_filed,2020,2025,True,district
UPKU120007162020,UPKU12,Civil Judge Junior Division Kasia-Kushi Nagar,UP,Uttar Pradesh,CS,2020-07-07,2025-07-10,1829,2020_filed,2020,2025,False,district
UPKU120013862020,UPKU12,Civil Judge Junior Division Kasia-Kushi Nagar,UP,Uttar Pradesh,CS,2020-09-25,2025-07-10,1749,2020_filed,2020,2025,False,district
UPKU120018382020,UPKU12,Civil Judge Junior Division Kasia-Kushi Nagar,UP,Uttar Pradesh,CS,2020-11-11,2025-07-10,1702,2020_filed,2020,2025,False,district
UPKU120020932020,UPKU12,Civil Judge Junior Division Kasia-Kushi Nagar,UP,Uttar Pradesh,CS,2020-12-21,2025-07-10,1662,2020_filed,2020,2025,False,district
UPGH060002292020,UPGH06,Civil Judge Junior Division,UP,Uttar Pradesh,CS,2020-02-27,2024-08-03,1619,2020_filed,2020,2024,False,district
UPGH060002292020,UPGH06,Civil Judge Junior Division,UP,Uttar Pradesh,CS,2020-02-27,2024-08-03,1619,2024_disposed,2020,2024,False,district
UPGH060006992020,UPGH06,Civil Judge Junior Division,UP,Uttar Pradesh,CS,2020-09-16,2025-07-08,1756,2020_filed,2020,2025,True,district
UPGH060007002020,UPGH06,Civil Judge Junior Division,UP,Uttar Pradesh,CS,2020-09-18,2023-02-08,873,2020_filed,2020,2023,True,district
UPJS030003882020,UPJS03,Judge Small Causes Court,UP,Uttar Pradesh,CS,2020-08-31,2023-12-15,1201,2020_filed,2020,2023,True,district
UPJS030003922020,UPJS03,Judge Small Causes Court,UP,Uttar Pradesh,CS,2020-09-01,2021-04-12,223,2020_filed,2020,2021,True,district
UPJS030003942020,UPJS03,Judge Small Causes Court,UP,Uttar Pradesh,CS,2020-09-01,2020-09-07,6,2020_filed,2020,2020,False,district
UPJS030004192020,UPJS03,Judge Small Causes Court,UP,Uttar Pradesh,CS,2020-09-14,2022-04-12,575,2020_filed,2020,2022,True,district
UPJS030004142020,UPJS03,Judge Small Causes Court,UP,Uttar Pradesh,CS,2020-09-04,2025-01-30,1609,2020_filed,2020,2025,True,district
UPJS030004152020,UPJS03,Judge Small Causes Court,UP,Uttar Pradesh,CS,2020-09-05,2021-12-03,454,2020_filed,2020,2021,False,district
UPJS030004162020,UPJS03,Judge Small Causes Court,UP,Uttar Pradesh,CS,2020-09-05,2023-08-22,1081,2020_filed,2020,2023,True,district
UPJS030004202020,UPJS03,Judge Small Causes Court,UP,Uttar Pradesh,CS,2020-09-14,2023-04-25,953,2020_filed,2020,2023,False,district
UPJS030004212020,UPJS03,Judge Small Causes Court,UP,Uttar Pradesh,CS,2020-09-14,2023-08-11,1061,2020_filed,2020,2023,True,district
UPJS030004062020,UPJS03,Judge Small Causes Court,UP,Uttar Pradesh,CS,2020-08-31,2025-07-17,1781,2020_filed,2020,2025,True,district
UPJS030004182020,UPJS03,Judge Small Causes Court,UP,Uttar Pradesh,CS,2020-09-08,2024-09-25,1478,2020_filed,2020,2024,True,district
UPJS030004182020,UPJS03,Judge Small Causes Court,UP,Uttar Pradesh,CS,2020-09-08,2024-09-25,1478,2024_disposed,2020,2024,True,district
UPJS030004342020,UPJS03,Judge Small Causes Court,UP,Uttar Pradesh,CS,2020-09-23,2023-04-27,946,2020_filed,2020,2023,True,district
UPJS030004322020,UPJS03,Judge Small Causes Court,UP,Uttar Pradesh,CS,2020-09-19,2024-01-12,1210,2020_filed,2020,2024,True,district
UPJS030004322020,UPJS03,Judge Small Causes Court,UP,Uttar Pradesh,CS,2020-09-19,2024-01-12,1210,2024_disposed,2020,2024,True,district
UPJS030004252020,UPJS03,Judge Small Causes Court,UP,Uttar Pradesh,CS,2020-09-19,2024-11-25,1528,2020_filed,2020,2024,True,district
UPJS030004252020,UPJS03,Judge Small Causes Court,UP,Uttar Pradesh,CS,2020-09-19,2024-11-25,1528,2024_disposed,2020,2024,True,district
UPJS030004402020,UPJS03,Judge Small Causes Court,UP,Uttar Pradesh,CS,2020-10-01,2021-03-19,169,2020_filed,2020,2021,True,district
UPJS030004302020,UPJS03,Judge Small Causes Court,UP,Uttar Pradesh,CS,2020-09-19,2022-03-26,553,2020_filed,2020,2022,True,district
UPJS030004412020,UPJS03,Judge Small Causes Court,UP,Uttar Pradesh,CS,2020-10-01,2024-11-28,1519,2020_filed,2020,2024,True,district
UPJS030004412020,UPJS03,Judge Small Causes Court,UP,Uttar Pradesh,CS,2020-10-01,2024-11-28,1519,2024_disposed,2020,2024,True,district
UPJS030004392020,UPJS03,Judge Small Causes Court,UP,Uttar Pradesh,CS,2020-09-25,2022-08-24,698,2020_filed,2020,2022,False,district
UPGK120014752020,UPGK12,Outlying Court At Bansgoan,UP,Uttar Pradesh,CS,2020-07-08,2024-09-19,1534,2020_filed,2020,2024,False,district
UPGK120014752020,UPGK12,Outlying Court At Bansgoan,UP,Uttar Pradesh,CS,2020-07-08,2024-09-19,1534,2024_disposed,2020,2024,False,district
UPSD060000572020,UPSD06,Civil Judge Junior Division,UP,Uttar Pradesh,CS,2020-02-18,2024-04-18,1521,2020_filed,2020,2024,True,district
UPSD060000572020,UPSD06,Civil Judge Junior Division,UP,Uttar Pradesh,CS,2020-02-18,2024-04-18,1521,2024_disposed,2020,2024,True,district
UPJS030003842020,UPJS03,Judge Small Causes Court,UP,Uttar Pradesh,CS,2020-08-31,2025-11-07,1894,2020_filed,2020,2025,False,district
UPJS030003862020,UPJS03,Judge Small Causes Court,UP,Uttar Pradesh,CS,2020-08-31,2023-05-25,997,2020_filed,2020,2023,True,district
UPKU120016132020,UPKU12,Civil Judge Junior Division Kasia-Kushi Nagar,UP,Uttar Pradesh,CS,2020-10-19,2025-11-05,1843,2020_filed,2020,2025,True,district
UPEW060002352020,UPEW06,Civil Judge Junior Division,UP,Uttar Pradesh,CS,2020-03-05,2025-07-17,1960,2020_filed,2020,2025,True,district
UPEW060010072020,UPEW06,Civil Judge Junior Division,UP,Uttar Pradesh,CS,2020-09-08,2023-10-11,1128,2020_filed,2020,2023,True,district
UPEW060010642020,UPEW06,Civil Judge Junior Division,UP,Uttar Pradesh,CS,2020-09-18,2023-04-12,936,2020_filed,2020,2023,True,district
UPEW060010672020,UPEW06,Civil Judge Junior Division,UP,Uttar Pradesh,CS,2020-09-18,2023-12-08,1176,2020_filed,2020,2023,True,district
UPBU060001212020,UPBU06,Civil Judge Junior Division,UP,Uttar Pradesh,CS,2020-02-14,2021-10-08,602,2020_filed,2020,2021,True,district
UPBU060001222020,UPBU06,Civil Judge Junior Division,UP,Uttar Pradesh,CS,2020-02-14,2022-02-16,733,2020_filed,2020,2022,False,district
UPBU060001242020,UPBU06,Civil Judge Junior Division,UP,Uttar Pradesh,CS,2020-02-14,2022-03-07,752,2020_filed,2020,2022,False,district
DLHC010321642024,DLHC01,"High Court, Delhi",DL,Delhi,WP_C,2024-05-22,2024-12-06,198,2024_disposed,2024,2024,False,hc
DLHC010321652024,DLHC01,"High Court, Delhi",DL,Delhi,WP_C,2024-05-24,2024-05-27,3,2024_disposed,2024,2024,True,hc
DLHC010033122023,DLHC01,"High Court, Delhi",DL,Delhi,WP_C,2023-02-02,2024-11-26,663,2024_disposed,2023,2024,True,hc
DLHC010035602022,DLHC01,"High Court, Delhi",DL,Delhi,WP_C,2022-01-17,2024-03-14,787,2024_disposed,2022,2024,False,hc
DLHC010035612020,DLHC01,"High Court, Delhi",DL,Delhi,WP_C,2022-08-09,2024-08-06,728,2024_disposed,2022,2024,True,hc
DLHC010318102020,DLHC01,"High Court, Delhi",DL,Delhi,WP_C,2020-11-23,2024-08-21,1367,2020_filed,2020,2024,True,hc
DLHC010318102020,DLHC01,"High Court, Delhi",DL,Delhi,WP_C,2020-11-23,2024-08-21,1367,2024_disposed,2020,2024,True,hc
DLHC010318092023,DLHC01,"High Court, Delhi",DL,Delhi,WP_C,2023-08-14,2024-02-15,185,2024_disposed,2023,2024,False,hc
DLHC010360702023,DLHC01,"High Court, Delhi",DL,Delhi,WP_C,2023-09-12,2024-09-05,359,2024_disposed,2023,2024,True,hc
DLHC010372802019,DLHC01,"High Court, Delhi",DL,Delhi,WP_C,2019-09-06,2024-09-17,1838,2024_disposed,2019,2024,True,hc
DLHC010381742023,DLHC01,"High Court, Delhi",DL,Delhi,WP_C,2023-09-21,2024-11-12,418,2024_disposed,2023,2024,True,hc
DLHC010419282024,DLHC01,"High Court, Delhi",DL,Delhi,WP_C,2024-07-18,2024-10-15,89,2024_disposed,2024,2024,False,hc
DLHC010419262024,DLHC01,"High Court, Delhi",DL,Delhi,WP_C,2024-07-18,2024-11-25,130,2024_disposed,2024,2024,True,hc
DLHC010424582023,DLHC01,"High Court, Delhi",DL,Delhi,WP_C,2023-10-18,2024-01-15,89,2024_disposed,2023,2024,True,hc
DLHC010419292024,DLHC01,"High Court, Delhi",DL,Delhi,WP_C,2024-07-18,2024-12-17,152,2024_disposed,2024,2024,True,hc
DLHC010402442023,DLHC01,"High Court, Delhi",DL,Delhi,WP_C,2023-10-05,2024-09-25,356,2024_disposed,2023,2024,True,hc
DLHC010411262022,DLHC01,"High Court, Delhi",DL,Delhi,WP_C,2022-11-02,2024-07-18,624,2024_disposed,2022,2024,True,hc
DLHC010411292023,DLHC01,"High Court, Delhi",DL,Delhi,WP_C,2023-10-05,2024-11-20,412,2024_disposed,2023,2024,False,hc
DLHC010411312022,DLHC01,"High Court, Delhi",DL,Delhi,WP_C,2022-11-02,2024-02-28,483,2024_disposed,2022,2024,True,hc
DLHC010411392019,DLHC01,"High Court, Delhi",DL,Delhi,WP_C,2019-10-14,2024-08-02,1754,2024_disposed,2019,2024,False,hc
DLHC010411332022,DLHC01,"High Court, Delhi",DL,Delhi,WP_C,2022-11-02,2024-08-02,639,2024_disposed,2022,2024,True,hc
DLHC010411322023,DLHC01,"High Court, Delhi",DL,Delhi,WP_C,2023-10-10,2024-01-31,113,2024_disposed,2023,2024,False,hc
DLHC010415312023,DLHC01,"High Court, Delhi",DL,Delhi,WP_C,2023-10-12,2024-01-15,95,2024_disposed,2023,2024,False,hc
DLHC010419212024,DLHC01,"High Court, Delhi",DL,Delhi,WP_C,2024-07-15,2024-07-22,7,2024_disposed,2024,2024,False,hc
DLHC010419232024,DLHC01,"High Court, Delhi",DL,Delhi,WP_C,2024-07-16,2024-07-22,6,2024_disposed,2024,2024,False,hc
DLHC010419222024,DLHC01,"High Court, Delhi",DL,Delhi,WP_C,2024-07-15,2024-07-22,7,2024_disposed,2024,2024,False,hc
DLHC010419222022,DLHC01,"High Court, Delhi",DL,Delhi,WP_C,2022-11-09,2024-08-27,657,2024_disposed,2022,2024,True,hc
DLHC010071562022,DLHC01,"High Court, Delhi",DL,Delhi,WP_C,2022-02-14,2024-11-11,1001,2024_disposed,2022,2024,False,hc
DLHC010164992024,DLHC01,"High Court, Delhi",DL,Delhi,WP_C,2024-03-27,2024-03-28,1,2024_disposed,2024,2024,True,hc
DLHC010164972022,DLHC01,"High Court, Delhi",DL,Delhi,WP_C,2022-04-27,2024-01-31,644,2024_disposed,2022,2024,False,hc
DLHC010158362023,DLHC01,"High Court, Delhi",DL,Delhi,WP_C,2023-04-26,2024-01-05,254,2024_disposed,2023,2024,True,hc
DLHC010019622024,DLHC01,"High Court, Delhi",DL,Delhi,WP_C,2024-01-20,2024-01-23,3,2024_disposed,2024,2024,True,hc
DLHC010019632024,DLHC01,"High Court, Delhi",DL,Delhi,WP_C,2024-01-19,2024-04-09,81,2024_disposed,2024,2024,True,hc
DLHC010022802023,DLHC01,"High Court, Delhi",DL,Delhi,WP_C,2023-01-25,2024-08-21,574,2024_disposed,2023,2024,True,hc
DLHC010022812018,DLHC01,"High Court, Delhi",DL,Delhi,WP_C,2019-09-12,2024-12-23,1929,2024_disposed,2019,2024,True,hc
DLHC010027822024,DLHC01,"High Court, Delhi",DL,Delhi,WP_C,2024-01-27,2024-01-31,4,2024_disposed,2024,2024,False,hc
DLHC010027852024,DLHC01,"High Court, Delhi",DL,Delhi,WP_C,2024-01-28,2024-01-30,2,2024_disposed,2024,2024,True,hc
DLHC010035992024,DLHC01,"High Court, Delhi",DL,Delhi,WP_C,2024-02-01,2024-02-07,6,2024_disposed,2024,2024,True,hc
DLHC010027842024,DLHC01,"High Court, Delhi",DL,Delhi,WP_C,2024-01-26,2024-01-30,4,2024_disposed,2024,2024,True,hc
DLHC010035982023,DLHC01,"High Court, Delhi",DL,Delhi,WP_C,2023-02-03,2024-01-05,336,2024_disposed,2023,2024,True,hc
DLHC010036002024,DLHC01,"High Court, Delhi",DL,Delhi,WP_C,2024-01-31,2024-02-02,2,2024_disposed,2024,2024,True,hc
DLHC010035992022,DLHC01,"High Court, Delhi",DL,Delhi,WP_C,2022-01-17,2024-01-24,737,2024_disposed,2022,2024,True,hc
DLHC010027842023,DLHC01,"High Court, Delhi",DL,Delhi,WP_C,2023-01-30,2024-04-22,448,2024_disposed,2023,2024,True,hc
DLHC010036002022,DLHC01,"High Court, Delhi",DL,Delhi,WP_C,2022-01-17,2024-05-27,861,2024_disposed,2022,2024,True,hc
DLHC010037332024,DLHC01,"High Court, Delhi",DL,Delhi,WP_C,2024-02-01,2024-02-07,6,2024_disposed,2024,2024,True,hc
DLHC010321612024,DLHC01,"High Court, Delhi",DL,Delhi,WP_C,2024-05-22,2024-05-27,5,2024_disposed,2024,2024,True,hc
DLHC010321632024,DLHC01,"High Court, Delhi",DL,Delhi,WP_C,2024-05-24,2024-11-06,166,2024_disposed,2024,2024,True,hc
DLHC010321622024,DLHC01,"High Court, Delhi",DL,Delhi,WP_C,2024-05-22,2024-05-27,5,2024_disposed,2024,2024,True,hc
DLHC010342392023,DLHC01,"High Court, Delhi",DL,Delhi,WP_C,2023-08-29,2024-04-08,223,2024_disposed,2023,2024,True,hc
DLHC010342352023,DLHC01,"High Court, Delhi",DL,Delhi,WP_C,2023-08-26,2024-01-10,137,2024_disposed,2023,2024,True,hc
DLHC010342402023,DLHC01,"High Court, Delhi",DL,Delhi,WP_C,2023-08-29,2024-02-15,170,2024_disposed,2023,2024,True,hc
DLHC010342382023,DLHC01,"High Court, Delhi",DL,Delhi,WP_C,2023-08-29,2024-01-29,153,2024_disposed,2023,2024,True,hc
DLHC010342372023,DLHC01,"High Court, Delhi",DL,Delhi,WP_C,2023-08-28,2024-09-30,399,2024_disposed,2023,2024,True,hc
DLHC010389112024,DLHC01,"High Court, Delhi",DL,Delhi,WP_C,2024-07-05,2024-07-08,3,2024_disposed,2024,2024,False,hc
DLHC010389102024,DLHC01,"High Court, Delhi",DL,Delhi,WP_C,2024-07-05,2024-07-10,5,2024_disposed,2024,2024,True,hc
DLHC010389152024,DLHC01,"High Court, Delhi",DL,Delhi,WP_C,2024-07-05,2024-07-09,4,2024_disposed,2024,2024,False,hc
DLHC010389122024,DLHC01,"High Court, Delhi",DL,Delhi,WP_C,2024-07-05,2024-07-08,3,2024_disposed,2024,2024,True,hc
DLHC010389182024,DLHC01,"High Court, Delhi",DL,Delhi,WP_C,2024-07-05,2024-09-10,67,2024_disposed,2024,2024,False,hc
DLHC010389142024,DLHC01,"High Court, Delhi",DL,Delhi,WP_C,2024-07-05,2024-08-17,43,2024_disposed,2024,2024,True,hc
DLHC010024152023,DLHC01,"High Court, Delhi",DL,Delhi,WP_C,2023-01-27,2024-10-04,616,2024_disposed,2023,2024,False,hc
DLHC010027512024,DLHC01,"High Court, Delhi",DL,Delhi,WP_C,2024-01-25,2024-05-21,117,2024_disposed,2024,2024,True,hc
DLHC010027492024,DLHC01,"High Court, Delhi",DL,Delhi,WP_C,2024-01-25,2024-04-22,88,2024_disposed,2024,2024,True,hc
DLHC010023762024,DLHC01,"High Court, Delhi",DL,Delhi,WP_C,2024-01-24,2024-01-25,1,2024_disposed,2024,2024,True,hc
DLHC010025492024,DLHC01,"High Court, Delhi",DL,Delhi,WP_C,2024-01-25,2024-02-19,25,2024_disposed,2024,2024,True,hc
DLHC010030632022,DLHC01,"High Court, Delhi",DL,Delhi,WP_C,2022-01-13,2024-03-13,790,2024_disposed,2022,2024,True,hc
DLHC010030652022,DLHC01,"High Court, Delhi",DL,Delhi,WP_C,2022-01-13,2024-12-23,1075,2024_disposed,2022,2024,True,hc
DLHC010173582023,DLHC01,"High Court, Delhi",DL,Delhi,WP_C,2023-05-08,2024-01-11,248,2024_disposed,2023,2024,False,hc
DLHC010173592023,DLHC01,"High Court, Delhi",DL,Delhi,WP_C,2023-05-03,2024-07-19,443,2024_disposed,2023,2024,False,hc
DLHC010173592020,DLHC01,"High Court, Delhi",DL,Delhi,WP_C,2020-05-28,2024-04-16,1419,2020_filed,2020,2024,True,hc
DLHC010173592020,DLHC01,"High Court, Delhi",DL,Delhi,WP_C,2020-05-28,2024-04-16,1419,2024_disposed,2020,2024,True,hc
DLHC010180782024,DLHC01,"High Court, Delhi",DL,Delhi,WP_C,2024-04-04,2024-05-13,39,2024_disposed,2024,2024,False,hc
DLHC010180802024,DLHC01,"High Court, Delhi",DL,Delhi,WP_C,2024-04-04,2024-04-05,1,2024_disposed,2024,2024,True,hc
DLHC010186162023,DLHC01,"High Court, Delhi",DL,Delhi,WP_C,2023-05-15,2024-04-10,331,2024_disposed,2023,2024,False,hc
DLHC010329292023,DLHC01,"High Court, Delhi",DL,Delhi,WP_C,2023-08-21,2024-09-11,387,2024_disposed,2023,2024,True,hc
DLHC010329302023,DLHC01,"High Court, Delhi",DL,Delhi,WP_C,2023-08-19,2024-05-30,285,2024_disposed,2023,2024,True,hc
DLHC010382052021,DLHC01,"High Court, Delhi",DL,Delhi,WP_C,2021-12-07,2024-10-22,1050,2024_disposed,2021,2024,True,hc
DLHC010373472022,DLHC01,"High Court, Delhi",DL,Delhi,WP_C,2022-09-27,2024-08-20,693,2024_disposed,2022,2024,True,hc
DLHC010188512024,DLHC01,"High Court, Delhi",DL,Delhi,WP_C,2024-04-05,2024-05-13,38,2024_disposed,2024,2024,False,hc
DLHC010365002022,DLHC01,"High Court, Delhi",DL,Delhi,WP_C,2022-09-22,2024-08-09,687,2024_disposed,2022,2024,False,hc
DLHC010206912024,DLHC01,"High Court, Delhi",DL,Delhi,WP_C,2024-04-15,2024-04-16,1,2024_disposed,2024,2024,False,hc
DLHC010206932024,DLHC01,"High Court, Delhi",DL,Delhi,WP_C,2024-04-13,2024-04-16,3,2024_disposed,2024,2024,True,hc
DLHC010214182024,DLHC01,"High Court, Delhi",DL,Delhi,WP_C,2024-04-21,2024-04-22,1,2024_disposed,2024,2024,False,hc
DLHC010214192020,DLHC01,"High Court, Delhi",DL,Delhi,WP_C,2020-08-05,2024-10-08,1525,2020_filed,2020,2024,False,hc
DLHC010214192020,DLHC01,"High Court, Delhi",DL,Delhi,WP_C,2020-08-05,2024-10-08,1525,2024_disposed,2020,2024,False,hc
DLHC010332862023,DLHC01,"High Court, Delhi",DL,Delhi,WP_C,2023-08-23,2024-03-21,211,2024_disposed,2023,2024,True,hc
DLHC010012572024,DLHC01,"High Court, Delhi",DL,Delhi,WP_C,2024-01-09,2024-01-18,9,2024_disposed,2024,2024,False,hc
DLHC010012562024,DLHC01,"High Court, Delhi",DL,Delhi,WP_C,2024-01-11,2024-01-18,7,2024_disposed,2024,2024,False,hc
DLHC010012592024,DLHC01,"High Court, Delhi",DL,Delhi,WP_C,2024-01-09,2024-01-18,9,2024_disposed,2024,2024,False,hc
DLHC010012582024,DLHC01,"High Court, Delhi",DL,Delhi,WP_C,2024-01-09,2024-01-18,9,2024_disposed,2024,2024,False,hc
DLHC010081952023,DLHC01,"High Court, Delhi",DL,Delhi,WP_C,2023-03-07,2024-01-05,304,2024_disposed,2023,2024,True,hc
DLHC010023752024,DLHC01,"High Court, Delhi",DL,Delhi,WP_C,2024-01-24,2024-01-25,1,2024_disposed,2024,2024,True,hc
DLHC010023742024,DLHC01,"High Court, Delhi",DL,Delhi,WP_C,2024-01-23,2024-02-19,27,2024_disposed,2024,2024,True,hc
DLHC010025452023,DLHC01,"High Court, Delhi",DL,Delhi,WP_C,2023-01-28,2024-08-02,552,2024_disposed,2023,2024,True,hc
DLHC010023732024,DLHC01,"High Court, Delhi",DL,Delhi,WP_C,2024-01-23,2024-05-02,100,2024_disposed,2024,2024,True,hc
DLHC010180412024,DLHC01,"High Court, Delhi",DL,Delhi,WP_C,2024-04-03,2024-04-05,2,2024_disposed,2024,2024,True,hc
DLHC010180442024,DLHC01,"High Court, Delhi",DL,Delhi,WP_C,2024-04-04,2024-04-05,1,2024_disposed,2024,2024,True,hc
DLHC010191062023,DLHC01,"High Court, Delhi",DL,Delhi,WP_C,2023-05-16,2024-08-12,454,2024_disposed,2023,2024,True,hc
DLHC010196502024,DLHC01,"High Court, Delhi",DL,Delhi,WP_C,2024-04-09,2024-04-10,1,2024_disposed,2024,2024,True,hc
DLHC010205732020,DLHC01,"High Court, Delhi",DL,Delhi,WP_C,2020-07-25,2024-12-20,1609,2020_filed,2020,2024,True,hc
DLHC010205732020,DLHC01,"High Court, Delhi",DL,Delhi,WP_C,2020-07-25,2024-12-20,1609,2024_disposed,2020,2024,True,hc
DLHC010196522024,DLHC01,"High Court, Delhi",DL,Delhi,WP_C,2024-04-09,2024-04-25,16,2024_disposed,2024,2024,True,hc
DLHC010196512023,DLHC01,"High Court, Delhi",DL,Delhi,WP_C,2023-05-12,2024-04-02,326,2024_disposed,2023,2024,True,hc
DLHC010174582024,DLHC01,"High Court, Delhi",DL,Delhi,WP_C,2024-03-29,2024-11-11,227,2024_disposed,2024,2024,False,hc
MHKO010051492018,MHKO01,DISTRICT AND SESSIONS COURT KOLHAPUR,MH,Maharashtra,MACA,2018-12-03,2024-07-31,2067,2024_disposed,2018,2024,True,district
MHNS010001372023,MHNS01,DISTRICT AND SESSIONS COURT NASHIK,MH,Maharashtra,MACA,2022-12-16,2024-05-09,510,2024_disposed,2022,2024,True,district
MHNS010001372021,MHNS01,DISTRICT AND SESSIONS COURT NASHIK,MH,Maharashtra,MACA,2021-01-04,2024-11-13,1409,2024_disposed,2021,2024,True,district
MHTH060013872022,MHTH06,ADDL.DIST. SESSIONS COURT KALYAN,MH,Maharashtra,MACA,2022-04-20,2024-12-14,969,2024_disposed,2022,2024,True,district
MHKO010051552018,MHKO01,DISTRICT AND SESSIONS COURT KOLHAPUR,MH,Maharashtra,MACA,2018-12-04,2024-09-23,2120,2024_disposed,2018,2024,True,district
MHCH010009072018,MHCH01,DISTRICT AND SESSIONS COURT CHANDRAPUR MAH.,MH,Maharashtra,MACA,2018-04-12,2024-02-20,2140,2024_disposed,2018,2024,True,district
MHTH010004612023,MHTH01,"DISTRICT AND SESSIONS COURT, THANE",MH,Maharashtra,MACA,2023-01-16,2024-03-03,412,2024_disposed,2023,2024,True,district
MHTH010004602023,MHTH01,"DISTRICT AND SESSIONS COURT, THANE",MH,Maharashtra,MACA,2023-01-16,2024-03-03,412,2024_disposed,2023,2024,True,district
MHTH010004592024,MHTH01,"DISTRICT AND SESSIONS COURT, THANE",MH,Maharashtra,MACA,2024-01-29,2024-12-14,320,2024_disposed,2024,2024,True,district
MHTH010004602024,MHTH01,"DISTRICT AND SESSIONS COURT, THANE",MH,Maharashtra,MACA,2024-01-29,2024-07-27,180,2024_disposed,2024,2024,True,district
MHTH010004522022,MHTH01,"DISTRICT AND SESSIONS COURT, THANE",MH,Maharashtra,MACA,2022-01-17,2024-07-27,922,2024_disposed,2022,2024,True,district
MHTH010004622023,MHTH01,"DISTRICT AND SESSIONS COURT, THANE",MH,Maharashtra,MACA,2023-01-16,2024-12-14,698,2024_disposed,2023,2024,True,district
MHDH010004382024,MHDH01,"DISTRICT AND SESSIONS COURT, DHULE",MH,Maharashtra,MACA,2024-01-23,2024-07-27,186,2024_disposed,2024,2024,True,district
MHAM010007292022,MHAM01,DISTRICT AND SESSIONS COURT AMRAVATI,MH,Maharashtra,MACA,2022-02-01,2024-10-22,994,2024_disposed,2022,2024,True,district
MHAM010007302020,MHAM01,DISTRICT AND SESSIONS COURT AMRAVATI,MH,Maharashtra,MACA,2020-02-10,2024-06-12,1584,2020_filed,2020,2024,True,district
MHAM010007302020,MHAM01,DISTRICT AND SESSIONS COURT AMRAVATI,MH,Maharashtra,MACA,2020-02-10,2024-06-12,1584,2024_disposed,2020,2024,True,district
MHSO050011332020,MHSO05,"District Court, Pandharpur",MH,Maharashtra,MACA,2020-09-22,2024-09-28,1467,2020_filed,2020,2024,True,district
MHSO050011332020,MHSO05,"District Court, Pandharpur",MH,Maharashtra,MACA,2020-09-22,2024-09-28,1467,2024_disposed,2020,2024,True,district
MHAU010043202020,MHAU01,DISTRICT AND SESSIONS COURT AURANGABAD.,MH,Maharashtra,MACA,2020-10-13,2024-06-27,1353,2020_filed,2020,2024,True,district
MHAU010043202020,MHAU01,DISTRICT AND SESSIONS COURT AURANGABAD.,MH,Maharashtra,MACA,2020-10-13,2024-06-27,1353,2024_disposed,2020,2024,True,district
MHAU010056982021,MHAU01,DISTRICT AND SESSIONS COURT AURANGABAD.,MH,Maharashtra,MACA,2021-10-22,2024-07-30,1012,2024_disposed,2021,2024,True,district
MHYA010010492018,MHYA01,"District and Sessions Court, Yavatmal",MH,Maharashtra,MACA,2018-06-06,2024-12-14,2383,2024_disposed,2018,2024,True,district
MHYA010015882023,MHYA01,"District and Sessions Court, Yavatmal",MH,Maharashtra,MACA,2023-07-07,2024-10-18,469,2024_disposed,2023,2024,True,district
MHOS010000892014,MHOS01,PRINCIPAL DISTRICT AND SESSIONS COURT OSMANABAD,MH,Maharashtra,MACA,2014-01-10,2024-02-02,3675,2024_disposed,2014,2024,True,district
MHYA010018352020,MHYA01,"District and Sessions Court, Yavatmal",MH,Maharashtra,MACA,2020-12-29,2024-03-03,1160,2020_filed,2020,2024,True,district
MHYA010018352020,MHYA01,"District and Sessions Court, Yavatmal",MH,Maharashtra,MACA,2020-12-29,2024-03-03,1160,2024_disposed,2020,2024,True,district
MHAU010035862021,MHAU01,DISTRICT AND SESSIONS COURT AURANGABAD.,MH,Maharashtra,MACA,2021-07-17,2024-08-17,1127,2024_disposed,2021,2024,True,district
MHAU010035852020,MHAU01,DISTRICT AND SESSIONS COURT AURANGABAD.,MH,Maharashtra,MACA,2020-09-10,2024-10-07,1488,2020_filed,2020,2024,True,district
MHAU010035852020,MHAU01,DISTRICT AND SESSIONS COURT AURANGABAD.,MH,Maharashtra,MACA,2020-09-10,2024-10-07,1488,2024_disposed,2020,2024,True,district
MHMT010013512020,MHMT01,"Motor Accident Claims Tribunal, Mumbai",MH,Maharashtra,MACA,2020-12-14,2024-03-21,1193,2020_filed,2020,2024,True,district
MHMT010013512020,MHMT01,"Motor Accident Claims Tribunal, Mumbai",MH,Maharashtra,MACA,2020-12-14,2024-03-21,1193,2024_disposed,2020,2024,True,district
MHMT010013522024,MHMT01,"Motor Accident Claims Tribunal, Mumbai",MH,Maharashtra,MACA,2024-05-09,2024-07-04,56,2024_disposed,2024,2024,False,district
MHMT010013562021,MHMT01,"Motor Accident Claims Tribunal, Mumbai",MH,Maharashtra,MACA,2021-06-30,2024-03-03,977,2024_disposed,2021,2024,True,district
MHMT010013562024,MHMT01,"Motor Accident Claims Tribunal, Mumbai",MH,Maharashtra,MACA,2024-06-10,2024-07-15,35,2024_disposed,2024,2024,False,district
MHNS010040412023,MHNS01,DISTRICT AND SESSIONS COURT NASHIK,MH,Maharashtra,MACA,2023-06-26,2024-03-03,251,2024_disposed,2023,2024,True,district
MHTH150008922023,MHTH15,ADDIL. DISTRICT AND SESSEIONS COURT PALGHAR,MH,Maharashtra,MACA,2023-10-18,2024-12-14,423,2024_disposed,2023,2024,True,district
MHBI040013452022,MHBI04,DISTRICT JUDGE-1 ADDL.SESSIONS COURT AMBAJOGAI.,MH,Maharashtra,MACA,2022-10-18,2024-11-05,749,2024_disposed,2022,2024,True,district
MHND010008062016,MHND01,DISTRICT AND SESSIONS COURT NANDED,MH,Maharashtra,MACA,2016-04-01,2024-08-30,3073,2024_disposed,2016,2024,True,district
MHNS010040942020,MHNS01,DISTRICT AND SESSIONS COURT NASHIK,MH,Maharashtra,MACA,2020-09-11,2024-07-27,1415,2020_filed,2020,2024,True,district
MHNS010040942020,MHNS01,DISTRICT AND SESSIONS COURT NASHIK,MH,Maharashtra,MACA,2020-09-11,2024-07-27,1415,2024_disposed,2020,2024,True,district
MHND010002152017,MHND01,DISTRICT AND SESSIONS COURT NANDED,MH,Maharashtra,MACA,2017-01-24,2024-07-03,2717,2024_disposed,2017,2024,True,district
MHNS010010492021,MHNS01,DISTRICT AND SESSIONS COURT NASHIK,MH,Maharashtra,MACA,2021-02-09,2024-11-27,1387,2024_disposed,2021,2024,True,district
MHNS010010722021,MHNS01,DISTRICT AND SESSIONS COURT NASHIK,MH,Maharashtra,MACA,2021-02-12,2024-02-17,1100,2024_disposed,2021,2024,True,district
MHNS010013962024,MHNS01,DISTRICT AND SESSIONS COURT NASHIK,MH,Maharashtra,MACA,2024-02-22,2024-12-11,293,2024_disposed,2024,2024,True,district
MHNS010013962018,MHNS01,DISTRICT AND SESSIONS COURT NASHIK,MH,Maharashtra,MACA,2018-03-07,2024-03-21,2206,2024_disposed,2018,2024,True,district
MHNS010040932020,MHNS01,DISTRICT AND SESSIONS COURT NASHIK,MH,Maharashtra,MACA,2020-09-11,2024-03-16,1282,2020_filed,2020,2024,True,district
MHNS010040932020,MHNS01,DISTRICT AND SESSIONS COURT NASHIK,MH,Maharashtra,MACA,2020-09-11,2024-03-16,1282,2024_disposed,2020,2024,True,district
MHND010009602024,MHND01,DISTRICT AND SESSIONS COURT NANDED,MH,Maharashtra,MACA,2024-03-26,2024-07-27,123,2024_disposed,2024,2024,True,district
MHND010008072016,MHND01,DISTRICT AND SESSIONS COURT NANDED,MH,Maharashtra,MACA,2016-03-29,2024-08-30,3076,2024_disposed,2016,2024,True,district
MHNS010047332018,MHNS01,DISTRICT AND SESSIONS COURT NASHIK,MH,Maharashtra,MACA,2018-08-14,2024-01-30,1995,2024_disposed,2018,2024,True,district
MHNS010047372022,MHNS01,DISTRICT AND SESSIONS COURT NASHIK,MH,Maharashtra,MACA,2022-08-18,2024-12-14,849,2024_disposed,2022,2024,True,district
MHNS010047362022,MHNS01,DISTRICT AND SESSIONS COURT NASHIK,MH,Maharashtra,MACA,2022-08-18,2024-09-28,772,2024_disposed,2022,2024,True,district
MHAH040002572023,MHAH04,DISTRICT SESSIONS COURT SHRIRAMPUR,MH,Maharashtra,MACA,2023-03-29,2024-07-27,486,2024_disposed,2023,2024,True,district
MHAH040004312022,MHAH04,DISTRICT SESSIONS COURT SHRIRAMPUR,MH,Maharashtra,MACA,2022-06-10,2024-10-04,847,2024_disposed,2022,2024,True,district
MHAH040005832023,MHAH04,DISTRICT SESSIONS COURT SHRIRAMPUR,MH,Maharashtra,MACA,2023-07-10,2024-12-14,523,2024_disposed,2023,2024,True,district
MHAH040004322022,MHAH04,DISTRICT SESSIONS COURT SHRIRAMPUR,MH,Maharashtra,MACA,2022-06-10,2024-10-03,846,2024_disposed,2022,2024,True,district
MHST010022082019,MHST01,DISTRICT SESSIONS COURT SATARA.,MH,Maharashtra,MACA,2019-07-06,2024-04-03,1733,2024_disposed,2019,2024,True,district
MHBH010007472018,MHBH01,DISTRICT SESSIONS COURT BHANDARA,MH,Maharashtra,MACA,2018-10-12,2024-06-28,2086,2024_disposed,2018,2024,True,district
MHST010021132022,MHST01,DISTRICT SESSIONS COURT SATARA.,MH,Maharashtra,MACA,2022-07-26,2024-09-25,792,2024_disposed,2022,2024,True,district
MHST010021132018,MHST01,DISTRICT SESSIONS COURT SATARA.,MH,Maharashtra,MACA,2018-06-30,2024-02-04,2045,2024_disposed,2018,2024,False,district
MHST010023022021,MHST01,DISTRICT SESSIONS COURT SATARA.,MH,Maharashtra,MACA,2021-10-13,2024-02-04,844,2024_disposed,2021,2024,False,district
MHST010023002019,MHST01,DISTRICT SESSIONS COURT SATARA.,MH,Maharashtra,MACA,2019-07-16,2024-01-16,1645,2024_disposed,2019,2024,True,district
MHAM010041802023,MHAM01,DISTRICT AND SESSIONS COURT AMRAVATI,MH,Maharashtra,MACA,2023-08-14,2024-12-14,488,2024_disposed,2023,2024,True,district
MHAM010024182023,MHAM01,DISTRICT AND SESSIONS COURT AMRAVATI,MH,Maharashtra,MACA,2023-04-28,2024-07-27,456,2024_disposed,2023,2024,True,district
MHAM010041782023,MHAM01,DISTRICT AND SESSIONS COURT AMRAVATI,MH,Maharashtra,MACA,2023-08-14,2024-09-28,411,2024_disposed,2023,2024,True,district
MHAM010041792023,MHAM01,DISTRICT AND SESSIONS COURT AMRAVATI,MH,Maharashtra,MACA,2023-08-14,2024-12-14,488,2024_disposed,2023,2024,True,district
MHAM010053822023,MHAM01,DISTRICT AND SESSIONS COURT AMRAVATI,MH,Maharashtra,MACA,2023-10-20,2024-01-09,81,2024_disposed,2023,2024,False,district
MHAM010041772023,MHAM01,DISTRICT AND SESSIONS COURT AMRAVATI,MH,Maharashtra,MACA,2023-08-14,2024-09-28,411,2024_disposed,2023,2024,True,district
MHAM010053872022,MHAM01,DISTRICT AND SESSIONS COURT AMRAVATI,MH,Maharashtra,MACA,2022-11-05,2024-02-29,481,2024_disposed,2022,2024,True,district
MHDH010031832024,MHDH01,"DISTRICT AND SESSIONS COURT, DHULE",MH,Maharashtra,MACA,2024-09-13,2024-12-14,92,2024_disposed,2024,2024,True,district
MHKO040004482020,MHKO04,"DISTRICT COURT, ICHALKARANJI",MH,Maharashtra,MACA,2020-07-01,2024-03-21,1359,2020_filed,2020,2024,True,district
MHKO040004482020,MHKO04,"DISTRICT COURT, ICHALKARANJI",MH,Maharashtra,MACA,2020-07-01,2024-03-21,1359,2024_disposed,2020,2024,True,district
MHPU140009962016,MHPU14,ADDITIONAL DISTRICT AND SESSIONS COURT BARAMATI,MH,Maharashtra,MACA,2016-04-30,2024-03-03,2864,2024_disposed,2016,2024,True,district
MHKO010006272022,MHKO01,DISTRICT AND SESSIONS COURT KOLHAPUR,MH,Maharashtra,MACA,2022-02-15,2024-07-27,893,2024_disposed,2022,2024,True,district
MHKO010011962019,MHKO01,DISTRICT AND SESSIONS COURT KOLHAPUR,MH,Maharashtra,MACA,2019-03-16,2024-12-14,2100,2024_disposed,2019,2024,True,district
MHAH070006162023,MHAH07,District and Addl. Sessions Court Sangamner Dist. Ahmednagar,MH,Maharashtra,MACA,2023-08-01,2024-11-13,470,2024_disposed,2023,2024,True,district
MHAH070005812024,MHAH07,District and Addl. Sessions Court Sangamner Dist. Ahmednagar,MH,Maharashtra,MACA,2024-06-25,2024-07-30,35,2024_disposed,2024,2024,True,district
MHSN010042952018,MHSN01,DISTRICT AND SESSIONS COURT SANGLI,MH,Maharashtra,MACA,2018-12-01,2024-02-05,1892,2024_disposed,2018,2024,False,district
MHPU140001662024,MHPU14,ADDITIONAL DISTRICT AND SESSIONS COURT BARAMATI,MH,Maharashtra,MACA,2024-01-16,2024-01-23,7,2024_disposed,2024,2024,True,district
MHPU140002972024,MHPU14,ADDITIONAL DISTRICT AND SESSIONS COURT BARAMATI,MH,Maharashtra,MACA,2024-01-20,2024-02-02,13,2024_disposed,2024,2024,True,district
MHPU140004132021,MHPU14,ADDITIONAL DISTRICT AND SESSIONS COURT BARAMATI,MH,Maharashtra,MACA,2021-02-16,2024-03-03,1111,2024_disposed,2021,2024,True,district
MHYA010009952017,MHYA01,"District and Sessions Court, Yavatmal",MH,Maharashtra,MACA,2017-06-06,2024-02-29,2459,2024_disposed,2017,2024,True,district
MHSN010030582009,MHSN01,DISTRICT AND SESSIONS COURT SANGLI,MH,Maharashtra,MACA,2009-12-01,2024-04-01,5235,2024_disposed,2009,2024,True,district
MHSN010030682019,MHSN01,DISTRICT AND SESSIONS COURT SANGLI,MH,Maharashtra,MACA,2019-07-26,2024-02-05,1655,2024_disposed,2019,2024,False,district
MHRT040007142019,MHRT04,"District Court-1 Addl. Session Court, Khed",MH,Maharashtra,MACA,2019-08-23,2024-03-03,1654,2024_disposed,2019,2024,True,district
MHAM040002052023,MHAM04,COURT OF DISTRICT JUDGE-1 ACHALPUR,MH,Maharashtra,MACA,2023-02-04,2024-09-27,601,2024_disposed,2023,2024,True,district
MHYA080002382022,MHYA08,DISTRICT JUDGE-1 And ADDL. SESSIONS JUDGE KELAPUR.,MH,Maharashtra,MACA,2022-05-04,2024-07-27,815,2024_disposed,2022,2024,True,district
MHND050003762020,MHND05,DIST. JUDGE-1 ADDL. SESSIONS JUDGE BILOLI,MH,Maharashtra,MACA,2020-07-08,2024-06-11,1434,2020_filed,2020,2024,True,district
MHND050003762020,MHND05,DIST. JUDGE-1 ADDL. SESSIONS JUDGE BILOLI,MH,Maharashtra,MACA,2020-07-08,2024-06-11,1434,2024_disposed,2020,2024,True,district
MHPU010042052020,MHPU01,DISTRICT AND SESSIONS COURT PUNE MAHARASHTRA,MH,Maharashtra,MACA,2020-01-22,2024-09-20,1703,2020_filed,2020,2024,True,district
MHPU010042052020,MHPU01,DISTRICT AND SESSIONS COURT PUNE MAHARASHTRA,MH,Maharashtra,MACA,2020-01-22,2024-09-20,1703,2024_disposed,2020,2024,True,district
MHST190004492023,MHST19,Additional District Court Wai,MH,Maharashtra,MACA,2017-09-29,2024-05-08,2413,2024_disposed,2017,2024,True,district
MHBI010005062022,MHBI01,DIST.AND SESSION COURT BEED,MH,Maharashtra,MACA,2022-02-03,2024-03-03,759,2024_disposed,2022,2024,True,district
MHNS010022382016,MHNS01,DISTRICT AND SESSIONS COURT NASHIK,MH,Maharashtra,MACA,2016-05-09,2024-02-09,2832,2024_disposed,2016,2024,True,district
MHNS010025722021,MHNS01,DISTRICT AND SESSIONS COURT NASHIK,MH,Maharashtra,MACA,2021-06-07,2024-07-27,1146,2024_disposed,2021,2024,True,district
MHNS010003552016,MHNS01,DISTRICT AND SESSIONS COURT NASHIK,MH,Maharashtra,MACA,2016-01-22,2024-05-08,3029,2024_disposed,2016,2024,True,district
MHNS010027662021,MHNS01,DISTRICT AND SESSIONS COURT NASHIK,MH,Maharashtra,MACA,2021-06-21,2024-07-27,1132,2024_disposed,2021,2024,True,district
MHNS010027672024,MHNS01,DISTRICT AND SESSIONS COURT NASHIK,MH,Maharashtra,MACA,2024-04-15,2024-12-14,243,2024_disposed,2024,2024,True,district
MHNS010037772021,MHNS01,DISTRICT AND SESSIONS COURT NASHIK,MH,Maharashtra,MACA,2021-07-12,2024-07-16,1100,2024_disposed,2021,2024,True,district
MHPU210000592020,MHPU21,"ADDL. DISTRICT COURT, KHED",MH,Maharashtra,MACA,2020-01-10,2024-07-25,1658,2020_filed,2020,2024,True,district
MHPU210000592020,MHPU21,"ADDL. DISTRICT COURT, KHED",MH,Maharashtra,MACA,2020-01-10,2024-07-25,1658,2024_disposed,2020,2024,True,district
MHAU040007442021,MHAU04,DISTRICT AND ADDITIONAL SESSIONS COURT VAIJAPUR DIST. AURANGABAD.,MH,Maharashtra,MACA,2021-09-02,2024-04-25,966,2024_disposed,2021,2024,True,district
MHTH060035762023,MHTH06,ADDL.DIST. SESSIONS COURT KALYAN,MH,Maharashtra,MACA,2023-10-16,2024-07-27,285,2024_disposed,2023,2024,True,district
MHRG150005512018,MHRG15,DISTRICT AND ADDITIONAL SESSIONS COURT MANGAON,MH,Maharashtra,MACA,2018-06-26,2024-07-18,2214,2024_disposed,2018,2024,True,district
MHNS010040422023,MHNS01,DISTRICT AND SESSIONS COURT NASHIK,MH,Maharashtra,MACA,2023-06-26,2024-03-03,251,2024_disposed,2023,2024,True,district
MHYA080005442023,MHYA08,DISTRICT JUDGE-1 And ADDL. SESSIONS JUDGE KELAPUR.,MH,Maharashtra,MACA,2023-09-29,2024-09-28,365,2024_disposed,2023,2024,True,district
MHOS010000372023,MHOS01,PRINCIPAL DISTRICT AND SESSIONS COURT OSMANABAD,MH,Maharashtra,MACA,2023-01-06,2024-12-14,708,2024_disposed,2023,2024,True,district
MHNS010026632017,MHNS01,DISTRICT AND SESSIONS COURT NASHIK,MH,Maharashtra,MACA,2017-04-15,2024-05-15,2587,2024_disposed,2017,2024,True,district
MHNS010033302020,MHNS01,DISTRICT AND SESSIONS COURT NASHIK,MH,Maharashtra,MACA,2020-07-28,2024-05-14,1386,2020_filed,2020,2024,True,district
MHNS010033302020,MHNS01,DISTRICT AND SESSIONS COURT NASHIK,MH,Maharashtra,MACA,2020-07-28,2024-05-14,1386,2024_disposed,2020,2024,True,district
MHNS010033312020,MHNS01,DISTRICT AND SESSIONS COURT NASHIK,MH,Maharashtra,MACA,2020-07-28,2024-05-14,1386,2020_filed,2020,2024,True,district
MHNS010033312020,MHNS01,DISTRICT AND SESSIONS COURT NASHIK,MH,Maharashtra,MACA,2020-07-28,2024-05-14,1386,2024_disposed,2020,2024,True,district
MHNS010033322020,MHNS01,DISTRICT AND SESSIONS COURT NASHIK,MH,Maharashtra,MACA,2020-07-28,2024-05-14,1386,2020_filed,2020,2024,True,district
MHNS010033322020,MHNS01,DISTRICT AND SESSIONS COURT NASHIK,MH,Maharashtra,MACA,2020-07-28,2024-05-14,1386,2024_disposed,2020,2024,True,district
HCBM010256602024,HCBM01,"Bombay HC (Principal, Appellate)",MH,Maharashtra,BA,2024-05-09,2024-08-21,104,2024_disposed,2024,2024,True,hc
HCBM010246652020,HCBM01,"Bombay HC (Principal, Appellate)",MH,Maharashtra,BA,2020-12-03,2024-01-05,1128,2020_filed,2020,2024,True,hc
HCBM010246652020,HCBM01,"Bombay HC (Principal, Appellate)",MH,Maharashtra,BA,2020-12-03,2024-01-05,1128,2024_disposed,2020,2024,True,hc
HCBM010346972023,HCBM01,"Bombay HC (Principal, Appellate)",MH,Maharashtra,BA,2023-08-01,2024-01-03,155,2024_disposed,2023,2024,True,hc
HCBM010010662024,HCBM01,"Bombay HC (Principal, Appellate)",MH,Maharashtra,BA,2024-01-05,2024-08-26,234,2024_disposed,2024,2024,True,hc
HCBM010342962024,HCBM01,"Bombay HC (Principal, Appellate)",MH,Maharashtra,BA,2024-07-12,2024-09-05,55,2024_disposed,2024,2024,True,hc
HCBM010342972024,HCBM01,"Bombay HC (Principal, Appellate)",MH,Maharashtra,BA,2024-07-12,2024-12-13,154,2024_disposed,2024,2024,True,hc
HCBM010026302024,HCBM01,"Bombay HC (Principal, Appellate)",MH,Maharashtra,BA,2024-01-15,2024-10-04,263,2024_disposed,2024,2024,True,hc
HCBM010017782024,HCBM01,"Bombay HC (Principal, Appellate)",MH,Maharashtra,BA,2024-01-10,2024-10-03,267,2024_disposed,2024,2024,True,hc
HCBM010219432024,HCBM01,"Bombay HC (Principal, Appellate)",MH,Maharashtra,BA,2024-04-24,2024-10-03,162,2024_disposed,2024,2024,True,hc
HCBM010220512022,HCBM01,"Bombay HC (Principal, Appellate)",MH,Maharashtra,BA,2022-06-01,2024-08-01,792,2024_disposed,2022,2024,True,hc
HCBM010034902024,HCBM01,"Bombay HC (Principal, Appellate)",MH,Maharashtra,BA,2024-01-18,2024-01-25,7,2024_disposed,2024,2024,True,hc
HCBM010548602023,HCBM01,"Bombay HC (Principal, Appellate)",MH,Maharashtra,BA,2023-11-30,2024-07-22,235,2024_disposed,2023,2024,True,hc
HCBM010111562023,HCBM01,"Bombay HC (Principal, Appellate)",MH,Maharashtra,BA,2023-03-04,2024-05-06,429,2024_disposed,2023,2024,True,hc
HCBM010111572023,HCBM01,"Bombay HC (Principal, Appellate)",MH,Maharashtra,BA,2023-03-04,2024-03-27,389,2024_disposed,2023,2024,True,hc
HCBM010117732024,HCBM01,"Bombay HC (Principal, Appellate)",MH,Maharashtra,BA,2024-03-01,2024-07-24,145,2024_disposed,2024,2024,True,hc
HCBM010034842024,HCBM01,"Bombay HC (Principal, Appellate)",MH,Maharashtra,BA,2024-01-18,2024-01-30,12,2024_disposed,2024,2024,True,hc
HCBM010033572024,HCBM01,"Bombay HC (Principal, Appellate)",MH,Maharashtra,BA,2024-01-18,2024-02-02,15,2024_disposed,2024,2024,True,hc
HCBM010531732023,HCBM01,"Bombay HC (Principal, Appellate)",MH,Maharashtra,BA,2023-11-09,2024-10-09,335,2024_disposed,2023,2024,True,hc
HCBM010198002023,HCBM01,"Bombay HC (Principal, Appellate)",MH,Maharashtra,BA,2023-04-21,2024-01-23,277,2024_disposed,2023,2024,True,hc
HCBM010205122024,HCBM01,"Bombay HC (Principal, Appellate)",MH,Maharashtra,BA,2024-04-18,2024-10-14,179,2024_disposed,2024,2024,True,hc
HCBM010205132021,HCBM01,"Bombay HC (Principal, Appellate)",MH,Maharashtra,BA,2021-06-10,2024-01-10,944,2024_disposed,2021,2024,True,hc
HCBM010117442024,HCBM01,"Bombay HC (Principal, Appellate)",MH,Maharashtra,BA,2024-03-01,2024-03-05,4,2024_disposed,2024,2024,True,hc
HCBM010138782024,HCBM01,"Bombay HC (Principal, Appellate)",MH,Maharashtra,BA,2024-03-13,2024-10-24,225,2024_disposed,2024,2024,True,hc
HCBM010026962024,HCBM01,"Bombay HC (Principal, Appellate)",MH,Maharashtra,BA,2024-01-15,2024-10-17,276,2024_disposed,2024,2024,True,hc
HCBM010227692022,HCBM01,"Bombay HC (Principal, Appellate)",MH,Maharashtra,BA,2022-06-07,2024-01-30,602,2024_disposed,2022,2024,True,hc
HCBM010235362024,HCBM01,"Bombay HC (Principal, Appellate)",MH,Maharashtra,BA,2024-05-02,2024-08-23,113,2024_disposed,2024,2024,True,hc
HCBM010235362023,HCBM01,"Bombay HC (Principal, Appellate)",MH,Maharashtra,BA,2023-05-15,2024-04-23,344,2024_disposed,2023,2024,True,hc
HCBM010190572024,HCBM01,"Bombay HC (Principal, Appellate)",MH,Maharashtra,BA,2024-04-10,2024-10-01,174,2024_disposed,2024,2024,True,hc
HCBM010358742023,HCBM01,"Bombay HC (Principal, Appellate)",MH,Maharashtra,BA,2023-08-07,2024-02-21,198,2024_disposed,2023,2024,True,hc
HCBM010011012024,HCBM01,"Bombay HC (Principal, Appellate)",MH,Maharashtra,BA,2024-01-05,2024-03-02,57,2024_disposed,2024,2024,True,hc
HCBM010018242024,HCBM01,"Bombay HC (Principal, Appellate)",MH,Maharashtra,BA,2024-01-10,2024-12-19,344,2024_disposed,2024,2024,True,hc
HCBM010216772024,HCBM01,"Bombay HC (Principal, Appellate)",MH,Maharashtra,BA,2024-04-23,2024-06-20,58,2024_disposed,2024,2024,True,hc
HCBM010020952024,HCBM01,"Bombay HC (Principal, Appellate)",MH,Maharashtra,BA,2024-01-11,2024-08-12,214,2024_disposed,2024,2024,True,hc
HCBM010132642023,HCBM01,"Bombay HC (Principal, Appellate)",MH,Maharashtra,BA,2023-03-17,2024-04-10,390,2024_disposed,2023,2024,True,hc
HCBM010352082024,HCBM01,"Bombay HC (Principal, Appellate)",MH,Maharashtra,BA,2024-07-18,2024-08-13,26,2024_disposed,2024,2024,True,hc
HCBM010356142024,HCBM01,"Bombay HC (Principal, Appellate)",MH,Maharashtra,BA,2024-07-19,2024-11-21,125,2024_disposed,2024,2024,True,hc
HCBM010086892022,HCBM01,"Bombay HC (Principal, Appellate)",MH,Maharashtra,BA,2022-02-26,2024-04-08,772,2024_disposed,2022,2024,True,hc
HCBM010332882024,HCBM01,"Bombay HC (Principal, Appellate)",MH,Maharashtra,BA,2024-07-06,2024-12-20,167,2024_disposed,2024,2024,True,hc
HCBM010034892024,HCBM01,"Bombay HC (Principal, Appellate)",MH,Maharashtra,BA,2024-01-18,2024-01-30,12,2024_disposed,2024,2024,True,hc
HCBM010062232024,HCBM01,"Bombay HC (Principal, Appellate)",MH,Maharashtra,BA,2024-02-02,2024-02-23,21,2024_disposed,2024,2024,True,hc
HCBM010218772024,HCBM01,"Bombay HC (Principal, Appellate)",MH,Maharashtra,BA,2024-04-24,2024-08-07,105,2024_disposed,2024,2024,True,hc
HCBM010223712024,HCBM01,"Bombay HC (Principal, Appellate)",MH,Maharashtra,BA,2024-04-26,2024-07-22,87,2024_disposed,2024,2024,True,hc
HCBM010224932024,HCBM01,"Bombay HC (Principal, Appellate)",MH,Maharashtra,BA,2024-04-26,2024-05-06,10,2024_disposed,2024,2024,True,hc
HCBM010045542023,HCBM01,"Bombay HC (Principal, Appellate)",MH,Maharashtra,BA,2023-01-25,2024-01-09,349,2024_disposed,2023,2024,True,hc
HCBM010044702024,HCBM01,"Bombay HC (Principal, Appellate)",MH,Maharashtra,BA,2024-01-24,2024-06-13,141,2024_disposed,2024,2024,True,hc
HCBM010055462024,HCBM01,"Bombay HC (Principal, Appellate)",MH,Maharashtra,BA,2024-01-30,2024-03-15,45,2024_disposed,2024,2024,True,hc
HCBM010057892024,HCBM01,"Bombay HC (Principal, Appellate)",MH,Maharashtra,BA,2024-01-31,2024-03-21,50,2024_disposed,2024,2024,True,hc
HCBM010109932024,HCBM01,"Bombay HC (Principal, Appellate)",MH,Maharashtra,BA,2024-02-27,2024-03-20,22,2024_disposed,2024,2024,True,hc
HCBM010329172023,HCBM01,"Bombay HC (Principal, Appellate)",MH,Maharashtra,BA,2023-07-21,2024-06-28,343,2024_disposed,2023,2024,True,hc
HCBM010335922023,HCBM01,"Bombay HC (Principal, Appellate)",MH,Maharashtra,BA,2023-07-26,2024-09-27,429,2024_disposed,2023,2024,True,hc
HCBM010057172024,HCBM01,"Bombay HC (Principal, Appellate)",MH,Maharashtra,BA,2024-01-31,2024-08-21,203,2024_disposed,2024,2024,True,hc
HCBM010130382024,HCBM01,"Bombay HC (Principal, Appellate)",MH,Maharashtra,BA,2024-03-08,2024-04-04,27,2024_disposed,2024,2024,True,hc
HCBM010142402024,HCBM01,"Bombay HC (Principal, Appellate)",MH,Maharashtra,BA,2024-03-14,2024-10-16,216,2024_disposed,2024,2024,True,hc
HCBM010117042024,HCBM01,"Bombay HC (Principal, Appellate)",MH,Maharashtra,BA,2024-03-01,2024-09-04,187,2024_disposed,2024,2024,True,hc
HCBM010020972024,HCBM01,"Bombay HC (Principal, Appellate)",MH,Maharashtra,BA,2024-01-11,2024-07-05,176,2024_disposed,2024,2024,True,hc
HCBM010458492023,HCBM01,"Bombay HC (Principal, Appellate)",MH,Maharashtra,BA,2023-10-05,2024-01-22,109,2024_disposed,2023,2024,True,hc
HCBM010004282024,HCBM01,"Bombay HC (Principal, Appellate)",MH,Maharashtra,BA,2024-01-03,2024-09-27,268,2024_disposed,2024,2024,True,hc
HCBM010592162023,HCBM01,"Bombay HC (Principal, Appellate)",MH,Maharashtra,BA,2023-12-21,2024-01-19,29,2024_disposed,2023,2024,True,hc
HCBM010193452022,HCBM01,"Bombay HC (Principal, Appellate)",MH,Maharashtra,BA,2022-05-04,2024-03-13,679,2024_disposed,2022,2024,True,hc
HCBM010193462024,HCBM01,"Bombay HC (Principal, Appellate)",MH,Maharashtra,BA,2024-04-12,2024-06-18,67,2024_disposed,2024,2024,True,hc
HCBM010194492023,HCBM01,"Bombay HC (Principal, Appellate)",MH,Maharashtra,BA,2023-04-20,2024-01-30,285,2024_disposed,2023,2024,True,hc
HCBM010195582023,HCBM01,"Bombay HC (Principal, Appellate)",MH,Maharashtra,BA,2023-04-20,2024-01-10,265,2024_disposed,2023,2024,True,hc
HCBM010194492024,HCBM01,"Bombay HC (Principal, Appellate)",MH,Maharashtra,BA,2024-04-12,2024-11-29,231,2024_disposed,2024,2024,True,hc
HCBM010380792023,HCBM01,"Bombay HC (Principal, Appellate)",MH,Maharashtra,BA,2023-08-19,2024-02-01,166,2024_disposed,2023,2024,True,hc
HCBM010169162023,HCBM01,"Bombay HC (Principal, Appellate)",MH,Maharashtra,BA,2023-04-05,2024-04-04,365,2024_disposed,2023,2024,True,hc
HCBM010176372024,HCBM01,"Bombay HC (Principal, Appellate)",MH,Maharashtra,BA,2024-04-03,2024-07-05,93,2024_disposed,2024,2024,True,hc
HCBM010158692024,HCBM01,"Bombay HC (Principal, Appellate)",MH,Maharashtra,BA,2024-03-22,2024-08-27,158,2024_disposed,2024,2024,True,hc
HCBM010282462022,HCBM01,"Bombay HC (Principal, Appellate)",MH,Maharashtra,BA,2022-07-11,2024-03-07,605,2024_disposed,2022,2024,True,hc
HCBM010289862024,HCBM01,"Bombay HC (Principal, Appellate)",MH,Maharashtra,BA,2024-06-14,2024-06-21,7,2024_disposed,2024,2024,True,hc
HCBM010291082024,HCBM01,"Bombay HC (Principal, Appellate)",MH,Maharashtra,BA,2024-06-14,2024-08-13,60,2024_disposed,2024,2024,True,hc
HCBM010291062024,HCBM01,"Bombay HC (Principal, Appellate)",MH,Maharashtra,BA,2024-06-14,2024-11-19,158,2024_disposed,2024,2024,True,hc
HCBM010292332023,HCBM01,"Bombay HC (Principal, Appellate)",MH,Maharashtra,BA,2023-07-03,2024-04-10,282,2024_disposed,2023,2024,True,hc
HCBM010137162024,HCBM01,"Bombay HC (Principal, Appellate)",MH,Maharashtra,BA,2024-03-12,2024-08-07,148,2024_disposed,2024,2024,True,hc
HCBM010087092024,HCBM01,"Bombay HC (Principal, Appellate)",MH,Maharashtra,BA,2024-02-15,2024-02-21,6,2024_disposed,2024,2024,True,hc
HCBM010514102023,HCBM01,"Bombay HC (Principal, Appellate)",MH,Maharashtra,BA,2023-11-02,2024-05-03,183,2024_disposed,2023,2024,True,hc
HCBM010463682024,HCBM01,"Bombay HC (Principal, Appellate)",MH,Maharashtra,BA,2024-09-18,2024-10-23,35,2024_disposed,2024,2024,True,hc
HCBM010463672024,HCBM01,"Bombay HC (Principal, Appellate)",MH,Maharashtra,BA,2024-09-18,2024-10-18,30,2024_disposed,2024,2024,True,hc
HCBM010463662022,HCBM01,"Bombay HC (Principal, Appellate)",MH,Maharashtra,BA,2022-11-10,2024-05-02,539,2024_disposed,2022,2024,True,hc
HCBM010482242024,HCBM01,"Bombay HC (Principal, Appellate)",MH,Maharashtra,BA,2024-09-26,2024-10-22,26,2024_disposed,2024,2024,True,hc
HCBM010169642023,HCBM01,"Bombay HC (Principal, Appellate)",MH,Maharashtra,BA,2023-04-06,2024-04-04,364,2024_disposed,2023,2024,True,hc
HCBM010182182023,HCBM01,"Bombay HC (Principal, Appellate)",MH,Maharashtra,BA,2023-04-13,2024-01-18,280,2024_disposed,2023,2024,True,hc
HCBM010181002023,HCBM01,"Bombay HC (Principal, Appellate)",MH,Maharashtra,BA,2023-04-13,2024-09-25,531,2024_disposed,2023,2024,True,hc
HCBM010070222024,HCBM01,"Bombay HC (Principal, Appellate)",MH,Maharashtra,BA,2024-02-06,2024-07-05,150,2024_disposed,2024,2024,True,hc
HCBM010287252023,HCBM01,"Bombay HC (Principal, Appellate)",MH,Maharashtra,BA,2023-06-28,2024-02-21,238,2024_disposed,2023,2024,True,hc
HCBM010295962023,HCBM01,"Bombay HC (Principal, Appellate)",MH,Maharashtra,BA,2023-07-04,2024-04-03,274,2024_disposed,2023,2024,True,hc
HCBM010295982023,HCBM01,"Bombay HC (Principal, Appellate)",MH,Maharashtra,BA,2023-07-04,2024-02-28,239,2024_disposed,2023,2024,True,hc
HCBM010295982024,HCBM01,"Bombay HC (Principal, Appellate)",MH,Maharashtra,BA,2024-06-19,2024-12-19,183,2024_disposed,2024,2024,True,hc
HCBM010307632022,HCBM01,"Bombay HC (Principal, Appellate)",MH,Maharashtra,BA,2022-07-26,2024-03-07,590,2024_disposed,2022,2024,True,hc
HCBM010338272024,HCBM01,"Bombay HC (Principal, Appellate)",MH,Maharashtra,BA,2024-07-10,2024-07-31,21,2024_disposed,2024,2024,True,hc
HCBM010163562024,HCBM01,"Bombay HC (Principal, Appellate)",MH,Maharashtra,BA,2024-03-27,2024-04-04,8,2024_disposed,2024,2024,True,hc
HCBM010132352024,HCBM01,"Bombay HC (Principal, Appellate)",MH,Maharashtra,BA,2024-03-08,2024-04-17,40,2024_disposed,2024,2024,True,hc
HCBM010132362024,HCBM01,"Bombay HC (Principal, Appellate)",MH,Maharashtra,BA,2024-03-08,2024-11-25,262,2024_disposed,2024,2024,True,hc
HCBM010315462024,HCBM01,"Bombay HC (Principal, Appellate)",MH,Maharashtra,BA,2024-06-28,2024-09-25,89,2024_disposed,2024,2024,True,hc
HCBM010324992024,HCBM01,"Bombay HC (Principal, Appellate)",MH,Maharashtra,BA,2024-07-03,2024-08-26,54,2024_disposed,2024,2024,True,hc
HCBM010059992024,HCBM01,"Bombay HC (Principal, Appellate)",MH,Maharashtra,BA,2024-02-01,2024-04-10,69,2024_disposed,2024,2024,True,hc
HCBM010111272024,HCBM01,"Bombay HC (Principal, Appellate)",MH,Maharashtra,BA,2024-02-27,2024-08-23,178,2024_disposed,2024,2024,True,hc
HCBM010111252024,HCBM01,"Bombay HC (Principal, Appellate)",MH,Maharashtra,BA,2024-02-27,2024-09-19,205,2024_disposed,2024,2024,True,hc
HCBM010545432023,HCBM01,"Bombay HC (Principal, Appellate)",MH,Maharashtra,BA,2023-11-29,2024-05-09,162,2024_disposed,2023,2024,True,hc
HCBM010550292022,HCBM01,"Bombay HC (Principal, Appellate)",MH,Maharashtra,BA,2022-12-23,2024-02-05,409,2024_disposed,2022,2024,True,hc
HCBM010555622023,HCBM01,"Bombay HC (Principal, Appellate)",MH,Maharashtra,BA,2023-12-04,2024-01-31,58,2024_disposed,2023,2024,True,hc
DLSE010072052024,DLSE01,"District and Sessions Judge, South-East, Saket",DL,Delhi,BA,2024-07-16,2024-08-03,18,2024_disposed,2024,2024,True,district
DLSE010078212024,DLSE01,"District and Sessions Judge, South-East, Saket",DL,Delhi,BA,2024-07-30,2024-08-03,4,2024_disposed,2024,2024,True,district
DLSE010059752024,DLSE01,"District and Sessions Judge, South-East, Saket",DL,Delhi,BA,2024-06-04,2024-06-14,10,2024_disposed,2024,2024,True,district
DLSE010078202024,DLSE01,"District and Sessions Judge, South-East, Saket",DL,Delhi,BA,2024-07-30,2024-08-21,22,2024_disposed,2024,2024,True,district
DLHC010165792024,DLHC01,"High Court, Delhi",DL,Delhi,BA,2024-03-27,2024-04-01,5,2024_disposed,2024,2024,True,hc
DLHC010165802024,DLHC01,"High Court, Delhi",DL,Delhi,BA,2024-03-27,2024-05-13,47,2024_disposed,2024,2024,True,hc
DLHC010165782024,DLHC01,"High Court, Delhi",DL,Delhi,BA,2024-03-27,2024-10-01,188,2024_disposed,2024,2024,True,hc
DLSE010071962024,DLSE01,"District and Sessions Judge, South-East, Saket",DL,Delhi,BA,2024-07-16,2024-07-19,3,2024_disposed,2024,2024,True,district
DLSE010072002024,DLSE01,"District and Sessions Judge, South-East, Saket",DL,Delhi,BA,2024-07-16,2024-08-01,16,2024_disposed,2024,2024,False,district
DLSE010071972024,DLSE01,"District and Sessions Judge, South-East, Saket",DL,Delhi,BA,2024-07-16,2024-07-26,10,2024_disposed,2024,2024,True,district
DLSE010071952024,DLSE01,"District and Sessions Judge, South-East, Saket",DL,Delhi,BA,2024-07-16,2024-07-18,2,2024_disposed,2024,2024,True,district
DLSE010072032024,DLSE01,"District and Sessions Judge, South-East, Saket",DL,Delhi,BA,2024-07-16,2024-07-22,6,2024_disposed,2024,2024,True,district
DLSE010082482024,DLSE01,"District and Sessions Judge, South-East, Saket",DL,Delhi,BA,2024-08-09,2024-08-12,3,2024_disposed,2024,2024,True,district
DLSE010082502024,DLSE01,"District and Sessions Judge, South-East, Saket",DL,Delhi,BA,2024-08-09,2024-08-21,12,2024_disposed,2024,2024,False,district
DLSE010082542024,DLSE01,"District and Sessions Judge, South-East, Saket",DL,Delhi,BA,2024-08-09,2024-08-28,19,2024_disposed,2024,2024,True,district
DLSE010082562024,DLSE01,"District and Sessions Judge, South-East, Saket",DL,Delhi,BA,2024-08-09,2024-08-16,7,2024_disposed,2024,2024,False,district
DLSE010071992024,DLSE01,"District and Sessions Judge, South-East, Saket",DL,Delhi,BA,2024-07-16,2024-07-24,8,2024_disposed,2024,2024,False,district
DLSE010082572024,DLSE01,"District and Sessions Judge, South-East, Saket",DL,Delhi,BA,2024-08-09,2024-08-12,3,2024_disposed,2024,2024,True,district
DLSE010082522024,DLSE01,"District and Sessions Judge, South-East, Saket",DL,Delhi,BA,2024-08-09,2024-08-12,3,2024_disposed,2024,2024,True,district
DLSE010082532024,DLSE01,"District and Sessions Judge, South-East, Saket",DL,Delhi,BA,2024-08-09,2024-08-22,13,2024_disposed,2024,2024,True,district
DLSE010072022024,DLSE01,"District and Sessions Judge, South-East, Saket",DL,Delhi,BA,2024-07-16,2024-09-06,52,2024_disposed,2024,2024,False,district
DLSE010059662024,DLSE01,"District and Sessions Judge, South-East, Saket",DL,Delhi,BA,2024-06-04,2024-06-06,2,2024_disposed,2024,2024,True,district
DLSE010059652024,DLSE01,"District and Sessions Judge, South-East, Saket",DL,Delhi,BA,2024-06-04,2024-06-06,2,2024_disposed,2024,2024,True,district
DLHC010321652021,DLHC01,"High Court, Delhi",DL,Delhi,BA,2021-10-11,2024-01-22,833,2024_disposed,2021,2024,False,hc
DLHC010372732024,DLHC01,"High Court, Delhi",DL,Delhi,BA,2024-07-01,2024-07-02,1,2024_disposed,2024,2024,False,hc
DLHC010372722024,DLHC01,"High Court, Delhi",DL,Delhi,BA,2024-06-30,2024-07-02,2,2024_disposed,2024,2024,False,hc
DLHC010372742024,DLHC01,"High Court, Delhi",DL,Delhi,BA,2024-06-30,2024-08-08,39,2024_disposed,2024,2024,False,hc
DLHC010372762024,DLHC01,"High Court, Delhi",DL,Delhi,BA,2024-06-30,2024-08-28,59,2024_disposed,2024,2024,False,hc
DLHC010372782024,DLHC01,"High Court, Delhi",DL,Delhi,BA,2024-06-27,2024-10-28,123,2024_disposed,2024,2024,True,hc
DLHC010402392023,DLHC01,"High Court, Delhi",DL,Delhi,BA,2023-10-07,2024-02-02,118,2024_disposed,2023,2024,False,hc
DLWT010000412024,DLWT01,"District and Sessions Judge, West, THC",DL,Delhi,BA,2024-01-03,2024-01-04,1,2024_disposed,2024,2024,True,district
DLWT010002082024,DLWT01,"District and Sessions Judge, West, THC",DL,Delhi,BA,2024-01-08,2024-01-09,1,2024_disposed,2024,2024,True,district
DLWT010002092024,DLWT01,"District and Sessions Judge, West, THC",DL,Delhi,BA,2024-01-08,2024-01-09,1,2024_disposed,2024,2024,True,district
DLWT010003942024,DLWT01,"District and Sessions Judge, West, THC",DL,Delhi,BA,2024-01-15,2024-01-22,7,2024_disposed,2024,2024,True,district
DLST010002702024,DLST01,"District and Sessions Judge, South, Saket",DL,Delhi,BA,2024-01-10,2024-01-11,1,2024_disposed,2024,2024,True,district
DLST010002722024,DLST01,"District and Sessions Judge, South, Saket",DL,Delhi,BA,2024-01-10,2024-01-11,1,2024_disposed,2024,2024,True,district
DLST010002742024,DLST01,"District and Sessions Judge, South, Saket",DL,Delhi,BA,2024-01-10,2024-01-11,1,2024_disposed,2024,2024,False,district
DLST010004482024,DLST01,"District and Sessions Judge, South, Saket",DL,Delhi,BA,2024-01-18,2024-03-01,43,2024_disposed,2024,2024,True,district
DLSE010033582024,DLSE01,"District and Sessions Judge, South-East, Saket",DL,Delhi,BA,2024-04-03,2024-04-29,26,2024_disposed,2024,2024,False,district
DLSE010059712024,DLSE01,"District and Sessions Judge, South-East, Saket",DL,Delhi,BA,2024-06-04,2024-06-14,10,2024_disposed,2024,2024,True,district
DLSE010059702024,DLSE01,"District and Sessions Judge, South-East, Saket",DL,Delhi,BA,2024-06-04,2024-06-14,10,2024_disposed,2024,2024,True,district
DLSE010059732024,DLSE01,"District and Sessions Judge, South-East, Saket",DL,Delhi,BA,2024-06-04,2024-06-14,10,2024_disposed,2024,2024,True,district
DLSE010059682024,DLSE01,"District and Sessions Judge, South-East, Saket",DL,Delhi,BA,2024-06-04,2024-06-05,1,2024_disposed,2024,2024,True,district
DLSE010059722024,DLSE01,"District and Sessions Judge, South-East, Saket",DL,Delhi,BA,2024-06-04,2024-06-14,10,2024_disposed,2024,2024,True,district
DLHC010026162024,DLHC01,"High Court, Delhi",DL,Delhi,BA,2024-01-25,2024-04-09,75,2024_disposed,2024,2024,True,hc
DLSW010052352024,DLSW01,"District and Sessions Judge, South-West, DWK",DL,Delhi,BA,2024-05-29,2024-05-30,1,2024_disposed,2024,2024,True,district
DLSW010052362024,DLSW01,"District and Sessions Judge, South-West, DWK",DL,Delhi,BA,2024-05-29,2024-05-30,1,2024_disposed,2024,2024,True,district
DLSW010061772024,DLSW01,"District and Sessions Judge, South-West, DWK",DL,Delhi,BA,2024-07-04,2024-07-05,1,2024_disposed,2024,2024,True,district
DLSW010061752024,DLSW01,"District and Sessions Judge, South-West, DWK",DL,Delhi,BA,2024-07-04,2024-07-05,1,2024_disposed,2024,2024,True,district
DLSW010061782024,DLSW01,"District and Sessions Judge, South-West, DWK",DL,Delhi,BA,2024-07-04,2024-07-05,1,2024_disposed,2024,2024,True,district
DLSW010070812024,DLSW01,"District and Sessions Judge, South-West, DWK",DL,Delhi,BA,2024-07-26,2024-07-31,5,2024_disposed,2024,2024,False,district
DLSW010070892024,DLSW01,"District and Sessions Judge, South-West, DWK",DL,Delhi,BA,2024-07-26,2024-07-30,4,2024_disposed,2024,2024,False,district
DLSW010070912024,DLSW01,"District and Sessions Judge, South-West, DWK",DL,Delhi,BA,2024-07-26,2024-07-30,4,2024_disposed,2024,2024,False,district
DLSW010070922024,DLSW01,"District and Sessions Judge, South-West, DWK",DL,Delhi,BA,2024-07-26,2024-08-09,14,2024_disposed,2024,2024,True,district
DLSW010100192024,DLSW01,"District and Sessions Judge, South-West, DWK",DL,Delhi,BA,2024-10-15,2024-10-16,1,2024_disposed,2024,2024,False,district
DLSW010100202024,DLSW01,"District and Sessions Judge, South-West, DWK",DL,Delhi,BA,2024-10-15,2024-10-16,1,2024_disposed,2024,2024,False,district
DLWT010000422024,DLWT01,"District and Sessions Judge, West, THC",DL,Delhi,BA,2024-01-03,2024-01-04,1,2024_disposed,2024,2024,True,district
DLHC010393092023,DLHC01,"High Court, Delhi",DL,Delhi,BA,2023-09-30,2024-02-19,142,2024_disposed,2023,2024,True,hc
DLHC010393102023,DLHC01,"High Court, Delhi",DL,Delhi,BA,2023-09-27,2024-01-31,126,2024_disposed,2023,2024,True,hc
DLWT010073692024,DLWT01,"District and Sessions Judge, West, THC",DL,Delhi,BA,2024-08-28,2024-08-29,1,2024_disposed,2024,2024,False,district
DLWT010084842024,DLWT01,"District and Sessions Judge, West, THC",DL,Delhi,BA,2024-09-30,2024-10-09,9,2024_disposed,2024,2024,False,district
DLHC010022292024,DLHC01,"High Court, Delhi",DL,Delhi,BA,2024-01-23,2024-03-28,65,2024_disposed,2024,2024,True,hc
DLHC010030632024,DLHC01,"High Court, Delhi",DL,Delhi,BA,2024-01-30,2024-01-31,1,2024_disposed,2024,2024,False,hc
DLHC010030642024,DLHC01,"High Court, Delhi",DL,Delhi,BA,2024-01-30,2024-05-16,107,2024_disposed,2024,2024,True,hc
DLSE010024562024,DLSE01,"District and Sessions Judge, South-East, Saket",DL,Delhi,BA,2024-03-13,2024-03-14,1,2024_disposed,2024,2024,True,district
DLSE010029662024,DLSE01,"District and Sessions Judge, South-East, Saket",DL,Delhi,BA,2024-03-23,2024-03-28,5,2024_disposed,2024,2024,True,district
DLSE010029652024,DLSE01,"District and Sessions Judge, South-East, Saket",DL,Delhi,BA,2024-03-23,2024-03-26,3,2024_disposed,2024,2024,True,district
DLSE010029682024,DLSE01,"District and Sessions Judge, South-East, Saket",DL,Delhi,BA,2024-03-23,2024-03-30,7,2024_disposed,2024,2024,False,district
DLSE010029642024,DLSE01,"District and Sessions Judge, South-East, Saket",DL,Delhi,BA,2024-03-23,2024-04-03,11,2024_disposed,2024,2024,True,district
DLSE010029672024,DLSE01,"District and Sessions Judge, South-East, Saket",DL,Delhi,BA,2024-03-23,2024-03-26,3,2024_disposed,2024,2024,True,district
DLHC010382092022,DLHC01,"High Court, Delhi",DL,Delhi,BA,2022-10-10,2024-02-20,498,2024_disposed,2022,2024,True,hc
DLSE010015972024,DLSE01,"District and Sessions Judge, South-East, Saket",DL,Delhi,BA,2024-02-15,2024-02-16,1,2024_disposed,2024,2024,True,district
DLSE010010382024,DLSE01,"District and Sessions Judge, South-East, Saket",DL,Delhi,BA,2024-01-31,2024-02-01,1,2024_disposed,2024,2024,False,district
DLSE010008422024,DLSE01,"District and Sessions Judge, South-East, Saket",DL,Delhi,BA,2024-01-24,2024-01-29,5,2024_disposed,2024,2024,True,district
DLSE010015942024,DLSE01,"District and Sessions Judge, South-East, Saket",DL,Delhi,BA,2024-02-15,2024-02-17,2,2024_disposed,2024,2024,True,district
DLSE010015962024,DLSE01,"District and Sessions Judge, South-East, Saket",DL,Delhi,BA,2024-02-15,2024-02-16,1,2024_disposed,2024,2024,True,district
DLSE010015952024,DLSE01,"District and Sessions Judge, South-East, Saket",DL,Delhi,BA,2024-02-15,2024-03-04,18,2024_disposed,2024,2024,True,district
DLHC010220522024,DLHC01,"High Court, Delhi",DL,Delhi,BA,2024-04-25,2024-07-30,96,2024_disposed,2024,2024,True,hc
DLST010021182024,DLST01,"District and Sessions Judge, South, Saket",DL,Delhi,BA,2024-03-12,2024-03-22,10,2024_disposed,2024,2024,False,district
DLST010036862024,DLST01,"District and Sessions Judge, South, Saket",DL,Delhi,BA,2024-04-19,2024-04-30,11,2024_disposed,2024,2024,False,district
DLST010036872024,DLST01,"District and Sessions Judge, South, Saket",DL,Delhi,BA,2024-04-19,2024-04-27,8,2024_disposed,2024,2024,False,district
DLHC010212422024,DLHC01,"High Court, Delhi",DL,Delhi,BA,2024-04-16,2024-07-23,98,2024_disposed,2024,2024,False,hc
DLHC010332842024,DLHC01,"High Court, Delhi",DL,Delhi,BA,2024-05-28,2024-05-30,2,2024_disposed,2024,2024,True,hc
DLHC010332852024,DLHC01,"High Court, Delhi",DL,Delhi,BA,2024-05-28,2024-07-26,59,2024_disposed,2024,2024,True,hc
DLHC010332862024,DLHC01,"High Court, Delhi",DL,Delhi,BA,2024-05-28,2024-08-14,78,2024_disposed,2024,2024,True,hc
DLSW010000592024,DLSW01,"District and Sessions Judge, South-West, DWK",DL,Delhi,BA,2024-01-03,2024-01-10,7,2024_disposed,2024,2024,True,district
DLSW010016132024,DLSW01,"District and Sessions Judge, South-West, DWK",DL,Delhi,BA,2024-02-17,2024-02-19,2,2024_disposed,2024,2024,True,district
DLSW010018782024,DLSW01,"District and Sessions Judge, South-West, DWK",DL,Delhi,BA,2024-02-23,2024-02-27,4,2024_disposed,2024,2024,True,district
DLNW010019622024,DLNW01,"District and Sessions Judge, North-West, RHC",DL,Delhi,BA,2024-02-27,2024-03-14,16,2024_disposed,2024,2024,True,district
DLHC010093262024,DLHC01,"High Court, Delhi",DL,Delhi,BA,2024-02-27,2024-10-18,234,2024_disposed,2024,2024,False,hc
DLHC010093252024,DLHC01,"High Court, Delhi",DL,Delhi,BA,2024-02-26,2024-03-07,10,2024_disposed,2024,2024,True,hc
DLHC010093282024,DLHC01,"High Court, Delhi",DL,Delhi,BA,2024-02-27,2024-05-30,93,2024_disposed,2024,2024,True,hc
DLHC010093272024,DLHC01,"High Court, Delhi",DL,Delhi,BA,2024-02-27,2024-05-06,69,2024_disposed,2024,2024,True,hc
DLWT010014672024,DLWT01,"District and Sessions Judge, West, THC",DL,Delhi,BA,2024-02-20,2024-03-13,22,2024_disposed,2024,2024,True,district
DLWT010014662024,DLWT01,"District and Sessions Judge, West, THC",DL,Delhi,BA,2024-02-20,2024-03-13,22,2024_disposed,2024,2024,True,district
DLWT010014682024,DLWT01,"District and Sessions Judge, West, THC",DL,Delhi,BA,2024-02-20,2024-03-13,22,2024_disposed,2024,2024,True,district
DLWT010066582024,DLWT01,"District and Sessions Judge, West, THC",DL,Delhi,BA,2024-08-03,2024-08-09,6,2024_disposed,2024,2024,True,district
DLWT010066572024,DLWT01,"District and Sessions Judge, West, THC",DL,Delhi,BA,2024-08-03,2024-08-07,4,2024_disposed,2024,2024,False,district
DLWT010066562024,DLWT01,"District and Sessions Judge, West, THC",DL,Delhi,BA,2024-08-03,2024-08-07,4,2024_disposed,2024,2024,False,district
DLWT010089212024,DLWT01,"District and Sessions Judge, West, THC",DL,Delhi,BA,2024-10-14,2024-10-22,8,2024_disposed,2024,2024,False,district
GJHC240064392020,GJHC24,"High Court, Gujarat",GJ,Gujarat,CRL_A,2020-01-24,2020-02-03,10,2020_filed,2020,2020,True,hc
GJJM010000812020,GJJM01,"DISTRICT AND SESSIONS COURT, JAMNAGAR",GJ,Gujarat,CRL_A,2020-01-08,2021-08-12,582,2020_filed,2020,2021,True,district
GJHC240416922020,GJHC24,"High Court, Gujarat",GJ,Gujarat,CRL_A,2020-09-19,2020-12-23,95,2020_filed,2020,2020,True,hc
GJMR010002152020,GJMR01,District Court - Morbi,GJ,Gujarat,CRL_A,2020-02-06,2023-07-14,1254,2020_filed,2020,2023,True,district
GJHC240182532020,GJHC24,"High Court, Gujarat",GJ,Gujarat,CRL_A,2020-03-09,2024-03-27,1479,2020_filed,2020,2024,False,hc
GJHC240182532020,GJHC24,"High Court, Gujarat",GJ,Gujarat,CRL_A,2020-03-09,2024-03-27,1479,2024_disposed,2020,2024,False,hc
GJHC240193712020,GJHC24,"High Court, Gujarat",GJ,Gujarat,CRL_A,2020-03-13,2024-10-04,1666,2020_filed,2020,2024,False,hc
GJHC240193712020,GJHC24,"High Court, Gujarat",GJ,Gujarat,CRL_A,2020-03-13,2024-10-04,1666,2024_disposed,2020,2024,False,hc
GJHC240399642020,GJHC24,"High Court, Gujarat",GJ,Gujarat,CRL_A,2020-09-10,2020-09-21,11,2020_filed,2020,2020,True,hc
GJHC240399672020,GJHC24,"High Court, Gujarat",GJ,Gujarat,CRL_A,2020-09-10,2020-09-24,14,2020_filed,2020,2020,True,hc
GJHC240410402020,GJHC24,"High Court, Gujarat",GJ,Gujarat,CRL_A,2020-09-17,2020-10-22,35,2020_filed,2020,2020,True,hc
GJHC240410372020,GJHC24,"High Court, Gujarat",GJ,Gujarat,CRL_A,2020-09-17,2020-11-04,48,2020_filed,2020,2020,True,hc
GJMH150006932020,GJMH15,visnagar_addldj Court,GJ,Gujarat,CRL_A,2020-09-22,2020-10-03,11,2020_filed,2020,2020,True,district
GJSK010002682020,GJSK01,DISTRICT AND SESSIONS COURT SABARKANTHA,GJ,Gujarat,CRL_A,2020-02-26,2020-03-17,20,2020_filed,2020,2020,True,district
GJMH010008522020,GJMH01,"DISTRICT COURT, MEHSANA",GJ,Gujarat,CRL_A,2020-03-06,2021-08-31,543,2020_filed,2020,2021,True,district
GJMH010008502020,GJMH01,"DISTRICT COURT, MEHSANA",GJ,Gujarat,CRL_A,2020-03-06,2022-03-28,752,2020_filed,2020,2022,True,district
GJMH010008512020,GJMH01,"DISTRICT COURT, MEHSANA",GJ,Gujarat,CRL_A,2020-03-06,2022-03-28,752,2020_filed,2020,2022,True,district
GJMH010008472020,GJMH01,"DISTRICT COURT, MEHSANA",GJ,Gujarat,CRL_A,2020-03-05,2022-06-29,846,2020_filed,2020,2022,True,district
GJBN150003302020,GJBN15,mahuva_addldj Court,GJ,Gujarat,CRL_A,2020-08-05,2025-01-31,1640,2020_filed,2020,2025,True,district
GJBN150003322020,GJBN15,mahuva_addldj Court,GJ,Gujarat,CRL_A,2020-08-06,2020-09-11,36,2020_filed,2020,2020,True,district
GJBN150003312020,GJBN15,mahuva_addldj Court,GJ,Gujarat,CRL_A,2020-08-06,2020-09-11,36,2020_filed,2020,2020,True,district
GJHC240399542020,GJHC24,"High Court, Gujarat",GJ,Gujarat,CRL_A,2020-09-10,2020-11-25,76,2020_filed,2020,2020,True,hc
GJHC240399522020,GJHC24,"High Court, Gujarat",GJ,Gujarat,CRL_A,2020-09-10,2020-09-21,11,2020_filed,2020,2020,True,hc
GJHC240270922020,GJHC24,"High Court, Gujarat",GJ,Gujarat,CRL_A,2020-06-29,2020-07-03,4,2020_filed,2020,2020,True,hc
GJHC240286962020,GJHC24,"High Court, Gujarat",GJ,Gujarat,CRL_A,2020-07-15,2020-08-17,33,2020_filed,2020,2020,True,hc
GJHC240406792020,GJHC24,"High Court, Gujarat",GJ,Gujarat,CRL_A,2020-09-16,2020-10-22,36,2020_filed,2020,2020,True,hc
GJHC240304042020,GJHC24,"High Court, Gujarat",GJ,Gujarat,CRL_A,2020-07-23,2020-08-19,27,2020_filed,2020,2020,True,hc
GJHC240332372020,GJHC24,"High Court, Gujarat",GJ,Gujarat,CRL_A,2020-08-11,2020-08-19,8,2020_filed,2020,2020,True,hc
GJHC240332392020,GJHC24,"High Court, Gujarat",GJ,Gujarat,CRL_A,2020-08-11,2020-08-18,7,2020_filed,2020,2020,True,hc
GJHC240309652020,GJHC24,"High Court, Gujarat",GJ,Gujarat,CRL_A,2020-07-27,2020-08-07,11,2020_filed,2020,2020,True,hc
GJHC240331002020,GJHC24,"High Court, Gujarat",GJ,Gujarat,CRL_A,2020-08-10,2020-09-16,37,2020_filed,2020,2020,True,hc
GJHC240341112020,GJHC24,"High Court, Gujarat",GJ,Gujarat,CRL_A,2020-08-17,2020-09-29,43,2020_filed,2020,2020,True,hc
GJBH110000322020,GJBH11,"Additional District Court, Ankleshwar",GJ,Gujarat,CRL_A,2020-01-06,2021-07-10,551,2020_filed,2020,2021,True,district
GJHC240427732020,GJHC24,"High Court, Gujarat",GJ,Gujarat,CRL_A,2020-09-23,2020-11-02,40,2020_filed,2020,2020,True,hc
GJHC240520502020,GJHC24,"High Court, Gujarat",GJ,Gujarat,CRL_A,2020-11-02,2020-12-02,30,2020_filed,2020,2020,True,hc
GJHC240520442020,GJHC24,"High Court, Gujarat",GJ,Gujarat,CRL_A,2020-11-02,2020-12-10,38,2020_filed,2020,2020,True,hc
GJHC240309782020,GJHC24,"High Court, Gujarat",GJ,Gujarat,CRL_A,2020-07-27,2020-08-21,25,2020_filed,2020,2020,True,hc
GJHC240336962020,GJHC24,"High Court, Gujarat",GJ,Gujarat,CRL_A,2020-08-14,2020-10-01,48,2020_filed,2020,2020,True,hc
GJHC240336982020,GJHC24,"High Court, Gujarat",GJ,Gujarat,CRL_A,2020-08-14,2022-08-23,739,2020_filed,2020,2022,True,hc
GJSK180000062020,GJSK18,ADDITIONAL DISTRICT AND SESSIONS COURT AT IDAR,GJ,Gujarat,CRL_A,2020-01-02,2022-08-13,954,2020_filed,2020,2022,True,district
GJPM010000352020,GJPM01,"District Court, Godhra",GJ,Gujarat,CRL_A,2020-01-07,2022-08-29,965,2020_filed,2020,2022,True,district
GJPM010000392020,GJPM01,"District Court, Godhra",GJ,Gujarat,CRL_A,2020-01-07,2022-06-18,893,2020_filed,2020,2022,True,district
GJKH010022992020,GJKH01,"DISTRICT COURT, NADIAD",GJ,Gujarat,CRL_A,2020-09-16,2020-09-23,7,2020_filed,2020,2020,True,district
GJKH010023002020,GJKH01,"DISTRICT COURT, NADIAD",GJ,Gujarat,CRL_A,2020-09-16,2021-08-02,320,2020_filed,2020,2021,True,district
GJHC240429432020,GJHC24,"High Court, Gujarat",GJ,Gujarat,CRL_A,2020-09-24,2020-10-05,11,2020_filed,2020,2020,True,hc
GJHC240440592020,GJHC24,"High Court, Gujarat",GJ,Gujarat,CRL_A,2020-09-29,2020-10-26,27,2020_filed,2020,2020,True,hc
GJHC240449032020,GJHC24,"High Court, Gujarat",GJ,Gujarat,CRL_A,2020-10-03,2021-12-22,445,2020_filed,2020,2021,True,hc
GJHC240451052020,GJHC24,"High Court, Gujarat",GJ,Gujarat,CRL_A,2020-10-03,2020-10-14,11,2020_filed,2020,2020,True,hc
GJHC240362932020,GJHC24,"High Court, Gujarat",GJ,Gujarat,CRL_A,2020-08-25,2020-10-14,50,2020_filed,2020,2020,True,hc
GJHC240371952020,GJHC24,"High Court, Gujarat",GJ,Gujarat,CRL_A,2020-08-28,2020-09-07,10,2020_filed,2020,2020,True,hc
GJDW080001952020,GJDW08,ADDL. COURT-DWARKA,GJ,Gujarat,CRL_A,2020-02-03,2023-01-31,1093,2020_filed,2020,2023,True,district
GJDW080002032020,GJDW08,ADDL. COURT-DWARKA,GJ,Gujarat,CRL_A,2020-03-05,2022-01-28,694,2020_filed,2020,2022,True,district
GJDW080002072020,GJDW08,ADDL. COURT-DWARKA,GJ,Gujarat,CRL_A,2020-03-12,2022-02-10,700,2020_filed,2020,2022,True,district
GJHC240375042020,GJHC24,"High Court, Gujarat",GJ,Gujarat,CRL_A,2020-08-29,2021-08-17,353,2020_filed,2020,2021,True,hc
GJHC240375052020,GJHC24,"High Court, Gujarat",GJ,Gujarat,CRL_A,2020-08-29,2020-09-10,12,2020_filed,2020,2020,True,hc
GJHC240375072020,GJHC24,"High Court, Gujarat",GJ,Gujarat,CRL_A,2020-08-29,2020-10-07,39,2020_filed,2020,2020,True,hc
GJHC240371932020,GJHC24,"High Court, Gujarat",GJ,Gujarat,CRL_A,2020-08-28,2025-06-17,1754,2020_filed,2020,2025,True,hc
GJKT010021912020,GJKT01,District and Sessions Court Bhuj,GJ,Gujarat,CRL_A,2020-08-06,2022-10-19,804,2020_filed,2020,2022,True,district
GJKT010021922020,GJKT01,District and Sessions Court Bhuj,GJ,Gujarat,CRL_A,2020-08-06,2022-10-19,804,2020_filed,2020,2022,True,district
GJKT010021932020,GJKT01,District and Sessions Court Bhuj,GJ,Gujarat,CRL_A,2020-08-06,2022-10-19,804,2020_filed,2020,2022,True,district
GJBK230005002020,GJBK23,"ADDITIONAL DISTRICT COURT, THARAD",GJ,Gujarat,CRL_A,2020-11-24,2020-12-19,25,2020_filed,2020,2020,True,district
GJHC240608782020,GJHC24,"High Court, Gujarat",GJ,Gujarat,CRL_A,2020-12-18,2020-12-24,6,2020_filed,2020,2020,True,hc
GJHC240608792020,GJHC24,"High Court, Gujarat",GJ,Gujarat,CRL_A,2020-12-18,2021-02-03,47,2020_filed,2020,2021,True,hc
GJHC240624412020,GJHC24,"High Court, Gujarat",GJ,Gujarat,CRL_A,2020-12-24,2021-01-20,27,2020_filed,2020,2021,True,hc
GJHC240624442020,GJHC24,"High Court, Gujarat",GJ,Gujarat,CRL_A,2020-12-24,2021-01-20,27,2020_filed,2020,2021,True,hc
GJHC240624432020,GJHC24,"High Court, Gujarat",GJ,Gujarat,CRL_A,2020-12-24,2024-10-22,1398,2020_filed,2020,2024,False,hc
GJHC240624432020,GJHC24,"High Court, Gujarat",GJ,Gujarat,CRL_A,2020-12-24,2024-10-22,1398,2024_disposed,2020,2024,False,hc
GJHC240222812020,GJHC24,"High Court, Gujarat",GJ,Gujarat,CRL_A,2020-05-06,2020-05-14,8,2020_filed,2020,2020,True,hc
GJHC240071442020,GJHC24,"High Court, Gujarat",GJ,Gujarat,CRL_A,2020-01-28,2024-08-06,1652,2020_filed,2020,2024,False,hc
GJHC240071442020,GJHC24,"High Court, Gujarat",GJ,Gujarat,CRL_A,2020-01-28,2024-08-06,1652,2024_disposed,2020,2024,False,hc
GJGN010013722020,GJGN01,Gandhinagar District,GJ,Gujarat,CRL_A,2020-08-31,2020-09-11,11,2020_filed,2020,2020,True,district
GJHC240324902020,GJHC24,"High Court, Gujarat",GJ,Gujarat,CRL_A,2020-08-06,2020-08-21,15,2020_filed,2020,2020,True,hc
GJVD010017762020,GJVD01,vadodara_district Court,GJ,Gujarat,CRL_A,2020-02-28,2022-01-01,673,2020_filed,2020,2022,True,district
GJHC240324922020,GJHC24,"High Court, Gujarat",GJ,Gujarat,CRL_A,2020-08-06,2020-08-13,7,2020_filed,2020,2020,True,hc
GJHC240333572020,GJHC24,"High Court, Gujarat",GJ,Gujarat,CRL_A,2020-08-11,2020-08-31,20,2020_filed,2020,2020,True,hc
GJHC240340912020,GJHC24,"High Court, Gujarat",GJ,Gujarat,CRL_A,2020-08-17,2024-02-14,1276,2020_filed,2020,2024,False,hc
GJHC240340912020,GJHC24,"High Court, Gujarat",GJ,Gujarat,CRL_A,2020-08-17,2024-02-14,1276,2024_disposed,2020,2024,False,hc
GJHC240340922020,GJHC24,"High Court, Gujarat",GJ,Gujarat,CRL_A,2020-08-17,2024-12-20,1586,2020_filed,2020,2024,False,hc
GJHC240340922020,GJHC24,"High Court, Gujarat",GJ,Gujarat,CRL_A,2020-08-17,2024-12-20,1586,2024_disposed,2020,2024,False,hc
GJVD010012342020,GJVD01,vadodara_district Court,GJ,Gujarat,CRL_A,2020-02-11,2022-02-05,725,2020_filed,2020,2022,True,district
GJVD010012332020,GJVD01,vadodara_district Court,GJ,Gujarat,CRL_A,2020-02-11,2023-08-31,1297,2020_filed,2020,2023,True,district
GJBK230000922020,GJBK23,"ADDITIONAL DISTRICT COURT, THARAD",GJ,Gujarat,CRL_A,2020-02-04,2021-11-10,645,2020_filed,2020,2021,True,district
GJHC240210632020,GJHC24,"High Court, Gujarat",GJ,Gujarat,CRL_A,2020-03-21,2020-06-23,94,2020_filed,2020,2020,True,hc
GJKH010032972020,GJKH01,"DISTRICT COURT, NADIAD",GJ,Gujarat,CRL_A,2020-12-02,2021-03-06,94,2020_filed,2020,2021,True,district
GJKH010032982020,GJKH01,"DISTRICT COURT, NADIAD",GJ,Gujarat,CRL_A,2020-12-02,2021-10-16,318,2020_filed,2020,2021,True,district
GJVL090015252020,GJVL09,ADDL. COURT-VAPI,GJ,Gujarat,CRL_A,2020-02-01,2021-08-02,548,2020_filed,2020,2021,True,district
GJVL090015292020,GJVL09,ADDL. COURT-VAPI,GJ,Gujarat,CRL_A,2020-02-01,2023-06-12,1227,2020_filed,2020,2023,True,district
GJVL090015212020,GJVL09,ADDL. COURT-VAPI,GJ,Gujarat,CRL_A,2020-02-01,2021-07-23,538,2020_filed,2020,2021,True,district
GJVL090015372020,GJVL09,ADDL. COURT-VAPI,GJ,Gujarat,CRL_A,2020-02-01,2021-08-25,571,2020_filed,2020,2021,True,district
GJVL090015432020,GJVL09,ADDL. COURT-VAPI,GJ,Gujarat,CRL_A,2020-02-01,2021-07-10,525,2020_filed,2020,2021,True,district
GJVL090015332020,GJVL09,ADDL. COURT-VAPI,GJ,Gujarat,CRL_A,2020-02-01,2023-06-27,1242,2020_filed,2020,2023,True,district
GJHC240055592020,GJHC24,"High Court, Gujarat",GJ,Gujarat,CRL_A,2020-01-22,2020-02-13,22,2020_filed,2020,2020,True,hc
GJHC240061752020,GJHC24,"High Court, Gujarat",GJ,Gujarat,CRL_A,2020-01-23,2020-01-28,5,2020_filed,2020,2020,True,hc
GJHC240087802020,GJHC24,"High Court, Gujarat",GJ,Gujarat,CRL_A,2020-02-03,2020-02-06,3,2020_filed,2020,2020,True,hc
GJHC240087822020,GJHC24,"High Court, Gujarat",GJ,Gujarat,CRL_A,2020-02-03,2020-02-05,2,2020_filed,2020,2020,True,hc
GJHC240087812020,GJHC24,"High Court, Gujarat",GJ,Gujarat,CRL_A,2020-02-03,2020-02-06,3,2020_filed,2020,2020,True,hc
GJHC240415692020,GJHC24,"High Court, Gujarat",GJ,Gujarat,CRL_A,2020-09-18,2020-10-27,39,2020_filed,2020,2020,True,hc
GJHC240415682020,GJHC24,"High Court, Gujarat",GJ,Gujarat,CRL_A,2020-09-18,2020-10-07,19,2020_filed,2020,2020,True,hc
GJAH010034402020,GJAH01,AHMEDABAD DISTRICT COURT,GJ,Gujarat,CRL_A,2020-09-18,2020-09-29,11,2020_filed,2020,2020,True,district
GJHC240089032020,GJHC24,"High Court, Gujarat",GJ,Gujarat,CRL_A,2020-02-04,2023-07-11,1253,2020_filed,2020,2023,False,hc
GJHC240300992020,GJHC24,"High Court, Gujarat",GJ,Gujarat,CRL_A,2020-07-22,2020-08-13,22,2020_filed,2020,2020,True,hc
GJHC240301012020,GJHC24,"High Court, Gujarat",GJ,Gujarat,CRL_A,2020-07-22,2020-09-17,57,2020_filed,2020,2020,True,hc
GJNV010007842020,GJNV01,navsari_district Court,GJ,Gujarat,CRL_A,2020-08-29,2020-11-02,65,2020_filed,2020,2020,True,district
GJJN210001272020,GJJN21,Additional District Court Keshod,GJ,Gujarat,CRL_A,2020-02-10,2020-02-18,8,2020_filed,2020,2020,True,district
GJJN210001282020,GJJN21,Additional District Court Keshod,GJ,Gujarat,CRL_A,2020-02-10,2020-02-18,8,2020_filed,2020,2020,True,district
GJJN210001332020,GJJN21,Additional District Court Keshod,GJ,Gujarat,CRL_A,2020-02-12,2020-02-17,5,2020_filed,2020,2020,True,district
MLHC010001402020,MLHC01,High Court of Meghalaya,MG,Meghalaya,WP_C,2020-02-10,2020-02-11,1,2020_filed,2020,2020,True,hc
MLHC010007002020,MLHC01,High Court of Meghalaya,MG,Meghalaya,WP_C,2020-09-30,2020-12-09,70,2020_filed,2020,2020,True,hc
MLHC010007042020,MLHC01,High Court of Meghalaya,MG,Meghalaya,WP_C,2020-10-01,2022-03-17,532,2020_filed,2020,2022,True,hc
MLHC010010422020,MLHC01,High Court of Meghalaya,MG,Meghalaya,WP_C,2020-12-14,2021-04-20,127,2020_filed,2020,2021,True,hc
MLHC010008792020,MLHC01,High Court of Meghalaya,MG,Meghalaya,WP_C,2020-11-24,2022-03-29,490,2020_filed,2020,2022,False,hc
MLHC010008782020,MLHC01,High Court of Meghalaya,MG,Meghalaya,WP_C,2020-11-24,2022-03-29,490,2020_filed,2020,2022,True,hc
MLHC010003962020,MLHC01,High Court of Meghalaya,MG,Meghalaya,WP_C,2020-06-15,2020-12-09,177,2020_filed,2020,2020,True,hc
MLHC010003952020,MLHC01,High Court of Meghalaya,MG,Meghalaya,WP_C,2020-06-15,2020-07-15,30,2020_filed,2020,2020,True,hc
MLHC010003972020,MLHC01,High Court of Meghalaya,MG,Meghalaya,WP_C,2020-06-16,2020-10-06,112,2020_filed,2020,2020,True,hc
MLHC010003942020,MLHC01,High Court of Meghalaya,MG,Meghalaya,WP_C,2020-06-15,2023-11-22,1255,2020_filed,2020,2023,True,hc
MLHC010002532020,MLHC01,High Court of Meghalaya,MG,Meghalaya,WP_C,2020-03-12,2020-10-06,208,2020_filed,2020,2020,True,hc
MLHC010010202020,MLHC01,High Court of Meghalaya,MG,Meghalaya,WP_C,2020-12-10,2022-09-26,655,2020_filed,2020,2022,True,hc
MLHC010010232020,MLHC01,High Court of Meghalaya,MG,Meghalaya,WP_C,2020-12-11,2020-12-16,5,2020_filed,2020,2020,True,hc
MLHC010010242020,MLHC01,High Court of Meghalaya,MG,Meghalaya,WP_C,2020-12-11,2020-12-16,5,2020_filed,2020,2020,True,hc
MLHC010010222020,MLHC01,High Court of Meghalaya,MG,Meghalaya,WP_C,2020-12-11,2022-10-28,686,2020_filed,2020,2022,True,hc
MLHC010003292020,MLHC01,High Court of Meghalaya,MG,Meghalaya,WP_C,2020-05-20,2020-06-12,23,2020_filed,2020,2020,False,hc
MLHC010003892020,MLHC01,High Court of Meghalaya,MG,Meghalaya,WP_C,2020-06-15,2023-11-22,1255,2020_filed,2020,2023,True,hc
MLHC010003282020,MLHC01,High Court of Meghalaya,MG,Meghalaya,WP_C,2020-05-20,2020-06-12,23,2020_filed,2020,2020,True,hc
MLHC010009772020,MLHC01,High Court of Meghalaya,MG,Meghalaya,WP_C,2020-12-04,2022-10-21,686,2020_filed,2020,2022,True,hc
MLHC010005342020,MLHC01,High Court of Meghalaya,MG,Meghalaya,WP_C,2020-07-21,2023-11-22,1219,2020_filed,2020,2023,True,hc
MLHC010005362020,MLHC01,High Court of Meghalaya,MG,Meghalaya,WP_C,2020-07-21,2023-11-22,1219,2020_filed,2020,2023,True,hc
MLHC010005352020,MLHC01,High Court of Meghalaya,MG,Meghalaya,WP_C,2020-07-21,2023-11-22,1219,2020_filed,2020,2023,True,hc
MLHC010003312020,MLHC01,High Court of Meghalaya,MG,Meghalaya,WP_C,2020-05-28,2020-12-04,190,2020_filed,2020,2020,True,hc
MLHC010010442020,MLHC01,High Court of Meghalaya,MG,Meghalaya,WP_C,2020-12-15,2021-02-23,70,2020_filed,2020,2021,True,hc
MLHC010008412020,MLHC01,High Court of Meghalaya,MG,Meghalaya,WP_C,2020-11-16,2022-06-07,568,2020_filed,2020,2022,True,hc
MLHC010006452020,MLHC01,High Court of Meghalaya,MG,Meghalaya,WP_C,2020-09-09,2020-09-16,7,2020_filed,2020,2020,True,hc
MLHC010008662020,MLHC01,High Court of Meghalaya,MG,Meghalaya,WP_C,2020-11-20,2020-12-15,25,2020_filed,2020,2020,True,hc
MLHC010008652020,MLHC01,High Court of Meghalaya,MG,Meghalaya,WP_C,2020-11-19,2023-12-01,1107,2020_filed,2020,2023,True,hc
MLHC010000682020,MLHC01,High Court of Meghalaya,MG,Meghalaya,WP_C,2020-01-28,2022-09-29,975,2020_filed,2020,2022,True,hc
MLHC010000692020,MLHC01,High Court of Meghalaya,MG,Meghalaya,WP_C,2020-01-28,2022-09-29,975,2020_filed,2020,2022,True,hc
MLHC010002542020,MLHC01,High Court of Meghalaya,MG,Meghalaya,WP_C,2020-03-12,2021-12-17,645,2020_filed,2020,2021,True,hc
MLHC010008332020,MLHC01,High Court of Meghalaya,MG,Meghalaya,WP_C,2020-11-12,2020-12-11,29,2020_filed,2020,2020,True,hc
MLHC010008382020,MLHC01,High Court of Meghalaya,MG,Meghalaya,WP_C,2020-11-12,2020-12-08,26,2020_filed,2020,2020,True,hc
MLHC010008402020,MLHC01,High Court of Meghalaya,MG,Meghalaya,WP_C,2020-11-12,2021-02-01,81,2020_filed,2020,2021,True,hc
MLHC010008392020,MLHC01,High Court of Meghalaya,MG,Meghalaya,WP_C,2020-11-12,2020-12-11,29,2020_filed,2020,2020,True,hc
MLHC010001872020,MLHC01,High Court of Meghalaya,MG,Meghalaya,WP_C,2020-02-20,2020-03-18,27,2020_filed,2020,2020,False,hc
MLHC010001892020,MLHC01,High Court of Meghalaya,MG,Meghalaya,WP_C,2020-02-20,2022-06-23,854,2020_filed,2020,2022,True,hc
MLHC010005822020,MLHC01,High Court of Meghalaya,MG,Meghalaya,WP_C,2020-08-17,2025-03-13,1669,2020_filed,2020,2025,True,hc
MLHC010005842020,MLHC01,High Court of Meghalaya,MG,Meghalaya,WP_C,2020-08-17,2021-04-06,232,2020_filed,2020,2021,True,hc
MLHC010005852020,MLHC01,High Court of Meghalaya,MG,Meghalaya,WP_C,2020-08-17,2020-10-28,72,2020_filed,2020,2020,True,hc
MLHC010005832020,MLHC01,High Court of Meghalaya,MG,Meghalaya,WP_C,2020-08-17,2021-04-06,232,2020_filed,2020,2021,True,hc
MLHC010005902020,MLHC01,High Court of Meghalaya,MG,Meghalaya,WP_C,2020-08-19,2021-04-08,232,2020_filed,2020,2021,True,hc
MLHC010003902020,MLHC01,High Court of Meghalaya,MG,Meghalaya,WP_C,2020-06-15,2023-11-22,1255,2020_filed,2020,2023,True,hc
MLHC010005892020,MLHC01,High Court of Meghalaya,MG,Meghalaya,WP_C,2020-08-19,2021-04-08,232,2020_filed,2020,2021,True,hc
MLHC010003852020,MLHC01,High Court of Meghalaya,MG,Meghalaya,WP_C,2020-06-15,2020-10-05,112,2020_filed,2020,2020,True,hc
MLHC010007582020,MLHC01,High Court of Meghalaya,MG,Meghalaya,WP_C,2020-10-19,2021-04-08,171,2020_filed,2020,2021,True,hc
MLHC010007592020,MLHC01,High Court of Meghalaya,MG,Meghalaya,WP_C,2020-10-19,2021-12-14,421,2020_filed,2020,2021,True,hc
MLHC010007602020,MLHC01,High Court of Meghalaya,MG,Meghalaya,WP_C,2020-10-19,2022-03-07,504,2020_filed,2020,2022,True,hc
MLHC010007612020,MLHC01,High Court of Meghalaya,MG,Meghalaya,WP_C,2020-10-19,2020-12-08,50,2020_filed,2020,2020,True,hc
MLHC010007622020,MLHC01,High Court of Meghalaya,MG,Meghalaya,WP_C,2020-10-19,2020-12-08,50,2020_filed,2020,2020,False,hc
MLHC010009702020,MLHC01,High Court of Meghalaya,MG,Meghalaya,WP_C,2020-12-04,2022-10-28,693,2020_filed,2020,2022,True,hc
MLHC010009672020,MLHC01,High Court of Meghalaya,MG,Meghalaya,WP_C,2020-12-04,2022-10-28,693,2020_filed,2020,2022,True,hc
MLHC010009692020,MLHC01,High Court of Meghalaya,MG,Meghalaya,WP_C,2020-12-04,2022-10-28,693,2020_filed,2020,2022,True,hc
MLHC010009682020,MLHC01,High Court of Meghalaya,MG,Meghalaya,WP_C,2020-12-04,2022-10-28,693,2020_filed,2020,2022,True,hc
MLHC010009832020,MLHC01,High Court of Meghalaya,MG,Meghalaya,WP_C,2020-12-07,2021-02-02,57,2020_filed,2020,2021,True,hc
MLHC010009812020,MLHC01,High Court of Meghalaya,MG,Meghalaya,WP_C,2020-12-07,2021-12-02,360,2020_filed,2020,2021,True,hc
MLHC010002102020,MLHC01,High Court of Meghalaya,MG,Meghalaya,WP_C,2020-02-25,2021-03-02,371,2020_filed,2020,2021,True,hc
MLHC010003912020,MLHC01,High Court of Meghalaya,MG,Meghalaya,WP_C,2020-06-15,2023-11-22,1255,2020_filed,2020,2023,True,hc
MLHC010003922020,MLHC01,High Court of Meghalaya,MG,Meghalaya,WP_C,2020-06-15,2023-11-22,1255,2020_filed,2020,2023,True,hc
MLHC010009792020,MLHC01,High Court of Meghalaya,MG,Meghalaya,WP_C,2020-12-07,2022-10-28,690,2020_filed,2020,2022,True,hc
MLHC010003932020,MLHC01,High Court of Meghalaya,MG,Meghalaya,WP_C,2020-06-15,2023-11-22,1255,2020_filed,2020,2023,True,hc
MLHC010002132020,MLHC01,High Court of Meghalaya,MG,Meghalaya,WP_C,2020-02-26,2020-03-12,15,2020_filed,2020,2020,True,hc
MLHC010002122020,MLHC01,High Court of Meghalaya,MG,Meghalaya,WP_C,2020-02-26,2023-02-02,1072,2020_filed,2020,2023,True,hc
MLHC010009922020,MLHC01,High Court of Meghalaya,MG,Meghalaya,WP_C,2020-12-08,2021-04-06,119,2020_filed,2020,2021,True,hc
MLHC010005972020,MLHC01,High Court of Meghalaya,MG,Meghalaya,WP_C,2020-08-25,2020-11-03,70,2020_filed,2020,2020,True,hc
MLHC010002032020,MLHC01,High Court of Meghalaya,MG,Meghalaya,WP_C,2020-02-24,2022-05-30,826,2020_filed,2020,2022,True,hc
MLHC010005962020,MLHC01,High Court of Meghalaya,MG,Meghalaya,WP_C,2020-08-21,2021-04-01,223,2020_filed,2020,2021,True,hc
MLHC010007542020,MLHC01,High Court of Meghalaya,MG,Meghalaya,WP_C,2020-10-16,2020-10-19,3,2020_filed,2020,2020,False,hc
MLHC010007552020,MLHC01,High Court of Meghalaya,MG,Meghalaya,WP_C,2020-10-19,2024-04-05,1264,2020_filed,2020,2024,True,hc
MLHC010007552020,MLHC01,High Court of Meghalaya,MG,Meghalaya,WP_C,2020-10-19,2024-04-05,1264,2024_disposed,2020,2024,True,hc
MLHC010007562020,MLHC01,High Court of Meghalaya,MG,Meghalaya,WP_C,2020-10-19,2024-04-05,1264,2020_filed,2020,2024,True,hc
MLHC010007562020,MLHC01,High Court of Meghalaya,MG,Meghalaya,WP_C,2020-10-19,2024-04-05,1264,2024_disposed,2020,2024,True,hc
MLHC010009662020,MLHC01,High Court of Meghalaya,MG,Meghalaya,WP_C,2020-12-04,2022-10-28,693,2020_filed,2020,2022,True,hc
MLHC010001952020,MLHC01,High Court of Meghalaya,MG,Meghalaya,WP_C,2020-02-24,2021-03-25,395,2020_filed,2020,2021,True,hc
MLHC010003792020,MLHC01,High Court of Meghalaya,MG,Meghalaya,WP_C,2020-06-15,2020-10-05,112,2020_filed,2020,2020,True,hc
MLHC010003812020,MLHC01,High Court of Meghalaya,MG,Meghalaya,WP_C,2020-06-15,2020-10-05,112,2020_filed,2020,2020,True,hc
MLHC010003832020,MLHC01,High Court of Meghalaya,MG,Meghalaya,WP_C,2020-06-15,2020-10-05,112,2020_filed,2020,2020,True,hc
MLHC010003782020,MLHC01,High Court of Meghalaya,MG,Meghalaya,WP_C,2020-06-15,2020-10-05,112,2020_filed,2020,2020,True,hc
MLHC010003772020,MLHC01,High Court of Meghalaya,MG,Meghalaya,WP_C,2020-06-12,2020-10-05,115,2020_filed,2020,2020,True,hc
MLHC010003822020,MLHC01,High Court of Meghalaya,MG,Meghalaya,WP_C,2020-06-15,2020-10-05,112,2020_filed,2020,2020,True,hc
MLHC010003802020,MLHC01,High Court of Meghalaya,MG,Meghalaya,WP_C,2020-06-15,2020-10-05,112,2020_filed,2020,2020,True,hc
MLHC010003842020,MLHC01,High Court of Meghalaya,MG,Meghalaya,WP_C,2020-06-15,2020-10-05,112,2020_filed,2020,2020,True,hc
MLHC010001992020,MLHC01,High Court of Meghalaya,MG,Meghalaya,WP_C,2020-02-24,2022-05-31,827,2020_filed,2020,2022,True,hc
MLHC010007652020,MLHC01,High Court of Meghalaya,MG,Meghalaya,WP_C,2020-10-21,2022-05-17,573,2020_filed,2020,2022,False,hc
MLHC010007692020,MLHC01,High Court of Meghalaya,MG,Meghalaya,WP_C,2020-10-27,2020-10-29,2,2020_filed,2020,2020,True,hc
MLHC010005992020,MLHC01,High Court of Meghalaya,MG,Meghalaya,WP_C,2020-08-25,2020-11-03,70,2020_filed,2020,2020,True,hc
MLHC010007632020,MLHC01,High Court of Meghalaya,MG,Meghalaya,WP_C,2020-10-21,2024-03-21,1247,2020_filed,2020,2024,True,hc
MLHC010007632020,MLHC01,High Court of Meghalaya,MG,Meghalaya,WP_C,2020-10-21,2024-03-21,1247,2024_disposed,2020,2024,True,hc
MLHC010009822020,MLHC01,High Court of Meghalaya,MG,Meghalaya,WP_C,2020-12-07,2022-05-09,518,2020_filed,2020,2022,True,hc
MLHC010009762020,MLHC01,High Court of Meghalaya,MG,Meghalaya,WP_C,2020-12-04,2022-10-21,686,2020_filed,2020,2022,True,hc
MLHC010009782020,MLHC01,High Court of Meghalaya,MG,Meghalaya,WP_C,2020-12-07,2022-10-28,690,2020_filed,2020,2022,True,hc
MLHC010006092020,MLHC01,High Court of Meghalaya,MG,Meghalaya,WP_C,2020-08-26,2020-10-06,41,2020_filed,2020,2020,True,hc
MLHC010006012020,MLHC01,High Court of Meghalaya,MG,Meghalaya,WP_C,2020-08-25,2022-06-17,661,2020_filed,2020,2022,True,hc
MLHC010006002020,MLHC01,High Court of Meghalaya,MG,Meghalaya,WP_C,2020-08-25,2022-11-15,812,2020_filed,2020,2022,True,hc
MLHC010007842020,MLHC01,High Court of Meghalaya,MG,Meghalaya,WP_C,2020-10-28,2023-08-01,1007,2020_filed,2020,2023,True,hc
MLHC010004112020,MLHC01,High Court of Meghalaya,MG,Meghalaya,WP_C,2020-06-23,2020-11-11,141,2020_filed,2020,2020,True,hc
MLHC010004102020,MLHC01,High Court of Meghalaya,MG,Meghalaya,WP_C,2020-06-22,2020-07-23,31,2020_filed,2020,2020,True,hc
MLHC010004092020,MLHC01,High Court of Meghalaya,MG,Meghalaya,WP_C,2020-06-22,2020-07-23,31,2020_filed,2020,2020,True,hc
MLHC010009962020,MLHC01,High Court of Meghalaya,MG,Meghalaya,WP_C,2020-12-09,2020-12-10,1,2020_filed,2020,2020,False,hc
MLHC010009952020,MLHC01,High Court of Meghalaya,MG,Meghalaya,WP_C,2020-12-09,2020-12-10,1,2020_filed,2020,2020,True,hc
MLHC010007932020,MLHC01,High Court of Meghalaya,MG,Meghalaya,WP_C,2020-10-29,2020-12-16,48,2020_filed,2020,2020,True,hc
MLHC010010022020,MLHC01,High Court of Meghalaya,MG,Meghalaya,WP_C,2020-12-09,2020-12-15,6,2020_filed,2020,2020,True,hc
MLHC010010032020,MLHC01,High Court of Meghalaya,MG,Meghalaya,WP_C,2020-12-09,2021-04-15,127,2020_filed,2020,2021,True,hc
BRRO010021072020,BRRO01,D.J. DIVISION SASARAM,BR,Bihar,BA,2020-05-30,2020-06-06,7,2020_filed,2020,2020,True,district
BRRO010021152020,BRRO01,D.J. DIVISION SASARAM,BR,Bihar,BA,2020-06-01,2020-06-03,2,2020_filed,2020,2020,True,district
BRAR010048352020,BRAR01,DJ DIVISION,BR,Bihar,BA,2020-12-05,2021-01-05,31,2020_filed,2020,2021,True,district
BRAR010048342020,BRAR01,DJ DIVISION,BR,Bihar,BA,2020-12-05,2020-12-08,3,2020_filed,2020,2020,True,district
BRDA010000492020,BRDA01,DJ Division,BR,Bihar,BA,2020-01-02,2020-01-20,18,2020_filed,2020,2020,True,district
BRDA010002322020,BRDA01,DJ Division,BR,Bihar,BA,2020-01-07,2020-01-27,20,2020_filed,2020,2020,True,district
BRMP010006032020,BRMP01,D.J. Establishment,BR,Bihar,BA,2020-02-14,2020-03-13,28,2020_filed,2020,2020,True,district
BRMP010006022020,BRMP01,D.J. Establishment,BR,Bihar,BA,2020-02-14,2020-02-20,6,2020_filed,2020,2020,True,district
BRMP010006042020,BRMP01,D.J. Establishment,BR,Bihar,BA,2020-02-14,2020-02-22,8,2020_filed,2020,2020,True,district
BRDA010002312020,BRDA01,DJ Division,BR,Bihar,BA,2020-01-07,2020-01-31,24,2020_filed,2020,2020,True,district
BRDA010002302020,BRDA01,DJ Division,BR,Bihar,BA,2020-01-07,2020-01-08,1,2020_filed,2020,2020,True,district
BRWC100001772020,BRWC10,Bagaha,BR,Bihar,BA,2020-01-17,2020-02-27,41,2020_filed,2020,2020,False,district
BRDA010004812020,BRDA01,DJ Division,BR,Bihar,BA,2020-01-17,2020-01-18,1,2020_filed,2020,2020,True,district
BRDA010004832020,BRDA01,DJ Division,BR,Bihar,BA,2020-01-17,2020-01-27,10,2020_filed,2020,2020,True,district
BRDA010007872020,BRDA01,DJ Division,BR,Bihar,BA,2020-01-28,2020-03-21,53,2020_filed,2020,2020,True,district
BRDA010004822020,BRDA01,DJ Division,BR,Bihar,BA,2020-01-17,2020-03-03,46,2020_filed,2020,2020,True,district
BRDA010007892020,BRDA01,DJ Division,BR,Bihar,BA,2020-01-28,2020-02-17,20,2020_filed,2020,2020,True,district
BRDA010011512020,BRDA01,DJ Division,BR,Bihar,BA,2020-02-13,2020-02-25,12,2020_filed,2020,2020,True,district
BRDA010007882020,BRDA01,DJ Division,BR,Bihar,BA,2020-01-28,2020-02-17,20,2020_filed,2020,2020,True,district
BRDA010011482020,BRDA01,DJ Division,BR,Bihar,BA,2020-02-13,2020-02-27,14,2020_filed,2020,2020,True,district
BRDA010015562020,BRDA01,DJ Division,BR,Bihar,BA,2020-02-27,2020-02-29,2,2020_filed,2020,2020,True,district
BRDA010015582020,BRDA01,DJ Division,BR,Bihar,BA,2020-02-27,2020-09-24,210,2020_filed,2020,2020,True,district
BRDA010011502020,BRDA01,DJ Division,BR,Bihar,BA,2020-02-13,2020-02-27,14,2020_filed,2020,2020,True,district
BRDA010018812020,BRDA01,DJ Division,BR,Bihar,BA,2020-03-13,2020-03-23,10,2020_filed,2020,2020,True,district
BRDA010018792020,BRDA01,DJ Division,BR,Bihar,BA,2020-03-13,2020-07-24,133,2020_filed,2020,2020,True,district
BRDA010018802020,BRDA01,DJ Division,BR,Bihar,BA,2020-03-13,2020-03-23,10,2020_filed,2020,2020,True,district
BRMP010010582020,BRMP01,D.J. Establishment,BR,Bihar,BA,2020-03-23,2020-06-09,78,2020_filed,2020,2020,True,district
BRMP010010592020,BRMP01,D.J. Establishment,BR,Bihar,BA,2020-03-23,2020-06-23,92,2020_filed,2020,2020,True,district
BRMP010010602020,BRMP01,D.J. Establishment,BR,Bihar,BA,2020-03-23,2020-06-16,85,2020_filed,2020,2020,True,district
BRMP010010612020,BRMP01,D.J. Establishment,BR,Bihar,BA,2020-03-23,2020-04-28,36,2020_filed,2020,2020,True,district
BRMP010024182020,BRMP01,D.J. Establishment,BR,Bihar,BA,2020-09-17,2020-10-15,28,2020_filed,2020,2020,True,district
BRMP010024232020,BRMP01,D.J. Establishment,BR,Bihar,BA,2020-09-18,2020-10-05,17,2020_filed,2020,2020,True,district
BRMP010024192020,BRMP01,D.J. Establishment,BR,Bihar,BA,2020-09-17,2020-10-06,19,2020_filed,2020,2020,True,district
BRMP010024212020,BRMP01,D.J. Establishment,BR,Bihar,BA,2020-09-17,2020-10-21,34,2020_filed,2020,2020,True,district
BRMP010024252020,BRMP01,D.J. Establishment,BR,Bihar,BA,2020-09-18,2021-01-15,119,2020_filed,2020,2021,True,district
BRMP010024202020,BRMP01,D.J. Establishment,BR,Bihar,BA,2020-09-17,2020-10-07,20,2020_filed,2020,2020,True,district
BRMP010024272020,BRMP01,D.J. Establishment,BR,Bihar,BA,2020-09-18,2021-01-15,119,2020_filed,2020,2021,True,district
BRMP010024262020,BRMP01,D.J. Establishment,BR,Bihar,BA,2020-09-18,2020-12-10,83,2020_filed,2020,2020,True,district
BRMP010010622020,BRMP01,D.J. Establishment,BR,Bihar,BA,2020-03-23,2020-06-23,92,2020_filed,2020,2020,True,district
BRMP010024242020,BRMP01,D.J. Establishment,BR,Bihar,BA,2020-09-18,2020-10-06,18,2020_filed,2020,2020,True,district
BRAR010048302020,BRAR01,DJ DIVISION,BR,Bihar,BA,2020-12-05,2020-12-21,16,2020_filed,2020,2020,True,district
BRSW010031122020,BRSW01,DJ Division,BR,Bihar,BA,2020-07-02,2020-09-16,76,2020_filed,2020,2020,True,district
BRSW010031112020,BRSW01,DJ Division,BR,Bihar,BA,2020-07-02,2020-09-18,78,2020_filed,2020,2020,True,district
BRSW010031132020,BRSW01,DJ Division,BR,Bihar,BA,2020-07-02,2020-07-04,2,2020_filed,2020,2020,True,district
BRGO010004122020,BRGO01,DJ Division,BR,Bihar,BA,2020-01-14,2020-02-05,22,2020_filed,2020,2020,True,district
BRGO010004142020,BRGO01,DJ Division,BR,Bihar,BA,2020-01-14,2020-02-05,22,2020_filed,2020,2020,True,district
BRGO010006312020,BRGO01,DJ Division,BR,Bihar,BA,2020-01-20,2020-01-28,8,2020_filed,2020,2020,True,district
BRGO010004132020,BRGO01,DJ Division,BR,Bihar,BA,2020-01-14,2020-01-27,13,2020_filed,2020,2020,True,district
BRGO010004162020,BRGO01,DJ Division,BR,Bihar,BA,2020-01-14,2020-01-16,2,2020_filed,2020,2020,True,district
BRSW010031102020,BRSW01,DJ Division,BR,Bihar,BA,2020-07-02,2020-07-13,11,2020_filed,2020,2020,True,district
BRKI010000552020,BRKI01,DJ DIVISION,BR,Bihar,BA,2020-01-09,2020-02-12,34,2020_filed,2020,2020,True,district
BRNL010002532020,BRNL01,D.J. Division Nalanda,BR,Bihar,BA,2020-01-09,2020-01-21,12,2020_filed,2020,2020,True,district
BRJA010001502020,BRJA01,DJ Division,BR,Bihar,BA,2020-01-13,2020-01-31,18,2020_filed,2020,2020,True,district
BRJA010001482020,BRJA01,DJ Division,BR,Bihar,BA,2020-01-13,2020-02-27,45,2020_filed,2020,2020,True,district
BRSW010052862020,BRSW01,DJ Division,BR,Bihar,BA,2020-10-12,2020-11-05,24,2020_filed,2020,2020,True,district
BRSW010052922020,BRSW01,DJ Division,BR,Bihar,BA,2020-10-12,2020-10-20,8,2020_filed,2020,2020,True,district
BRSW010052932020,BRSW01,DJ Division,BR,Bihar,BA,2020-10-12,2020-11-02,21,2020_filed,2020,2020,True,district
BRSW010057992020,BRSW01,DJ Division,BR,Bihar,BA,2020-11-09,2021-01-04,56,2020_filed,2020,2021,True,district
BRSW010052912020,BRSW01,DJ Division,BR,Bihar,BA,2020-10-12,2020-10-15,3,2020_filed,2020,2020,True,district
BRSW010047042020,BRSW01,DJ Division,BR,Bihar,BA,2020-09-18,2020-09-21,3,2020_filed,2020,2020,True,district
BRSW010052872020,BRSW01,DJ Division,BR,Bihar,BA,2020-10-12,2020-10-19,7,2020_filed,2020,2020,True,district
BRSW010052812020,BRSW01,DJ Division,BR,Bihar,BA,2020-10-12,2020-12-10,59,2020_filed,2020,2020,True,district
BRSW010052882020,BRSW01,DJ Division,BR,Bihar,BA,2020-10-12,2020-11-12,31,2020_filed,2020,2020,True,district
BRSW010052832020,BRSW01,DJ Division,BR,Bihar,BA,2020-10-12,2020-11-27,46,2020_filed,2020,2020,True,district
BRSW010047062020,BRSW01,DJ Division,BR,Bihar,BA,2020-09-18,2021-06-16,271,2020_filed,2020,2021,True,district
BRSW010052822020,BRSW01,DJ Division,BR,Bihar,BA,2020-10-12,2020-12-10,59,2020_filed,2020,2020,True,district
BRSW010052802020,BRSW01,DJ Division,BR,Bihar,BA,2020-10-12,2020-11-28,47,2020_filed,2020,2020,True,district
BRSW010052842020,BRSW01,DJ Division,BR,Bihar,BA,2020-10-12,2020-11-25,44,2020_filed,2020,2020,True,district
BRSW010052902020,BRSW01,DJ Division,BR,Bihar,BA,2020-10-12,2020-11-04,23,2020_filed,2020,2020,True,district
BRSW010052892020,BRSW01,DJ Division,BR,Bihar,BA,2020-10-12,2020-11-06,25,2020_filed,2020,2020,True,district
BRSW010047052020,BRSW01,DJ Division,BR,Bihar,BA,2020-09-18,2021-01-18,122,2020_filed,2020,2021,True,district
BRSW010052852020,BRSW01,DJ Division,BR,Bihar,BA,2020-10-12,2021-01-07,87,2020_filed,2020,2021,True,district
BRSW010058122020,BRSW01,DJ Division,BR,Bihar,BA,2020-11-10,2020-11-26,16,2020_filed,2020,2020,True,district
BRSW010058132020,BRSW01,DJ Division,BR,Bihar,BA,2020-11-10,2020-11-23,13,2020_filed,2020,2020,True,district
BRSW010058092020,BRSW01,DJ Division,BR,Bihar,BA,2020-11-09,2021-01-05,57,2020_filed,2020,2021,True,district
BRST010059982020,BRST01,Session Division,BR,Bihar,BA,2020-11-11,2021-01-12,62,2020_filed,2020,2021,True,district
BRBJ010002212020,BRBJ01,District and Sessions Judge Div.,BR,Bihar,BA,2020-01-09,2020-01-17,8,2020_filed,2020,2020,True,district
BRSP010016362020,BRSP01,"DJ Division, Sheikhpura",BR,Bihar,BA,2020-10-31,2020-11-26,26,2020_filed,2020,2020,True,district
BRSP010016352020,BRSP01,"DJ Division, Sheikhpura",BR,Bihar,BA,2020-10-31,2020-11-06,6,2020_filed,2020,2020,True,district
BRDA010000202020,BRDA01,DJ Division,BR,Bihar,BA,2020-01-02,2020-02-13,42,2020_filed,2020,2020,True,district
BRDA010010492020,BRDA01,DJ Division,BR,Bihar,BA,2020-02-10,2020-02-13,3,2020_filed,2020,2020,True,district
BRST010046532020,BRST01,Session Division,BR,Bihar,BA,2020-09-14,2020-10-13,29,2020_filed,2020,2020,True,district
BRAR010038392020,BRAR01,DJ DIVISION,BR,Bihar,BA,2020-10-01,2020-11-25,55,2020_filed,2020,2020,True,district
BRST010046542020,BRST01,Session Division,BR,Bihar,BA,2020-09-14,2020-09-18,4,2020_filed,2020,2020,True,district
BRST010004402020,BRST01,Session Division,BR,Bihar,BA,2020-01-17,2020-03-05,48,2020_filed,2020,2020,True,district
BRST010004392020,BRST01,Session Division,BR,Bihar,BA,2020-01-17,2020-03-16,59,2020_filed,2020,2020,True,district
BRST010004412020,BRST01,Session Division,BR,Bihar,BA,2020-01-17,2020-03-12,55,2020_filed,2020,2020,True,district
BRST010023892020,BRST01,Session Division,BR,Bihar,BA,2020-05-13,2020-06-15,33,2020_filed,2020,2020,True,district
BRST010023902020,BRST01,Session Division,BR,Bihar,BA,2020-05-14,2020-06-24,41,2020_filed,2020,2020,True,district
BRST010023912020,BRST01,Session Division,BR,Bihar,BA,2020-05-14,2020-06-08,25,2020_filed,2020,2020,True,district
BRST010023932020,BRST01,Session Division,BR,Bihar,BA,2020-05-14,2020-06-25,42,2020_filed,2020,2020,True,district
BRST010023962020,BRST01,Session Division,BR,Bihar,BA,2020-05-14,2020-06-24,41,2020_filed,2020,2020,True,district
BRST010023972020,BRST01,Session Division,BR,Bihar,BA,2020-05-14,2020-06-12,29,2020_filed,2020,2020,True,district
BRST010023982020,BRST01,Session Division,BR,Bihar,BA,2020-05-15,2020-05-29,14,2020_filed,2020,2020,True,district
BRST010023942020,BRST01,Session Division,BR,Bihar,BA,2020-05-14,2020-06-22,39,2020_filed,2020,2020,True,district
BRST010023992020,BRST01,Session Division,BR,Bihar,BA,2020-05-15,2020-07-02,48,2020_filed,2020,2020,True,district
BRST010023922020,BRST01,Session Division,BR,Bihar,BA,2020-05-14,2020-06-08,25,2020_filed,2020,2020,True,district
BRST010023952020,BRST01,Session Division,BR,Bihar,BA,2020-05-14,2020-08-17,95,2020_filed,2020,2020,True,district
BRST010024002020,BRST01,Session Division,BR,Bihar,BA,2020-05-15,2020-07-06,52,2020_filed,2020,2020,True,district
BRPU010004192020,BRPU01,"PDJ DIVISION, PURNEA",BR,Bihar,BA,2020-01-20,2020-02-25,36,2020_filed,2020,2020,True,district
KAHC010698792024,KAHC01,High Court of Karnataka (Bangalore),KA,Karnataka,WP_C,2024-11-30,2024-12-16,16,2024_disposed,2024,2024,True,hc
KAHC010728542024,KAHC01,High Court of Karnataka (Bangalore),KA,Karnataka,WP_C,2024-12-12,2024-12-18,6,2024_disposed,2024,2024,True,hc
KAHC010728552024,KAHC01,High Court of Karnataka (Bangalore),KA,Karnataka,WP_C,2024-12-12,2024-12-20,8,2024_disposed,2024,2024,True,hc
KAHC010728612024,KAHC01,High Court of Karnataka (Bangalore),KA,Karnataka,WP_C,2024-12-12,2024-12-19,7,2024_disposed,2024,2024,True,hc
HCBM010424322018,HCBM01,"Bombay HC (Principal, Appellate)",MH,Maharashtra,WP_C,2018-09-14,2024-12-16,2285,2024_disposed,2018,2024,True,hc
KAHC010532512023,KAHC01,High Court of Karnataka (Bangalore),KA,Karnataka,WP_C,2023-10-05,2024-01-09,96,2024_disposed,2023,2024,True,hc
KAHC010353612020,KAHC01,High Court of Karnataka (Bangalore),KA,Karnataka,WP_C,2020-11-18,2024-11-06,1449,2020_filed,2020,2024,True,hc
KAHC010353612020,KAHC01,High Court of Karnataka (Bangalore),KA,Karnataka,WP_C,2020-11-18,2024-11-06,1449,2024_disposed,2020,2024,True,hc
KAHC010044152022,KAHC01,High Court of Karnataka (Bangalore),KA,Karnataka,WP_C,2022-01-25,2024-11-23,1033,2024_disposed,2022,2024,True,hc
KAHC010052582024,KAHC01,High Court of Karnataka (Bangalore),KA,Karnataka,WP_C,2024-01-24,2024-02-21,28,2024_disposed,2024,2024,True,hc
KAHC010057322021,KAHC01,High Court of Karnataka (Bangalore),KA,Karnataka,WP_C,2021-02-05,2024-04-22,1172,2024_disposed,2021,2024,True,hc
KAHC010518582024,KAHC01,High Court of Karnataka (Bangalore),KA,Karnataka,WP_C,2024-09-03,2024-09-11,8,2024_disposed,2024,2024,True,hc
KAHC010709882024,KAHC01,High Court of Karnataka (Bangalore),KA,Karnataka,WP_C,2024-12-05,2024-12-16,11,2024_disposed,2024,2024,True,hc
KAHC010686912023,KAHC01,High Court of Karnataka (Bangalore),KA,Karnataka,WP_C,2023-12-20,2024-01-08,19,2024_disposed,2023,2024,True,hc
KAHC010340392022,KAHC01,High Court of Karnataka (Bangalore),KA,Karnataka,WP_C,2022-07-26,2024-09-04,771,2024_disposed,2022,2024,True,hc
KAHC010347122023,KAHC01,High Court of Karnataka (Bangalore),KA,Karnataka,WP_C,2023-07-07,2024-07-01,360,2024_disposed,2023,2024,True,hc
KAHC010347122020,KAHC01,High Court of Karnataka (Bangalore),KA,Karnataka,WP_C,2020-11-12,2024-07-23,1349,2020_filed,2020,2024,True,hc
KAHC010347122020,KAHC01,High Court of Karnataka (Bangalore),KA,Karnataka,WP_C,2020-11-12,2024-07-23,1349,2024_disposed,2020,2024,True,hc
KAHC010369912022,KAHC01,High Court of Karnataka (Bangalore),KA,Karnataka,WP_C,2022-08-12,2024-08-07,726,2024_disposed,2022,2024,True,hc
HCBM010236752023,HCBM01,"Bombay HC (Principal, Appellate)",MH,Maharashtra,WP_C,2023-05-18,2024-07-01,410,2024_disposed,2023,2024,True,hc
HCBM010238212018,HCBM01,"Bombay HC (Principal, Appellate)",MH,Maharashtra,WP_C,2018-05-28,2024-08-08,2264,2024_disposed,2018,2024,True,hc
HCBM010245352021,HCBM01,"Bombay HC (Principal, Appellate)",MH,Maharashtra,WP_C,2021-07-16,2024-08-14,1125,2024_disposed,2021,2024,True,hc
DLHC010035612023,DLHC01,"High Court, Delhi",DL,Delhi,CS,2023-02-02,2024-01-12,344,2024_disposed,2023,2024,True,hc
HCBM010249112024,HCBM01,"Bombay HC (Principal, Appellate)",MH,Maharashtra,WP_C,2024-05-08,2024-05-14,6,2024_disposed,2024,2024,True,hc
HCBM010249122007,HCBM01,"Bombay HC (Principal, Appellate)",MH,Maharashtra,WP_C,2007-08-08,2024-06-14,6155,2024_disposed,2007,2024,True,hc
HCBM010245362023,HCBM01,"Bombay HC (Principal, Appellate)",MH,Maharashtra,WP_C,2023-06-05,2024-10-24,507,2024_disposed,2023,2024,True,hc
HCBM010249122003,HCBM01,"Bombay HC (Principal, Appellate)",MH,Maharashtra,WP_C,2003-02-21,2024-08-20,7851,2024_disposed,2003,2024,True,hc
HCBM010203172023,HCBM01,"Bombay HC (Principal, Appellate)",MH,Maharashtra,WP_C,2023-04-25,2024-07-30,462,2024_disposed,2023,2024,True,hc
DLHC010160502020,DLHC01,"High Court, Delhi",DL,Delhi,WP_C,2020-03-07,2020-03-16,9,2020_filed,2020,2020,False,hc
DLHC010165802020,DLHC01,"High Court, Delhi",DL,Delhi,WP_C,2020-04-27,2020-07-23,87,2020_filed,2020,2020,True,hc
DLHC010169302020,DLHC01,"High Court, Delhi",DL,Delhi,WP_C,2020-05-16,2020-05-21,5,2020_filed,2020,2020,True,hc
DLHC010283982020,DLHC01,"High Court, Delhi",DL,Delhi,WP_C,2020-10-13,2021-01-21,100,2020_filed,2020,2021,False,hc
DLHC010381722021,DLHC01,"High Court, Delhi",DL,Delhi,WP_C,2020-11-11,2020-11-12,1,2020_filed,2020,2020,True,hc
DLHC010071562020,DLHC01,"High Court, Delhi",DL,Delhi,WP_C,2020-12-20,2021-03-15,85,2020_filed,2020,2021,False,hc
DLHC010160252020,DLHC01,"High Court, Delhi",DL,Delhi,WP_C,2020-03-13,2022-07-25,864,2020_filed,2020,2022,False,hc
DLHC010160272020,DLHC01,"High Court, Delhi",DL,Delhi,WP_C,2020-03-13,2021-08-10,515,2020_filed,2020,2021,True,hc
DLHC010163892020,DLHC01,"High Court, Delhi",DL,Delhi,WP_C,2020-04-13,2020-04-15,2,2020_filed,2020,2020,True,hc
DLHC010163922020,DLHC01,"High Court, Delhi",DL,Delhi,WP_C,2020-04-13,2022-05-04,751,2020_filed,2020,2022,False,hc
DLHC010160262020,DLHC01,"High Court, Delhi",DL,Delhi,WP_C,2020-03-13,2022-07-25,864,2020_filed,2020,2022,False,hc
DLHC010284002020,DLHC01,"High Court, Delhi",DL,Delhi,WP_C,2020-10-14,2020-12-11,58,2020_filed,2020,2020,False,hc
DLHC010284022020,DLHC01,"High Court, Delhi",DL,Delhi,WP_C,2020-10-12,2020-11-12,31,2020_filed,2020,2020,False,hc
DLHC010286642020,DLHC01,"High Court, Delhi",DL,Delhi,WP_C,2020-10-17,2022-02-14,485,2020_filed,2020,2022,False,hc
DLHC010286652020,DLHC01,"High Court, Delhi",DL,Delhi,WP_C,2020-10-19,2020-10-20,1,2020_filed,2020,2020,False,hc
DLHC010286662020,DLHC01,"High Court, Delhi",DL,Delhi,WP_C,2020-10-18,2021-02-17,122,2020_filed,2020,2021,False,hc
DLHC010318082022,DLHC01,"High Court, Delhi",DL,Delhi,WP_C,2020-12-15,2021-02-24,71,2020_filed,2020,2021,True,hc
DLHC010037312020,DLHC01,"High Court, Delhi",DL,Delhi,WP_C,2020-01-13,2020-01-24,11,2020_filed,2020,2020,True,hc
DLHC010031362020,DLHC01,"High Court, Delhi",DL,Delhi,WP_C,2020-03-17,2022-09-06,903,2020_filed,2020,2022,False,hc
DLHC010037332020,DLHC01,"High Court, Delhi",DL,Delhi,WP_C,2020-01-14,2020-01-17,3,2020_filed,2020,2020,True,hc
DLHC010342412020,DLHC01,"High Court, Delhi",DL,Delhi,WP_C,2020-12-14,2021-03-15,91,2020_filed,2020,2021,False,hc
DLHC010079552020,DLHC01,"High Court, Delhi",DL,Delhi,WP_C,2020-01-06,2020-01-07,1,2020_filed,2020,2020,True,hc
DLHC010086272020,DLHC01,"High Court, Delhi",DL,Delhi,WP_C,2020-01-10,2023-02-06,1123,2020_filed,2020,2023,False,hc
DLHC010180812020,DLHC01,"High Court, Delhi",DL,Delhi,WP_C,2020-06-15,2020-06-17,2,2020_filed,2020,2020,True,hc
DLHC010186172020,DLHC01,"High Court, Delhi",DL,Delhi,WP_C,2020-06-25,2021-12-02,525,2020_filed,2020,2021,False,hc
DLHC010195092020,DLHC01,"High Court, Delhi",DL,Delhi,WP_C,2020-07-08,2020-09-07,61,2020_filed,2020,2020,True,hc
DLHC010326232020,DLHC01,"High Court, Delhi",DL,Delhi,WP_C,2020-11-29,2021-03-15,106,2020_filed,2020,2021,False,hc
DLHC010326242020,DLHC01,"High Court, Delhi",DL,Delhi,WP_C,2020-11-29,2021-03-15,106,2020_filed,2020,2021,False,hc
DLHC010326252020,DLHC01,"High Court, Delhi",DL,Delhi,WP_C,2020-11-29,2021-03-15,106,2020_filed,2020,2021,False,hc
DLHC010339692020,DLHC01,"High Court, Delhi",DL,Delhi,WP_C,2020-12-04,2023-10-06,1036,2020_filed,2020,2023,True,hc
DLHC010339752020,DLHC01,"High Court, Delhi",DL,Delhi,WP_C,2020-12-10,2020-12-14,4,2020_filed,2020,2020,True,hc
DLHC010326262020,DLHC01,"High Court, Delhi",DL,Delhi,WP_C,2020-11-29,2021-03-15,106,2020_filed,2020,2021,False,hc
DLHC010326272020,DLHC01,"High Court, Delhi",DL,Delhi,WP_C,2020-11-29,2021-03-15,106,2020_filed,2020,2021,False,hc
DLHC010199522020,DLHC01,"High Court, Delhi",DL,Delhi,WP_C,2020-07-15,2021-02-10,210,2020_filed,2020,2021,True,hc
DLHC010199542020,DLHC01,"High Court, Delhi",DL,Delhi,WP_C,2020-07-16,2021-03-16,243,2020_filed,2020,2021,False,hc
DLHC010199532020,DLHC01,"High Court, Delhi",DL,Delhi,WP_C,2020-07-15,2022-09-12,789,2020_filed,2020,2022,False,hc
DLHC010212402020,DLHC01,"High Court, Delhi",DL,Delhi,WP_C,2020-07-28,2020-08-07,10,2020_filed,2020,2020,True,hc
DLHC010214172020,DLHC01,"High Court, Delhi",DL,Delhi,WP_C,2020-08-05,2022-03-10,582,2020_filed,2020,2022,False,hc
DLHC010214182020,DLHC01,"High Court, Delhi",DL,Delhi,WP_C,2020-08-04,2020-10-21,78,2020_filed,2020,2020,False,hc
DLHC010212432020,DLHC01,"High Court, Delhi",DL,Delhi,WP_C,2020-07-30,2020-09-25,57,2020_filed,2020,2020,False,hc
DLHC010339772020,DLHC01,"High Court, Delhi",DL,Delhi,WP_C,2020-12-10,2020-12-14,4,2020_filed,2020,2020,False,hc
DLHC010346802020,DLHC01,"High Court, Delhi",DL,Delhi,WP_C,2020-12-16,2021-08-04,231,2020_filed,2020,2021,False,hc
DLHC010357442020,DLHC01,"High Court, Delhi",DL,Delhi,WP_C,2020-12-18,2022-11-02,684,2020_filed,2020,2022,False,hc
DLHC010329612020,DLHC01,"High Court, Delhi",DL,Delhi,WP_C,2020-01-10,2022-03-10,790,2020_filed,2020,2022,False,hc
DLHC010093262020,DLHC01,"High Court, Delhi",DL,Delhi,WP_C,2020-01-20,2020-01-21,1,2020_filed,2020,2020,True,hc
DLHC010180422020,DLHC01,"High Court, Delhi",DL,Delhi,WP_C,2020-06-15,2020-06-16,1,2020_filed,2020,2020,True,hc
DLHC010189032020,DLHC01,"High Court, Delhi",DL,Delhi,WP_C,2020-07-01,2020-07-08,7,2020_filed,2020,2020,True,hc
HCBM010236742020,HCBM01,"Bombay HC (Principal, Appellate)",MH,Maharashtra,BA,2020-11-26,2022-06-08,559,2020_filed,2020,2022,True,hc
HCBM010238722020,HCBM01,"Bombay HC (Principal, Appellate)",MH,Maharashtra,BA,2020-11-27,2022-12-08,741,2020_filed,2020,2022,True,hc
HCBM010019052020,HCBM01,"Bombay HC (Principal, Appellate)",MH,Maharashtra,BA,2020-01-16,2021-07-31,562,2020_filed,2020,2021,True,hc
HCBM010215292020,HCBM01,"Bombay HC (Principal, Appellate)",MH,Maharashtra,BA,2020-11-07,2021-12-15,403,2020_filed,2020,2021,True,hc
HCBM010037282020,HCBM01,"Bombay HC (Principal, Appellate)",MH,Maharashtra,BA,2020-01-30,2020-09-30,244,2020_filed,2020,2020,True,hc
HCBM010038282020,HCBM01,"Bombay HC (Principal, Appellate)",MH,Maharashtra,BA,2020-01-31,2021-07-31,547,2020_filed,2020,2021,True,hc
HCBM010004662020,HCBM01,"Bombay HC (Principal, Appellate)",MH,Maharashtra,BA,2020-01-04,2021-07-22,565,2020_filed,2020,2021,True,hc
HCBM010011012020,HCBM01,"Bombay HC (Principal, Appellate)",MH,Maharashtra,BA,2020-01-09,2020-08-03,207,2020_filed,2020,2020,False,hc
HCBM010098692020,HCBM01,"Bombay HC (Principal, Appellate)",MH,Maharashtra,BA,2020-04-08,2021-03-17,343,2020_filed,2020,2021,True,hc
HCBM010016122020,HCBM01,"Bombay HC (Principal, Appellate)",MH,Maharashtra,BA,2020-01-14,2021-02-23,406,2020_filed,2020,2021,True,hc
HCBM010072762020,HCBM01,"Bombay HC (Principal, Appellate)",MH,Maharashtra,BA,2020-02-28,2020-07-27,150,2020_filed,2020,2020,True,hc
HCBM010082142020,HCBM01,"Bombay HC (Principal, Appellate)",MH,Maharashtra,BA,2020-03-06,2021-08-05,517,2020_filed,2020,2021,True,hc
HCBM010062222020,HCBM01,"Bombay HC (Principal, Appellate)",MH,Maharashtra,BA,2020-02-20,2021-03-24,398,2020_filed,2020,2021,True,hc
HCBM010062242020,HCBM01,"Bombay HC (Principal, Appellate)",MH,Maharashtra,BA,2020-02-20,2020-09-30,223,2020_filed,2020,2020,True,hc
HCBM010095902020,HCBM01,"Bombay HC (Principal, Appellate)",MH,Maharashtra,BA,2020-03-19,2022-11-11,967,2020_filed,2020,2022,True,hc
HCBM010045532020,HCBM01,"Bombay HC (Principal, Appellate)",MH,Maharashtra,BA,2020-02-05,2021-07-31,542,2020_filed,2020,2021,True,hc
HCBM010037542020,HCBM01,"Bombay HC (Principal, Appellate)",MH,Maharashtra,BA,2020-01-30,2021-01-22,358,2020_filed,2020,2021,False,hc
HCBM010038992020,HCBM01,"Bombay HC (Principal, Appellate)",MH,Maharashtra,BA,2020-01-22,2021-11-24,672,2020_filed,2020,2021,True,hc
HCBM010249822020,HCBM01,"Bombay HC (Principal, Appellate)",MH,Maharashtra,BA,2020-12-04,2021-03-22,108,2020_filed,2020,2021,True,hc
HCBM010016152020,HCBM01,"Bombay HC (Principal, Appellate)",MH,Maharashtra,BA,2020-01-14,2021-04-08,450,2020_filed,2020,2021,True,hc
HCBM010004282020,HCBM01,"Bombay HC (Principal, Appellate)",MH,Maharashtra,BA,2020-01-03,2021-07-17,561,2020_filed,2020,2021,True,hc
HCBM010004292020,HCBM01,"Bombay HC (Principal, Appellate)",MH,Maharashtra,BA,2020-01-04,2021-07-17,560,2020_filed,2020,2021,True,hc
HCBM010071592020,HCBM01,"Bombay HC (Principal, Appellate)",MH,Maharashtra,BA,2020-02-27,2021-06-21,480,2020_filed,2020,2021,True,hc
HCBM010058462020,HCBM01,"Bombay HC (Principal, Appellate)",MH,Maharashtra,BA,2020-02-17,2021-10-30,621,2020_filed,2020,2021,True,hc
HCBM010176392020,HCBM01,"Bombay HC (Principal, Appellate)",MH,Maharashtra,BA,2020-09-25,2021-03-25,181,2020_filed,2020,2021,True,hc
HCBM010291072020,HCBM01,"Bombay HC (Principal, Appellate)",MH,Maharashtra,BA,2020-12-23,2023-02-03,772,2020_filed,2020,2023,True,hc
HCBM010291062020,HCBM01,"Bombay HC (Principal, Appellate)",MH,Maharashtra,BA,2020-12-23,2021-03-05,72,2020_filed,2020,2021,True,hc
HCBM010291082020,HCBM01,"Bombay HC (Principal, Appellate)",MH,Maharashtra,BA,2020-12-23,2021-07-05,194,2020_filed,2020,2021,True,hc
HCBM010077712020,HCBM01,"Bombay HC (Principal, Appellate)",MH,Maharashtra,BA,2020-03-03,2022-07-11,860,2020_filed,2020,2022,True,hc
HCBM010089542020,HCBM01,"Bombay HC (Principal, Appellate)",MH,Maharashtra,BA,2020-03-12,2022-07-04,844,2020_filed,2020,2022,True,hc
HCBM010055862020,HCBM01,"Bombay HC (Principal, Appellate)",MH,Maharashtra,BA,2020-02-14,2020-09-16,215,2020_filed,2020,2020,False,hc
HCBM010060662020,HCBM01,"Bombay HC (Principal, Appellate)",MH,Maharashtra,BA,2020-02-18,2020-10-28,253,2020_filed,2020,2020,True,hc
HCBM010054722020,HCBM01,"Bombay HC (Principal, Appellate)",MH,Maharashtra,BA,2020-02-13,2021-07-31,534,2020_filed,2020,2021,True,hc
HCBM010279962020,HCBM01,"Bombay HC (Principal, Appellate)",MH,Maharashtra,BA,2020-12-18,2021-08-04,229,2020_filed,2020,2021,True,hc
HCBM010295962020,HCBM01,"Bombay HC (Principal, Appellate)",MH,Maharashtra,BA,2020-12-28,2022-08-10,590,2020_filed,2020,2022,True,hc
HCBM010034482020,HCBM01,"Bombay HC (Principal, Appellate)",MH,Maharashtra,BA,2020-01-27,2020-09-21,238,2020_filed,2020,2020,True,hc
HCBM010080192020,HCBM01,"Bombay HC (Principal, Appellate)",MH,Maharashtra,BA,2020-03-05,2022-03-28,753,2020_filed,2020,2022,True,hc
HCBM010085992020,HCBM01,"Bombay HC (Principal, Appellate)",MH,Maharashtra,BA,2020-03-09,2021-03-12,368,2020_filed,2020,2021,True,hc
HCBM010244522020,HCBM01,"Bombay HC (Principal, Appellate)",MH,Maharashtra,BA,2020-12-02,2020-12-15,13,2020_filed,2020,2020,True,hc
HCBM010086482020,HCBM01,"Bombay HC (Principal, Appellate)",MH,Maharashtra,BA,2020-03-09,2022-07-04,847,2020_filed,2020,2022,True,hc
HCBM010004592020,HCBM01,"Bombay HC (Principal, Appellate)",MH,Maharashtra,BA,2020-01-04,2020-02-03,30,2020_filed,2020,2020,True,hc
HCBM010090212020,HCBM01,"Bombay HC (Principal, Appellate)",MH,Maharashtra,BA,2020-03-13,2021-02-09,333,2020_filed,2020,2021,True,hc
HCBM010064002020,HCBM01,"Bombay HC (Principal, Appellate)",MH,Maharashtra,BA,2020-02-21,2021-10-30,617,2020_filed,2020,2021,True,hc
HCBM010002882020,HCBM01,"Bombay HC (Principal, Appellate)",MH,Maharashtra,BA,2020-01-03,2020-02-17,45,2020_filed,2020,2020,True,hc
HCBM010061572020,HCBM01,"Bombay HC (Principal, Appellate)",MH,Maharashtra,BA,2020-02-20,2020-03-16,25,2020_filed,2020,2020,True,hc
HCBM010249652020,HCBM01,"Bombay HC (Principal, Appellate)",MH,Maharashtra,BA,2020-12-04,2021-02-22,80,2020_filed,2020,2021,True,hc
HCBM010249672020,HCBM01,"Bombay HC (Principal, Appellate)",MH,Maharashtra,BA,2020-12-04,2022-02-09,432,2020_filed,2020,2022,True,hc
HCBM010272082020,HCBM01,"Bombay HC (Principal, Appellate)",MH,Maharashtra,BA,2020-12-15,2021-01-18,34,2020_filed,2020,2021,True,hc
CGHC010188792024,CGHC01,"High Court, Chhattisgarh",CG,Chhattisgarh,WP_C,2024-06-10,2024-06-20,10,2024_disposed,2024,2024,True,hc
CGHC010311202024,CGHC01,"High Court, Chhattisgarh",CG,Chhattisgarh,WP_C,2024-09-05,2024-09-11,6,2024_disposed,2024,2024,True,hc
CGHC010330942023,CGHC01,"High Court, Chhattisgarh",CG,Chhattisgarh,WP_C,2023-09-27,2024-08-06,314,2024_disposed,2023,2024,True,hc
CGHC010390252024,CGHC01,"High Court, Chhattisgarh",CG,Chhattisgarh,WP_C,2024-11-07,2024-11-08,1,2024_disposed,2024,2024,True,hc
CGHC010330962024,CGHC01,"High Court, Chhattisgarh",CG,Chhattisgarh,WP_C,2024-09-20,2024-12-17,88,2024_disposed,2024,2024,True,hc
CGHC010334762023,CGHC01,"High Court, Chhattisgarh",CG,Chhattisgarh,WP_C,2023-10-03,2024-07-01,272,2024_disposed,2023,2024,True,hc
CGHC010342522024,CGHC01,"High Court, Chhattisgarh",CG,Chhattisgarh,WP_C,2024-09-30,2024-10-04,4,2024_disposed,2024,2024,True,hc
CGHC010374692024,CGHC01,"High Court, Chhattisgarh",CG,Chhattisgarh,WP_C,2024-10-22,2024-11-04,13,2024_disposed,2024,2024,True,hc
CGHC010334792021,CGHC01,"High Court, Chhattisgarh",CG,Chhattisgarh,WP_C,2021-12-07,2024-06-21,927,2024_disposed,2021,2024,True,hc
CGHC010374722019,CGHC01,"High Court, Chhattisgarh",CG,Chhattisgarh,WP_C,2019-11-05,2024-08-30,1760,2024_disposed,2019,2024,True,hc
GAHC010243862023,GAHC01,"High Court, Goa",AS,Assam,WP_C,2023-10-17,2024-05-31,227,2024_disposed,2023,2024,True,hc
CGHC010200112017,CGHC01,"High Court, Chhattisgarh",CG,Chhattisgarh,WP_C,2017-02-20,2024-01-09,2514,2024_disposed,2017,2024,True,hc
CGHC010205022024,CGHC01,"High Court, Chhattisgarh",CG,Chhattisgarh,WP_C,2024-06-20,2024-06-26,6,2024_disposed,2024,2024,True,hc
CGHC010205032024,CGHC01,"High Court, Chhattisgarh",CG,Chhattisgarh,WP_C,2024-06-20,2024-06-26,6,2024_disposed,2024,2024,True,hc
CGHC010205052024,CGHC01,"High Court, Chhattisgarh",CG,Chhattisgarh,WP_C,2024-06-20,2024-06-26,6,2024_disposed,2024,2024,True,hc
CGHC010205072020,CGHC01,"High Court, Chhattisgarh",CG,Chhattisgarh,WP_C,2020-09-03,2024-09-09,1467,2020_filed,2020,2024,True,hc
CGHC010205072020,CGHC01,"High Court, Chhattisgarh",CG,Chhattisgarh,WP_C,2020-09-03,2024-09-09,1467,2024_disposed,2020,2024,True,hc
CGHC010205062024,CGHC01,"High Court, Chhattisgarh",CG,Chhattisgarh,WP_C,2024-06-20,2024-06-27,7,2024_disposed,2024,2024,True,hc
CGHC010205072014,CGHC01,"High Court, Chhattisgarh",CG,Chhattisgarh,WP_C,2014-12-24,2024-07-30,3506,2024_disposed,2014,2024,True,hc
GAHC010032442022,GAHC01,"High Court, Goa",AS,Assam,WP_C,2022-02-17,2024-06-03,837,2024_disposed,2022,2024,True,hc
GAHC010246062022,GAHC01,"High Court, Goa",AS,Assam,WP_C,2022-11-29,2024-11-07,709,2024_disposed,2022,2024,True,hc
GAHC010246222018,GAHC01,"High Court, Goa",AS,Assam,WP_C,2018-11-02,2024-03-27,1972,2024_disposed,2018,2024,True,hc
GAHC010246222022,GAHC01,"High Court, Goa",AS,Assam,WP_C,2022-11-29,2024-06-24,573,2024_disposed,2022,2024,True,hc
GAHC010232532024,GAHC01,"High Court, Goa",AS,Assam,WP_C,2024-11-04,2024-11-29,25,2024_disposed,2024,2024,True,hc
GAHC010234412023,GAHC01,"High Court, Goa",AS,Assam,WP_C,2023-10-10,2024-04-04,177,2024_disposed,2023,2024,True,hc
GAHC010232512024,GAHC01,"High Court, Goa",AS,Assam,BA,2024-11-04,2024-11-25,21,2024_disposed,2024,2024,True,hc
GAHC010232562024,GAHC01,"High Court, Goa",AS,Assam,BA,2024-11-04,2024-12-09,35,2024_disposed,2024,2024,True,hc
GAHC010234522024,GAHC01,"High Court, Goa",AS,Assam,WP_C,2024-11-06,2024-11-18,12,2024_disposed,2024,2024,True,hc
GAHC010234532022,GAHC01,"High Court, Goa",AS,Assam,WP_C,2022-11-15,2024-07-26,619,2024_disposed,2022,2024,True,hc
GAHC010243572024,GAHC01,"High Court, Goa",AS,Assam,WP_C,2024-11-18,2024-12-09,21,2024_disposed,2024,2024,True,hc
GAHC010243572023,GAHC01,"High Court, Goa",AS,Assam,BA,2023-10-17,2024-01-05,80,2024_disposed,2023,2024,True,hc
RJHC010551112020,RJHC01,High Court of Rajasthan (Jodhpur),RJ,Rajasthan,CRL_A,2020-11-12,2024-10-23,1441,2020_filed,2020,2024,True,hc
RJHC010551112020,RJHC01,High Court of Rajasthan (Jodhpur),RJ,Rajasthan,CRL_A,2020-11-12,2024-10-23,1441,2024_disposed,2020,2024,True,hc
RJHC010726472024,RJHC01,High Court of Rajasthan (Jodhpur),RJ,Rajasthan,CRL_A,2024-09-18,2024-09-19,1,2024_disposed,2024,2024,True,hc
RJHC010512002021,RJHC01,High Court of Rajasthan (Jodhpur),RJ,Rajasthan,CRL_A,2021-08-27,2024-02-02,889,2024_disposed,2021,2024,False,hc
RJHC010484432023,RJHC01,High Court of Rajasthan (Jodhpur),RJ,Rajasthan,CRL_A,2023-07-18,2024-01-11,177,2024_disposed,2023,2024,True,hc
RJHC010491802024,RJHC01,High Court of Rajasthan (Jodhpur),RJ,Rajasthan,CRL_A,2024-07-02,2024-07-23,21,2024_disposed,2024,2024,True,hc
RJHC010330892024,RJHC01,High Court of Rajasthan (Jodhpur),RJ,Rajasthan,CRL_A,2024-04-30,2024-05-21,21,2024_disposed,2024,2024,True,hc
RJHC010336752023,RJHC01,High Court of Rajasthan (Jodhpur),RJ,Rajasthan,CRL_A,2023-05-18,2024-02-14,272,2024_disposed,2023,2024,True,hc
RJHC010166052023,RJHC01,High Court of Rajasthan (Jodhpur),RJ,Rajasthan,CRL_A,2023-03-18,2024-11-21,614,2024_disposed,2023,2024,True,hc
RJHC010863742024,RJHC01,High Court of Rajasthan (Jodhpur),RJ,Rajasthan,CRL_A,2024-11-06,2024-12-19,43,2024_disposed,2024,2024,True,hc
RJHC010874262024,RJHC01,High Court of Rajasthan (Jodhpur),RJ,Rajasthan,CRL_A,2024-11-11,2024-11-21,10,2024_disposed,2024,2024,True,hc
RJHC010190312024,RJHC01,High Court of Rajasthan (Jodhpur),RJ,Rajasthan,CRL_A,2024-03-06,2024-09-20,198,2024_disposed,2024,2024,False,hc
MPHC010175112024,MPHC01,High Court of MP (Jabalpur),MP,Madhya Pradesh,CRL_A,2024-03-18,2024-08-13,148,2024_disposed,2024,2024,False,hc
RJHC010859322023,RJHC01,High Court of Rajasthan (Jodhpur),RJ,Rajasthan,CRL_A,2023-11-18,2024-01-25,68,2024_disposed,2023,2024,True,hc
RJHC010783192024,RJHC01,High Court of Rajasthan (Jodhpur),RJ,Rajasthan,CRL_A,2024-10-08,2024-10-25,17,2024_disposed,2024,2024,True,hc
RJHC010835602018,RJHC01,High Court of Rajasthan (Jodhpur),RJ,Rajasthan,CRL_A,2018-12-06,2024-01-12,1863,2024_disposed,2018,2024,True,hc
RJHC010059032020,RJHC01,High Court of Rajasthan (Jodhpur),RJ,Rajasthan,CRL_A,2020-01-23,2024-02-16,1485,2020_filed,2020,2024,True,hc
RJHC010059032020,RJHC01,High Court of Rajasthan (Jodhpur),RJ,Rajasthan,CRL_A,2020-01-23,2024-02-16,1485,2024_disposed,2020,2024,True,hc
RJHC010906442023,RJHC01,High Court of Rajasthan (Jodhpur),RJ,Rajasthan,CRL_A,2023-12-12,2024-08-16,248,2024_disposed,2023,2024,True,hc
RJHC010906432023,RJHC01,High Court of Rajasthan (Jodhpur),RJ,Rajasthan,CRL_A,2023-12-12,2024-03-20,99,2024_disposed,2023,2024,True,hc
RJHC010171052023,RJHC01,High Court of Rajasthan (Jodhpur),RJ,Rajasthan,CRL_A,2023-03-21,2024-12-19,639,2024_disposed,2023,2024,True,hc
RJHC010879892023,RJHC01,High Court of Rajasthan (Jodhpur),RJ,Rajasthan,CRL_A,2023-11-29,2024-07-31,245,2024_disposed,2023,2024,True,hc
RJHC010879952023,RJHC01,High Court of Rajasthan (Jodhpur),RJ,Rajasthan,CRL_A,2023-11-29,2024-03-28,120,2024_disposed,2023,2024,True,hc
RJHC010012272024,RJHC01,High Court of Rajasthan (Jodhpur),RJ,Rajasthan,CRL_A,2024-01-04,2024-05-08,125,2024_disposed,2024,2024,True,hc
RJHC010351442021,RJHC01,High Court of Rajasthan (Jodhpur),RJ,Rajasthan,CRL_A,2021-06-28,2024-04-08,1015,2024_disposed,2021,2024,True,hc
RJHC010435602024,RJHC01,High Court of Rajasthan (Jodhpur),RJ,Rajasthan,CRL_A,2024-05-31,2024-08-12,73,2024_disposed,2024,2024,True,hc
RJHC010520122023,RJHC01,High Court of Rajasthan (Jodhpur),RJ,Rajasthan,CRL_A,2023-07-28,2024-09-20,420,2024_disposed,2023,2024,True,hc
RJHC010351362024,RJHC01,High Court of Rajasthan (Jodhpur),RJ,Rajasthan,CRL_A,2024-05-08,2024-11-21,197,2024_disposed,2024,2024,True,hc
RJHC010334672024,RJHC01,High Court of Rajasthan (Jodhpur),RJ,Rajasthan,CRL_A,2024-05-01,2024-07-04,64,2024_disposed,2024,2024,True,hc
RJHC010234452015,RJHC01,High Court of Rajasthan (Jodhpur),RJ,Rajasthan,CRL_A,2015-03-12,2024-11-11,3532,2024_disposed,2015,2024,True,hc
RJHC010319692023,RJHC01,High Court of Rajasthan (Jodhpur),RJ,Rajasthan,CRL_A,2023-05-12,2024-04-18,342,2024_disposed,2023,2024,False,hc
RJHC010253592014,RJHC01,High Court of Rajasthan (Jodhpur),RJ,Rajasthan,CRL_A,2014-04-05,2024-02-19,3607,2024_disposed,2014,2024,True,hc
HCBM010073972018,HCBM01,"Bombay HC (Principal, Appellate)",MH,Maharashtra,CRL_A,2018-02-12,2024-04-03,2242,2024_disposed,2018,2024,True,hc
HCBM010496562017,HCBM01,"Bombay HC (Principal, Appellate)",MH,Maharashtra,CRL_A,2017-11-17,2024-10-11,2520,2024_disposed,2017,2024,True,hc
HCBM010441852015,HCBM01,"Bombay HC (Principal, Appellate)",MH,Maharashtra,CRL_A,2015-10-14,2024-12-20,3355,2024_disposed,2015,2024,True,hc
HCBM010340792019,HCBM01,"Bombay HC (Principal, Appellate)",MH,Maharashtra,CRL_A,2019-07-18,2024-05-02,1750,2024_disposed,2019,2024,True,hc
HCBM010510922017,HCBM01,"Bombay HC (Principal, Appellate)",MH,Maharashtra,CRL_A,2017-11-20,2024-03-21,2313,2024_disposed,2017,2024,True,hc
HCBM010327212019,HCBM01,"Bombay HC (Principal, Appellate)",MH,Maharashtra,CRL_A,2019-07-11,2024-09-26,1904,2024_disposed,2019,2024,False,hc
HCBM010170812018,HCBM01,"Bombay HC (Principal, Appellate)",MH,Maharashtra,CRL_A,2018-04-06,2024-09-03,2342,2024_disposed,2018,2024,True,hc
HCBM010091512019,HCBM01,"Bombay HC (Principal, Appellate)",MH,Maharashtra,CRL_A,2019-02-18,2024-07-02,1961,2024_disposed,2019,2024,True,hc
HCBM010377652017,HCBM01,"Bombay HC (Principal, Appellate)",MH,Maharashtra,CRL_A,2017-08-11,2024-01-05,2338,2024_disposed,2017,2024,True,hc
HCBM010353362017,HCBM01,"Bombay HC (Principal, Appellate)",MH,Maharashtra,CRL_A,2017-06-05,2024-02-23,2454,2024_disposed,2017,2024,True,hc
HCBM010250792019,HCBM01,"Bombay HC (Principal, Appellate)",MH,Maharashtra,CRL_A,2019-05-23,2024-11-21,2009,2024_disposed,2019,2024,True,hc
HCBM010111002017,HCBM01,"Bombay HC (Principal, Appellate)",MH,Maharashtra,CRL_A,2017-03-07,2024-11-11,2806,2024_disposed,2017,2024,False,hc
HCBM010371642015,HCBM01,"Bombay HC (Principal, Appellate)",MH,Maharashtra,CRL_A,2015-09-04,2024-06-18,3210,2024_disposed,2015,2024,False,hc
HCBM010438162016,HCBM01,"Bombay HC (Principal, Appellate)",MH,Maharashtra,CRL_A,2016-10-13,2024-01-22,2657,2024_disposed,2016,2024,False,hc
HCBM010226052018,HCBM01,"Bombay HC (Principal, Appellate)",MH,Maharashtra,CRL_A,2018-04-25,2024-02-05,2112,2024_disposed,2018,2024,True,hc
HCBM010026722013,HCBM01,"Bombay HC (Principal, Appellate)",MH,Maharashtra,CRL_A,2013-01-18,2024-06-18,4169,2024_disposed,2013,2024,False,hc
HCBM010307952018,HCBM01,"Bombay HC (Principal, Appellate)",MH,Maharashtra,CRL_A,2018-06-28,2024-01-05,2017,2024_disposed,2018,2024,True,hc
HCBM010414222019,HCBM01,"Bombay HC (Principal, Appellate)",MH,Maharashtra,CRL_A,2019-08-29,2024-11-21,1911,2024_disposed,2019,2024,True,hc
HCBM010383002016,HCBM01,"Bombay HC (Principal, Appellate)",MH,Maharashtra,CRL_A,2016-09-14,2024-01-22,2686,2024_disposed,2016,2024,False,hc
HCBM010226132018,HCBM01,"Bombay HC (Principal, Appellate)",MH,Maharashtra,CRL_A,2018-04-25,2024-02-05,2112,2024_disposed,2018,2024,True,hc
HCBM010198242018,HCBM01,"Bombay HC (Principal, Appellate)",MH,Maharashtra,CRL_A,2018-04-18,2024-07-22,2287,2024_disposed,2018,2024,True,hc
HCBM010323352019,HCBM01,"Bombay HC (Principal, Appellate)",MH,Maharashtra,CRL_A,2019-07-10,2024-04-24,1750,2024_disposed,2019,2024,True,hc
HCBM010384772019,HCBM01,"Bombay HC (Principal, Appellate)",MH,Maharashtra,CRL_A,2019-08-14,2024-01-05,1605,2024_disposed,2019,2024,True,hc
HCBM010071332018,HCBM01,"Bombay HC (Principal, Appellate)",MH,Maharashtra,CRL_A,2018-02-12,2024-09-04,2396,2024_disposed,2018,2024,True,hc
HCBM010157612017,HCBM01,"Bombay HC (Principal, Appellate)",MH,Maharashtra,CRL_A,2017-04-05,2024-06-18,2631,2024_disposed,2017,2024,False,hc
HCBM010270452015,HCBM01,"Bombay HC (Principal, Appellate)",MH,Maharashtra,CRL_A,2015-07-04,2024-03-27,3189,2024_disposed,2015,2024,True,hc
HCBM010410982015,HCBM01,"Bombay HC (Principal, Appellate)",MH,Maharashtra,CRL_A,2015-10-05,2024-06-18,3179,2024_disposed,2015,2024,False,hc
HCBM010516122017,HCBM01,"Bombay HC (Principal, Appellate)",MH,Maharashtra,CRL_A,2017-11-18,2024-01-24,2258,2024_disposed,2017,2024,True,hc
HCBM010151592015,HCBM01,"Bombay HC (Principal, Appellate)",MH,Maharashtra,CRL_A,2015-04-08,2024-06-18,3359,2024_disposed,2015,2024,False,hc
HCBM010481272017,HCBM01,"Bombay HC (Principal, Appellate)",MH,Maharashtra,CRL_A,2017-11-09,2024-09-30,2517,2024_disposed,2017,2024,True,hc
HCBM010287042019,HCBM01,"Bombay HC (Principal, Appellate)",MH,Maharashtra,CRL_A,2019-06-18,2024-11-14,1976,2024_disposed,2019,2024,True,hc
HCBM010197662019,HCBM01,"Bombay HC (Principal, Appellate)",MH,Maharashtra,CRL_A,2019-04-15,2024-08-13,1947,2024_disposed,2019,2024,False,hc
HCBM010321262019,HCBM01,"Bombay HC (Principal, Appellate)",MH,Maharashtra,CRL_A,2019-07-09,2024-10-07,1917,2024_disposed,2019,2024,True,hc
HCBM010182782018,HCBM01,"Bombay HC (Principal, Appellate)",MH,Maharashtra,CRL_A,2018-04-07,2024-06-18,2264,2024_disposed,2018,2024,False,hc
HCBM010323452019,HCBM01,"Bombay HC (Principal, Appellate)",MH,Maharashtra,CRL_A,2019-07-10,2024-10-09,1918,2024_disposed,2019,2024,True,hc
HCBM010374602019,HCBM01,"Bombay HC (Principal, Appellate)",MH,Maharashtra,CRL_A,2019-08-06,2024-01-05,1613,2024_disposed,2019,2024,True,hc
KAHC010002632020,KAHC01,High Court of Karnataka (Bangalore),KA,Karnataka,WP_C,2020-01-02,2020-08-10,221,2020_filed,2020,2020,True,hc
HBHC010346802020,HBHC01,Telangana High Court (Hyderabad),TS,Telangana,WP_C,2020-11-23,2023-04-03,861,2020_filed,2020,2023,True,hc
RJHC010481582020,RJHC01,High Court of Rajasthan (Jodhpur),RJ,Rajasthan,WP_C,2020-10-09,2023-07-11,1005,2020_filed,2020,2023,False,hc
HBHC010234792020,HBHC01,Telangana High Court (Hyderabad),TS,Telangana,WP_C,2020-08-31,2020-09-01,1,2020_filed,2020,2020,True,hc
HCMD010497842020,HCMD01,Madras HC (Madurai Bench),TN,Tamil Nadu,WP_C,2020-09-11,2023-01-04,845,2020_filed,2020,2023,True,hc
HCMD010497832020,HCMD01,Madras HC (Madurai Bench),TN,Tamil Nadu,WP_C,2020-09-11,2020-09-17,6,2020_filed,2020,2020,True,hc
HCMD010519622020,HCMD01,Madras HC (Madurai Bench),TN,Tamil Nadu,WP_C,2020-09-18,2021-03-31,194,2020_filed,2020,2021,False,hc
HCMD010519582020,HCMD01,Madras HC (Madurai Bench),TN,Tamil Nadu,WP_C,2020-09-18,2020-09-23,5,2020_filed,2020,2020,True,hc
HCMD010519612020,HCMD01,Madras HC (Madurai Bench),TN,Tamil Nadu,WP_C,2020-09-18,2020-09-23,5,2020_filed,2020,2020,False,hc
HCMD010522332020,HCMD01,Madras HC (Madurai Bench),TN,Tamil Nadu,WP_C,2020-09-21,2020-09-25,4,2020_filed,2020,2020,True,hc
HCMD010519572020,HCMD01,Madras HC (Madurai Bench),TN,Tamil Nadu,WP_C,2020-09-18,2021-02-23,158,2020_filed,2020,2021,True,hc
HCMD010519602020,HCMD01,Madras HC (Madurai Bench),TN,Tamil Nadu,WP_C,2020-09-18,2020-09-23,5,2020_filed,2020,2020,True,hc
HCMD010530422020,HCMD01,Madras HC (Madurai Bench),TN,Tamil Nadu,WP_C,2020-09-22,2020-09-28,6,2020_filed,2020,2020,True,hc
HCMA010619642020,HCMA01,Madras HC (Chennai),TN,Tamil Nadu,WP_C,2020-07-03,2022-06-30,727,2020_filed,2020,2022,False,hc
HCMA010626872020,HCMA01,Madras HC (Chennai),TN,Tamil Nadu,WP_C,2020-07-08,2024-10-19,1564,2020_filed,2020,2024,True,hc
HCMA010626872020,HCMA01,Madras HC (Chennai),TN,Tamil Nadu,WP_C,2020-07-08,2024-10-19,1564,2024_disposed,2020,2024,True,hc
HCMA010620772020,HCMA01,Madras HC (Chennai),TN,Tamil Nadu,WP_C,2020-07-06,2020-09-15,71,2020_filed,2020,2020,True,hc
MPHC030132452020,MPHC03,High Court of MP (Gwalior),MP,Madhya Pradesh,WP_C,2020-07-25,2021-01-21,180,2020_filed,2020,2021,False,hc
MPHC030129862020,MPHC03,High Court of MP (Gwalior),MP,Madhya Pradesh,WP_C,2020-07-24,2020-08-07,14,2020_filed,2020,2020,True,hc
PHHC010355512020,PHHC01,High Court of Punjab and Haryana,PB,Punjab,WP_C,2020-03-16,2024-05-13,1519,2020_filed,2020,2024,True,hc
PHHC010355512020,PHHC01,High Court of Punjab and Haryana,PB,Punjab,WP_C,2020-03-16,2024-05-13,1519,2024_disposed,2020,2024,True,hc
PHHC010351982020,PHHC01,High Court of Punjab and Haryana,PB,Punjab,WP_C,2020-03-16,2020-09-25,193,2020_filed,2020,2020,True,hc
PHHC010355522020,PHHC01,High Court of Punjab and Haryana,PB,Punjab,WP_C,2020-03-16,2024-08-27,1625,2020_filed,2020,2024,True,hc
PHHC010355522020,PHHC01,High Court of Punjab and Haryana,PB,Punjab,WP_C,2020-03-16,2024-08-27,1625,2024_disposed,2020,2024,True,hc
CGHC010205042020,CGHC01,"High Court, Chhattisgarh",CG,Chhattisgarh,WP_C,2020-09-03,2020-09-22,19,2020_filed,2020,2020,True,hc
CGHC010205032020,CGHC01,"High Court, Chhattisgarh",CG,Chhattisgarh,WP_C,2020-09-03,2020-09-18,15,2020_filed,2020,2020,True,hc
MPHC030157052020,MPHC03,High Court of MP (Gwalior),MP,Madhya Pradesh,WP_C,2020-08-25,2020-09-01,7,2020_filed,2020,2020,False,hc
MPHC030170392020,MPHC03,High Court of MP (Gwalior),MP,Madhya Pradesh,WP_C,2020-09-09,2020-09-21,12,2020_filed,2020,2020,True,hc
MPHC030184372020,MPHC03,High Court of MP (Gwalior),MP,Madhya Pradesh,WP_C,2020-09-24,2021-11-25,427,2020_filed,2020,2021,False,hc
MPHC030188352020,MPHC03,High Court of MP (Gwalior),MP,Madhya Pradesh,WP_C,2020-09-28,2021-01-18,112,2020_filed,2020,2021,True,hc
MPHC030199942020,MPHC03,High Court of MP (Gwalior),MP,Madhya Pradesh,WP_C,2020-10-12,2021-07-07,268,2020_filed,2020,2021,False,hc
MPHC030199962020,MPHC03,High Court of MP (Gwalior),MP,Madhya Pradesh,WP_C,2020-10-12,2021-08-31,323,2020_filed,2020,2021,False,hc
MPHC030201362020,MPHC03,High Court of MP (Gwalior),MP,Madhya Pradesh,WP_C,2020-10-12,2021-07-06,267,2020_filed,2020,2021,False,hc
KAHC010358462020,KAHC01,High Court of Karnataka (Bangalore),KA,Karnataka,WP_C,2020-11-20,2025-02-07,1540,2020_filed,2020,2025,True,hc
PHHC010644502020,PHHC01,High Court of Punjab and Haryana,PB,Punjab,WP_C,2020-08-19,2020-09-22,34,2020_filed,2020,2020,True,hc
MPHC030249122020,MPHC03,High Court of MP (Gwalior),MP,Madhya Pradesh,WP_C,2020-12-14,2021-01-05,22,2020_filed,2020,2021,False,hc
HCMA010521462020,HCMA01,Madras HC (Chennai),TN,Tamil Nadu,WP_C,2020-03-20,2020-09-18,182,2020_filed,2020,2020,True,hc
HCMA010618212020,HCMA01,Madras HC (Chennai),TN,Tamil Nadu,WP_C,2020-07-03,2020-07-07,4,2020_filed,2020,2020,False,hc
HCMD010487832020,HCMD01,Madras HC (Madurai Bench),TN,Tamil Nadu,WP_C,2020-09-09,2020-09-15,6,2020_filed,2020,2020,True,hc
KAHC010057322020,KAHC01,High Court of Karnataka (Bangalore),KA,Karnataka,WP_C,2020-01-29,2021-08-06,555,2020_filed,2020,2021,True,hc
KAHC010060952020,KAHC01,High Court of Karnataka (Bangalore),KA,Karnataka,WP_C,2020-01-30,2021-10-25,634,2020_filed,2020,2021,True,hc
HCBM040183732020,HCBM04,Bombay HC (Nagpur Bench),MH,Maharashtra,WP_C,2020-12-05,2022-09-06,640,2020_filed,2020,2022,True,hc
HCBM040204522020,HCBM04,Bombay HC (Nagpur Bench),MH,Maharashtra,WP_C,2020-12-29,2021-02-04,37,2020_filed,2020,2021,True,hc
HCBM040204532020,HCBM04,Bombay HC (Nagpur Bench),MH,Maharashtra,WP_C,2020-12-29,2021-03-22,83,2020_filed,2020,2021,True,hc
HCBM040204542020,HCBM04,Bombay HC (Nagpur Bench),MH,Maharashtra,WP_C,2020-12-29,2021-02-12,45,2020_filed,2020,2021,True,hc
HCMD010478302020,HCMD01,Madras HC (Madurai Bench),TN,Tamil Nadu,WP_C,2020-09-04,2020-12-17,104,2020_filed,2020,2020,False,hc
HCMD010485602020,HCMD01,Madras HC (Madurai Bench),TN,Tamil Nadu,WP_C,2020-09-08,2023-01-03,847,2020_filed,2020,2023,False,hc
HCMD010473482020,HCMD01,Madras HC (Madurai Bench),TN,Tamil Nadu,WP_C,2020-09-03,2020-09-07,4,2020_filed,2020,2020,True,hc
HCMD010482882020,HCMD01,Madras HC (Madurai Bench),TN,Tamil Nadu,WP_C,2020-09-08,2020-09-17,9,2020_filed,2020,2020,True,hc
KAHC010060962020,KAHC01,High Court of Karnataka (Bangalore),KA,Karnataka,WP_C,2020-01-30,2021-10-25,634,2020_filed,2020,2021,True,hc
MHAH140008442019,MHAH14,Senior Division Court Newasa,MH,Maharashtra,CS,2019-06-13,2024-03-03,1725,2024_disposed,2019,2024,True,district
MHAH140008442018,MHAH14,Senior Division Court Newasa,MH,Maharashtra,CS,2018-07-09,2024-09-21,2266,2024_disposed,2018,2024,True,district
MHAH140008462017,MHAH14,Senior Division Court Newasa,MH,Maharashtra,CS,2017-07-01,2024-03-03,2437,2024_disposed,2017,2024,True,district
MHAH140008462022,MHAH14,Senior Division Court Newasa,MH,Maharashtra,CS,2022-04-27,2024-01-10,623,2024_disposed,2022,2024,True,district
MHAH140008452024,MHAH14,Senior Division Court Newasa,MH,Maharashtra,CS,2024-05-10,2024-07-27,78,2024_disposed,2024,2024,True,district
MHAH140008442024,MHAH14,Senior Division Court Newasa,MH,Maharashtra,CS,2024-05-10,2024-07-27,78,2024_disposed,2024,2024,True,district
MHAH140015112021,MHAH14,Senior Division Court Newasa,MH,Maharashtra,CS,2021-10-01,2024-07-24,1027,2024_disposed,2021,2024,True,district
MHAH140019132024,MHAH14,Senior Division Court Newasa,MH,Maharashtra,CS,2024-12-03,2024-12-14,11,2024_disposed,2024,2024,True,district
MHAH140019182024,MHAH14,Senior Division Court Newasa,MH,Maharashtra,CS,2024-12-04,2024-12-14,10,2024_disposed,2024,2024,True,district
MHAH140015142018,MHAH14,Senior Division Court Newasa,MH,Maharashtra,CS,2018-10-25,2024-07-20,2095,2024_disposed,2018,2024,True,district
MHAH140019102024,MHAH14,Senior Division Court Newasa,MH,Maharashtra,CS,2024-12-03,2024-12-14,11,2024_disposed,2024,2024,True,district
MHAH140015132018,MHAH14,Senior Division Court Newasa,MH,Maharashtra,CS,2018-10-25,2024-09-28,2165,2024_disposed,2018,2024,True,district
MHAH140019122024,MHAH14,Senior Division Court Newasa,MH,Maharashtra,CS,2024-12-03,2024-12-14,11,2024_disposed,2024,2024,True,district
HRRE020022562023,HRRE02,"Civil Courts, Rewari",HR,Haryana,CS,2023-12-08,2024-11-22,350,2024_disposed,2023,2024,True,district
HRRE020022582022,HRRE02,"Civil Courts, Rewari",HR,Haryana,CS,2022-12-06,2024-10-21,685,2024_disposed,2022,2024,True,district
UPBB050001012021,UPBB05,"Civil Judge, Senior Division",UP,Uttar Pradesh,CS,2021-01-21,2024-08-13,1300,2024_disposed,2021,2024,True,district
UPET060003602023,UPET06,Civil Judge Junior Division,UP,Uttar Pradesh,CS,2023-04-26,2024-09-27,520,2024_disposed,2023,2024,True,district
MHAH140015122020,MHAH14,Senior Division Court Newasa,MH,Maharashtra,CS,2020-11-27,2024-08-09,1351,2020_filed,2020,2024,True,district
MHAH140015122020,MHAH14,Senior Division Court Newasa,MH,Maharashtra,CS,2020-11-27,2024-08-09,1351,2024_disposed,2020,2024,True,district
GJRJ040006822023,GJRJ04,Taluka Court - Gondal,GJ,Gujarat,CS,2023-03-10,2024-01-20,316,2024_disposed,2023,2024,True,district
GJRJ040017872024,GJRJ04,Taluka Court - Gondal,GJ,Gujarat,CS,2024-04-26,2024-09-27,154,2024_disposed,2024,2024,True,district
GJRJ040008802024,GJRJ04,Taluka Court - Gondal,GJ,Gujarat,CS,2024-02-27,2024-04-03,36,2024_disposed,2024,2024,True,district
GJRJ040008802022,GJRJ04,Taluka Court - Gondal,GJ,Gujarat,CS,2022-03-09,2024-08-05,880,2024_disposed,2022,2024,True,district
GJRJ040020872024,GJRJ04,Taluka Court - Gondal,GJ,Gujarat,CS,2024-05-22,2024-06-22,31,2024_disposed,2024,2024,True,district
BRBU220002202023,BRBU22,Dumraon Civil Judge Sr. Div,BR,Bihar,CS,2023-03-24,2024-04-16,389,2024_disposed,2023,2024,True,district
MHTH190017582018,MHTH19,CIVIL COURT DAHANU,MH,Maharashtra,CS,2018-11-21,2024-01-12,1878,2024_disposed,2018,2024,True,district
PBBR020005492024,PBBR02,"Civil Courts, Barnala",PB,Punjab,CS,2024-03-30,2024-05-22,53,2024_disposed,2024,2024,True,district
PBBR020005502024,PBBR02,"Civil Courts, Barnala",PB,Punjab,CS,2024-03-30,2024-08-13,136,2024_disposed,2024,2024,True,district
UPBR240004172023,UPBR24,cjjdfaridpur,UP,Uttar Pradesh,CS,2023-03-10,2024-12-05,636,2024_disposed,2023,2024,False,district
UPBR240004182023,UPBR24,cjjdfaridpur,UP,Uttar Pradesh,CS,2023-03-10,2024-09-23,563,2024_disposed,2023,2024,False,district
UPGZ050017882023,UPGZ05,Civil Judge Senior Division,UP,Uttar Pradesh,CS,2023-10-11,2024-09-17,342,2024_disposed,2023,2024,True,district
UPGZ050017902023,UPGZ05,Civil Judge Senior Division,UP,Uttar Pradesh,CS,2023-10-11,2024-09-17,342,2024_disposed,2023,2024,True,district
UPGZ050017922023,UPGZ05,Civil Judge Senior Division,UP,Uttar Pradesh,CS,2023-10-11,2024-09-17,342,2024_disposed,2023,2024,True,district
UPGZ050017932023,UPGZ05,Civil Judge Senior Division,UP,Uttar Pradesh,CS,2023-10-11,2024-09-17,342,2024_disposed,2023,2024,True,district
UPGZ050017912023,UPGZ05,Civil Judge Senior Division,UP,Uttar Pradesh,CS,2023-10-11,2024-09-17,342,2024_disposed,2023,2024,True,district
UPGZ050017872023,UPGZ05,Civil Judge Senior Division,UP,Uttar Pradesh,CS,2023-10-11,2024-09-17,342,2024_disposed,2023,2024,True,district
UPGZ050017892023,UPGZ05,Civil Judge Senior Division,UP,Uttar Pradesh,CS,2023-10-11,2024-09-17,342,2024_disposed,2023,2024,True,district
UPGZ050017982023,UPGZ05,Civil Judge Senior Division,UP,Uttar Pradesh,CS,2023-10-12,2024-06-13,245,2024_disposed,2023,2024,False,district
UPGZ050017972023,UPGZ05,Civil Judge Senior Division,UP,Uttar Pradesh,CS,2023-10-12,2024-06-13,245,2024_disposed,2023,2024,False,district
UPGZ050017992023,UPGZ05,Civil Judge Senior Division,UP,Uttar Pradesh,CS,2023-10-12,2024-06-19,251,2024_disposed,2023,2024,False,district
UPGZ050017972021,UPGZ05,Civil Judge Senior Division,UP,Uttar Pradesh,CS,2021-11-24,2024-02-02,800,2024_disposed,2021,2024,True,district
UPGZ050018002023,UPGZ05,Civil Judge Senior Division,UP,Uttar Pradesh,CS,2023-10-12,2024-06-21,253,2024_disposed,2023,2024,False,district
UPGZ050017962023,UPGZ05,Civil Judge Senior Division,UP,Uttar Pradesh,CS,2023-10-12,2024-06-14,246,2024_disposed,2023,2024,False,district
UPGZ050018132021,UPGZ05,Civil Judge Senior Division,UP,Uttar Pradesh,CS,2021-11-26,2024-11-08,1078,2024_disposed,2021,2024,True,district
UPGZ050017902021,UPGZ05,Civil Judge Senior Division,UP,Uttar Pradesh,CS,2021-11-23,2024-09-06,1018,2024_disposed,2021,2024,True,district
UPGZ060001402024,UPGZ06,Civil Judge Junior Division,UP,Uttar Pradesh,CS,2024-01-26,2024-09-02,220,2024_disposed,2024,2024,True,district
UPGZ060001412022,UPGZ06,Civil Judge Junior Division,UP,Uttar Pradesh,CS,2022-02-04,2024-01-04,699,2024_disposed,2022,2024,True,district
BRPU010049482024,BRPU01,"PDJ DIVISION, PURNEA",BR,Bihar,BA,2024-07-20,2024-08-03,14,2024_disposed,2024,2024,True,district
BRPU010049602024,BRPU01,"PDJ DIVISION, PURNEA",BR,Bihar,BA,2024-07-20,2024-08-07,18,2024_disposed,2024,2024,True,district
CGJC010004162024,CGJC01,DISTRICT AND SESSION COURT JANJGIR,CG,Chhattisgarh,BA,2024-02-19,2024-02-22,3,2024_disposed,2024,2024,True,district
CGJC010004132024,CGJC01,DISTRICT AND SESSION COURT JANJGIR,CG,Chhattisgarh,BA,2024-02-19,2024-02-22,3,2024_disposed,2024,2024,True,district
MHAH130003362024,MHAH13,24DISTRICT AND SESSIONS COURT NEWASA,MH,Maharashtra,BA,2024-05-08,2024-05-16,8,2024_disposed,2024,2024,True,district
BRPU010049632024,BRPU01,"PDJ DIVISION, PURNEA",BR,Bihar,BA,2024-07-20,2024-09-19,61,2024_disposed,2024,2024,True,district
MHAH130003402024,MHAH13,24DISTRICT AND SESSIONS COURT NEWASA,MH,Maharashtra,BA,2024-05-09,2024-05-16,7,2024_disposed,2024,2024,True,district
MHAH130003362020,MHAH13,24DISTRICT AND SESSIONS COURT NEWASA,MH,Maharashtra,BA,2020-05-19,2020-05-21,2,2020_filed,2020,2020,True,district
MHAH130003372020,MHAH13,24DISTRICT AND SESSIONS COURT NEWASA,MH,Maharashtra,BA,2020-05-19,2020-05-21,2,2020_filed,2020,2020,True,district
MHAH130003382020,MHAH13,24DISTRICT AND SESSIONS COURT NEWASA,MH,Maharashtra,BA,2020-05-19,2020-05-22,3,2020_filed,2020,2020,True,district
MHAH130003392020,MHAH13,24DISTRICT AND SESSIONS COURT NEWASA,MH,Maharashtra,BA,2020-05-19,2020-05-27,8,2020_filed,2020,2020,True,district
MHAH130003402020,MHAH13,24DISTRICT AND SESSIONS COURT NEWASA,MH,Maharashtra,BA,2020-05-20,2020-06-02,13,2020_filed,2020,2020,True,district
MHAH140008442020,MHAH14,Senior Division Court Newasa,MH,Maharashtra,CS,2020-07-23,2020-12-10,140,2020_filed,2020,2020,True,district
MHAH140008452020,MHAH14,Senior Division Court Newasa,MH,Maharashtra,CS,2020-07-23,2020-10-12,81,2020_filed,2020,2020,True,district
MHAH140015132020,MHAH14,Senior Division Court Newasa,MH,Maharashtra,CS,2020-11-27,2020-12-12,15,2020_filed,2020,2020,True,district
MHAH140008422020,MHAH14,Senior Division Court Newasa,MH,Maharashtra,CS,2020-07-23,2020-09-07,46,2020_filed,2020,2020,True,district
MHAH140015082020,MHAH14,Senior Division Court Newasa,MH,Maharashtra,CS,2020-11-26,2020-12-12,16,2020_filed,2020,2020,True,district
KLHC010008952024,KLHC01,High Court of Kerala,KL,Kerala,WP_C,2024-01-04,2024-02-12,39,2024_disposed,2024,2024,True,hc
KLHC010957692023,KLHC01,High Court of Kerala,KL,Kerala,WP_C,2023-12-18,2024-01-23,36,2024_disposed,2023,2024,True,hc
KLHC010957692024,KLHC01,High Court of Kerala,KL,Kerala,WP_C,2024-03-25,2024-03-26,1,2024_disposed,2024,2024,True,hc
KLHC010008932024,KLHC01,High Court of Kerala,KL,Kerala,WP_C,2024-01-04,2024-01-23,19,2024_disposed,2024,2024,True,hc
KLHC010007852023,KLHC01,High Court of Kerala,KL,Kerala,WP_C,2023-01-05,2024-03-19,439,2024_disposed,2023,2024,True,hc
KLHC010007952024,KLHC01,High Court of Kerala,KL,Kerala,WP_C,2024-01-04,2024-01-05,1,2024_disposed,2024,2024,True,hc
KLHC010710622014,KLHC01,High Court of Kerala,KL,Kerala,WP_C,2014-09-29,2024-02-28,3439,2024_disposed,2014,2024,True,hc
KLHC011677992024,KLHC01,High Court of Kerala,KL,Kerala,WP_C,2024-12-20,2024-12-31,11,2024_disposed,2024,2024,True,hc
KLHC010019322024,KLHC01,High Court of Kerala,KL,Kerala,WP_C,2024-01-08,2024-01-10,2,2024_disposed,2024,2024,True,hc
KLHC010020672024,KLHC01,High Court of Kerala,KL,Kerala,WP_C,2024-01-03,2024-02-05,33,2024_disposed,2024,2024,True,hc
KLHC010009052024,KLHC01,High Court of Kerala,KL,Kerala,WP_C,2024-01-04,2024-06-07,155,2024_disposed,2024,2024,True,hc
KLHC010605022008,KLHC01,High Court of Kerala,KL,Kerala,WP_C,2008-06-17,2024-03-26,5761,2024_disposed,2008,2024,True,hc
KLHC010614792022,KLHC01,High Court of Kerala,KL,Kerala,WP_C,2022-09-05,2024-08-08,703,2024_disposed,2022,2024,True,hc
KLHC010614802016,KLHC01,High Court of Kerala,KL,Kerala,WP_C,2016-04-06,2024-04-11,2927,2024_disposed,2016,2024,True,hc
KLHC010633692023,KLHC01,High Court of Kerala,KL,Kerala,WP_C,2023-08-24,2024-12-04,468,2024_disposed,2023,2024,True,hc
KLHC010633692013,KLHC01,High Court of Kerala,KL,Kerala,WP_C,2013-08-13,2024-03-27,3879,2024_disposed,2013,2024,True,hc
KLHC010530082016,KLHC01,High Court of Kerala,KL,Kerala,WP_C,2016-02-12,2024-07-30,3091,2024_disposed,2016,2024,True,hc
KLHC010530092023,KLHC01,High Court of Kerala,KL,Kerala,WP_C,2023-07-22,2024-01-09,171,2024_disposed,2023,2024,True,hc
KLHC010007852024,KLHC01,High Court of Kerala,KL,Kerala,WP_C,2024-01-04,2024-01-05,1,2024_disposed,2024,2024,True,hc
KLHC010945372023,KLHC01,High Court of Kerala,KL,Kerala,WP_C,2023-12-13,2024-02-06,55,2024_disposed,2023,2024,True,hc
KLHC011264952024,KLHC01,High Court of Kerala,KL,Kerala,WP_C,2024-07-26,2024-10-22,88,2024_disposed,2024,2024,True,hc
KLHC010013942024,KLHC01,High Court of Kerala,KL,Kerala,WP_C,2024-01-04,2024-12-18,349,2024_disposed,2024,2024,True,hc
KLHC010028082024,KLHC01,High Court of Kerala,KL,Kerala,WP_C,2024-01-10,2024-01-29,19,2024_disposed,2024,2024,True,hc
KLHC010028102024,KLHC01,High Court of Kerala,KL,Kerala,WP_C,2024-01-10,2024-01-25,15,2024_disposed,2024,2024,True,hc
KLHC010031592024,KLHC01,High Court of Kerala,KL,Kerala,WP_C,2024-01-11,2024-01-15,4,2024_disposed,2024,2024,True,hc
KLHC010028102023,KLHC01,High Court of Kerala,KL,Kerala,WP_C,2023-01-12,2024-01-23,376,2024_disposed,2023,2024,True,hc
KLHC010047182024,KLHC01,High Court of Kerala,KL,Kerala,WP_C,2024-01-17,2024-01-19,2,2024_disposed,2024,2024,True,hc
KLHC010623682023,KLHC01,High Court of Kerala,KL,Kerala,WP_C,2023-08-23,2024-06-12,294,2024_disposed,2023,2024,True,hc
KLHC010626152023,KLHC01,High Court of Kerala,KL,Kerala,WP_C,2023-08-23,2024-07-31,343,2024_disposed,2023,2024,True,hc
KLHC010780772015,KLHC01,High Court of Kerala,KL,Kerala,WP_C,2015-10-20,2024-02-27,3052,2024_disposed,2015,2024,True,hc
KLHC010780802017,KLHC01,High Court of Kerala,KL,Kerala,WP_C,2017-09-18,2024-04-05,2391,2024_disposed,2017,2024,True,hc
KLHC010780782016,KLHC01,High Court of Kerala,KL,Kerala,WP_C,2016-09-09,2024-06-07,2828,2024_disposed,2016,2024,True,hc
KLHC010785772024,KLHC01,High Court of Kerala,KL,Kerala,WP_C,2024-01-31,2024-04-01,61,2024_disposed,2024,2024,True,hc
KLHC010780812024,KLHC01,High Court of Kerala,KL,Kerala,WP_C,2024-01-29,2024-02-01,3,2024_disposed,2024,2024,True,hc
KLHC010785782024,KLHC01,High Court of Kerala,KL,Kerala,WP_C,2024-01-31,2024-11-21,295,2024_disposed,2024,2024,True,hc
KLHC010780792023,KLHC01,High Court of Kerala,KL,Kerala,WP_C,2023-10-17,2024-03-25,160,2024_disposed,2023,2024,True,hc
KLHC010780792024,KLHC01,High Court of Kerala,KL,Kerala,WP_C,2024-01-29,2024-03-26,57,2024_disposed,2024,2024,True,hc
KLHC010785812016,KLHC01,High Court of Kerala,KL,Kerala,WP_C,2016-09-23,2024-04-09,2755,2024_disposed,2016,2024,True,hc
KLHC010785812014,KLHC01,High Court of Kerala,KL,Kerala,WP_C,2014-12-08,2024-01-18,3328,2024_disposed,2014,2024,True,hc
KLHC010790882024,KLHC01,High Court of Kerala,KL,Kerala,WP_C,2024-02-02,2024-02-06,4,2024_disposed,2024,2024,True,hc
KLHC011355122024,KLHC01,High Court of Kerala,KL,Kerala,WP_C,2024-08-30,2024-09-03,4,2024_disposed,2024,2024,True,hc
KLHC011354862024,KLHC01,High Court of Kerala,KL,Kerala,WP_C,2024-09-02,2024-10-10,38,2024_disposed,2024,2024,True,hc
KLHC011354962024,KLHC01,High Court of Kerala,KL,Kerala,WP_C,2024-09-01,2024-09-30,29,2024_disposed,2024,2024,True,hc
KLHC011354972024,KLHC01,High Court of Kerala,KL,Kerala,WP_C,2024-09-02,2024-10-09,37,2024_disposed,2024,2024,True,hc
KLHC011354932024,KLHC01,High Court of Kerala,KL,Kerala,WP_C,2024-09-02,2024-09-10,8,2024_disposed,2024,2024,True,hc
KLHC011355092024,KLHC01,High Court of Kerala,KL,Kerala,WP_C,2024-08-29,2024-11-28,91,2024_disposed,2024,2024,True,hc
KLHC011384312024,KLHC01,High Court of Kerala,KL,Kerala,WP_C,2024-09-10,2024-09-12,2,2024_disposed,2024,2024,True,hc
KLHC011355032024,KLHC01,High Court of Kerala,KL,Kerala,WP_C,2024-08-31,2024-09-09,9,2024_disposed,2024,2024,True,hc
KLHC011384362024,KLHC01,High Court of Kerala,KL,Kerala,WP_C,2024-09-10,2024-09-13,3,2024_disposed,2024,2024,True,hc
KLHC011384432024,KLHC01,High Court of Kerala,KL,Kerala,WP_C,2024-09-10,2024-11-02,53,2024_disposed,2024,2024,True,hc
KLHC011355272024,KLHC01,High Court of Kerala,KL,Kerala,WP_C,2024-08-31,2024-10-09,39,2024_disposed,2024,2024,True,hc
KLHC011355172024,KLHC01,High Court of Kerala,KL,Kerala,WP_C,2024-09-02,2024-10-18,46,2024_disposed,2024,2024,True,hc
KLHC011384322024,KLHC01,High Court of Kerala,KL,Kerala,WP_C,2024-09-09,2024-09-12,3,2024_disposed,2024,2024,True,hc
KLHC011384492024,KLHC01,High Court of Kerala,KL,Kerala,WP_C,2024-09-10,2024-09-12,2,2024_disposed,2024,2024,True,hc
KLHC011384352024,KLHC01,High Court of Kerala,KL,Kerala,WP_C,2024-09-10,2024-11-21,72,2024_disposed,2024,2024,True,hc
KLHC011384502024,KLHC01,High Court of Kerala,KL,Kerala,WP_C,2024-09-10,2024-10-23,43,2024_disposed,2024,2024,True,hc
KLHC011355252024,KLHC01,High Court of Kerala,KL,Kerala,WP_C,2024-09-01,2024-12-17,107,2024_disposed,2024,2024,True,hc
KLHC011384332024,KLHC01,High Court of Kerala,KL,Kerala,WP_C,2024-09-09,2024-12-17,99,2024_disposed,2024,2024,True,hc
KLHC011384582024,KLHC01,High Court of Kerala,KL,Kerala,WP_C,2024-09-10,2024-09-25,15,2024_disposed,2024,2024,True,hc
KLHC011384592024,KLHC01,High Court of Kerala,KL,Kerala,WP_C,2024-09-10,2024-09-12,2,2024_disposed,2024,2024,True,hc
KLHC011384632024,KLHC01,High Court of Kerala,KL,Kerala,WP_C,2024-09-10,2024-11-25,76,2024_disposed,2024,2024,True,hc
KLHC011446642024,KLHC01,High Court of Kerala,KL,Kerala,WP_C,2024-10-07,2024-10-09,2,2024_disposed,2024,2024,True,hc
KLHC011384662024,KLHC01,High Court of Kerala,KL,Kerala,WP_C,2024-09-10,2024-10-01,21,2024_disposed,2024,2024,True,hc
KLHC011384682024,KLHC01,High Court of Kerala,KL,Kerala,WP_C,2024-09-10,2024-09-25,15,2024_disposed,2024,2024,True,hc
KLHC011384882024,KLHC01,High Court of Kerala,KL,Kerala,WP_C,2024-09-10,2024-09-12,2,2024_disposed,2024,2024,True,hc
KLHC011446542024,KLHC01,High Court of Kerala,KL,Kerala,WP_C,2024-10-07,2024-11-18,42,2024_disposed,2024,2024,True,hc
KLHC011384822024,KLHC01,High Court of Kerala,KL,Kerala,WP_C,2024-09-10,2024-12-10,91,2024_disposed,2024,2024,True,hc
KLHC011446522024,KLHC01,High Court of Kerala,KL,Kerala,WP_C,2024-10-07,2024-12-17,71,2024_disposed,2024,2024,True,hc
KLHC011446762024,KLHC01,High Court of Kerala,KL,Kerala,WP_C,2024-10-04,2024-10-09,5,2024_disposed,2024,2024,True,hc
KLHC011384892024,KLHC01,High Court of Kerala,KL,Kerala,WP_C,2024-09-11,2024-09-24,13,2024_disposed,2024,2024,True,hc
KLHC011384962024,KLHC01,High Court of Kerala,KL,Kerala,WP_C,2024-09-09,2024-10-14,35,2024_disposed,2024,2024,True,hc
KLHC011446932024,KLHC01,High Court of Kerala,KL,Kerala,WP_C,2024-10-05,2024-11-26,52,2024_disposed,2024,2024,True,hc
KLHC011384842024,KLHC01,High Court of Kerala,KL,Kerala,WP_C,2024-09-10,2024-09-12,2,2024_disposed,2024,2024,True,hc
KLHC011384742024,KLHC01,High Court of Kerala,KL,Kerala,WP_C,2024-09-09,2024-09-12,3,2024_disposed,2024,2024,True,hc
KLHC011446712024,KLHC01,High Court of Kerala,KL,Kerala,WP_C,2024-10-07,2024-11-01,25,2024_disposed,2024,2024,True,hc
KLHC011446662024,KLHC01,High Court of Kerala,KL,Kerala,WP_C,2024-10-07,2024-10-09,2,2024_disposed,2024,2024,True,hc
KLHC011384782024,KLHC01,High Court of Kerala,KL,Kerala,WP_C,2024-09-10,2024-10-28,48,2024_disposed,2024,2024,True,hc
KLHC011446842024,KLHC01,High Court of Kerala,KL,Kerala,WP_C,2024-10-07,2024-12-16,70,2024_disposed,2024,2024,True,hc
KLHC011446982024,KLHC01,High Court of Kerala,KL,Kerala,WP_C,2024-10-05,2024-10-09,4,2024_disposed,2024,2024,True,hc
KLHC011447012024,KLHC01,High Court of Kerala,KL,Kerala,WP_C,2024-10-05,2024-11-26,52,2024_disposed,2024,2024,True,hc
KLHC011446812024,KLHC01,High Court of Kerala,KL,Kerala,WP_C,2024-10-04,2024-11-08,35,2024_disposed,2024,2024,True,hc
KLHC011384812024,KLHC01,High Court of Kerala,KL,Kerala,WP_C,2024-09-10,2024-10-25,45,2024_disposed,2024,2024,True,hc
KLHC011446872024,KLHC01,High Court of Kerala,KL,Kerala,WP_C,2024-10-07,2024-10-09,2,2024_disposed,2024,2024,True,hc
KLHC011446852024,KLHC01,High Court of Kerala,KL,Kerala,WP_C,2024-10-07,2024-11-20,44,2024_disposed,2024,2024,True,hc
KLHC011446722024,KLHC01,High Court of Kerala,KL,Kerala,WP_C,2024-10-05,2024-10-09,4,2024_disposed,2024,2024,True,hc
KLHC011446922024,KLHC01,High Court of Kerala,KL,Kerala,WP_C,2024-10-07,2024-10-14,7,2024_disposed,2024,2024,True,hc
KLHC011447162024,KLHC01,High Court of Kerala,KL,Kerala,WP_C,2024-10-07,2024-12-06,60,2024_disposed,2024,2024,True,hc
KLHC011446832024,KLHC01,High Court of Kerala,KL,Kerala,WP_C,2024-10-07,2024-10-17,10,2024_disposed,2024,2024,True,hc
KLHC011603372024,KLHC01,High Court of Kerala,KL,Kerala,WP_C,2024-12-01,2024-12-04,3,2024_disposed,2024,2024,True,hc
KLHC011447022024,KLHC01,High Court of Kerala,KL,Kerala,WP_C,2024-10-07,2024-10-22,15,2024_disposed,2024,2024,True,hc
KLHC011603352024,KLHC01,High Court of Kerala,KL,Kerala,WP_C,2024-12-01,2024-12-03,2,2024_disposed,2024,2024,True,hc
KLHC011446862024,KLHC01,High Court of Kerala,KL,Kerala,WP_C,2024-10-07,2024-11-08,32,2024_disposed,2024,2024,True,hc
KLHC011603602024,KLHC01,High Court of Kerala,KL,Kerala,WP_C,2024-12-01,2024-12-12,11,2024_disposed,2024,2024,True,hc
KLHC011603662024,KLHC01,High Court of Kerala,KL,Kerala,WP_C,2024-12-01,2024-12-06,5,2024_disposed,2024,2024,True,hc
KLHC011447002024,KLHC01,High Court of Kerala,KL,Kerala,WP_C,2024-10-05,2024-11-04,30,2024_disposed,2024,2024,True,hc
KLHC011603232024,KLHC01,High Court of Kerala,KL,Kerala,WP_C,2024-11-30,2024-12-03,3,2024_disposed,2024,2024,True,hc
KLHC011603422024,KLHC01,High Court of Kerala,KL,Kerala,WP_C,2024-12-01,2024-12-03,2,2024_disposed,2024,2024,True,hc
KLHC011603642024,KLHC01,High Court of Kerala,KL,Kerala,WP_C,2024-12-01,2024-12-03,2,2024_disposed,2024,2024,True,hc
KLHC011603632024,KLHC01,High Court of Kerala,KL,Kerala,WP_C,2024-12-01,2024-12-18,17,2024_disposed,2024,2024,True,hc
KLHC010022732024,KLHC01,High Court of Kerala,KL,Kerala,BA,2024-01-09,2024-02-15,37,2024_disposed,2024,2024,True,hc
KLHC010957672024,KLHC01,High Court of Kerala,KL,Kerala,BA,2024-03-26,2024-10-17,205,2024_disposed,2024,2024,True,hc
KLHC010957682023,KLHC01,High Court of Kerala,KL,Kerala,BA,2023-12-18,2024-01-12,25,2024_disposed,2023,2024,True,hc
KLHC010957682024,KLHC01,High Court of Kerala,KL,Kerala,BA,2024-03-26,2024-06-21,87,2024_disposed,2024,2024,True,hc
KLHC010019332023,KLHC01,High Court of Kerala,KL,Kerala,BA,2023-01-10,2024-02-12,398,2024_disposed,2023,2024,True,hc
KLHC011264972024,KLHC01,High Court of Kerala,KL,Kerala,BA,2024-07-28,2024-08-23,26,2024_disposed,2024,2024,True,hc
KLHC011265002024,KLHC01,High Court of Kerala,KL,Kerala,BA,2024-07-28,2024-09-05,39,2024_disposed,2024,2024,True,hc
KLHC011264942024,KLHC01,High Court of Kerala,KL,Kerala,BA,2024-07-28,2024-10-04,68,2024_disposed,2024,2024,True,hc
KLHC011264962024,KLHC01,High Court of Kerala,KL,Kerala,BA,2024-07-28,2024-08-30,33,2024_disposed,2024,2024,True,hc
KLHC011265012024,KLHC01,High Court of Kerala,KL,Kerala,BA,2024-07-28,2024-08-23,26,2024_disposed,2024,2024,True,hc
KLHC011264992024,KLHC01,High Court of Kerala,KL,Kerala,BA,2024-07-28,2024-08-12,15,2024_disposed,2024,2024,True,hc
KLHC011264982024,KLHC01,High Court of Kerala,KL,Kerala,BA,2024-07-28,2024-08-23,26,2024_disposed,2024,2024,True,hc
KLHC011265022024,KLHC01,High Court of Kerala,KL,Kerala,BA,2024-07-28,2024-08-23,26,2024_disposed,2024,2024,True,hc
KLHC011264932024,KLHC01,High Court of Kerala,KL,Kerala,BA,2024-07-28,2024-09-20,54,2024_disposed,2024,2024,True,hc
KLHC010022182024,KLHC01,High Court of Kerala,KL,Kerala,BA,2024-01-09,2024-01-24,15,2024_disposed,2024,2024,True,hc
KLHC010028092024,KLHC01,High Court of Kerala,KL,Kerala,BA,2024-01-11,2024-02-08,28,2024_disposed,2024,2024,True,hc
KLHC010031512024,KLHC01,High Court of Kerala,KL,Kerala,BA,2024-01-12,2024-01-25,13,2024_disposed,2024,2024,True,hc
KLHC010031602024,KLHC01,High Court of Kerala,KL,Kerala,BA,2024-01-12,2024-01-25,13,2024_disposed,2024,2024,True,hc
KLHC010790872023,KLHC01,High Court of Kerala,KL,Kerala,BA,2023-10-21,2024-06-14,237,2024_disposed,2023,2024,True,hc
KLHC010790872024,KLHC01,High Court of Kerala,KL,Kerala,BA,2024-02-02,2024-02-08,6,2024_disposed,2024,2024,True,hc
KLHC011354952024,KLHC01,High Court of Kerala,KL,Kerala,BA,2024-09-02,2024-11-13,72,2024_disposed,2024,2024,True,hc
KLHC011384302024,KLHC01,High Court of Kerala,KL,Kerala,BA,2024-09-11,2024-09-24,13,2024_disposed,2024,2024,True,hc
KLHC011384342024,KLHC01,High Court of Kerala,KL,Kerala,BA,2024-09-11,2024-09-24,13,2024_disposed,2024,2024,True,hc
KLHC011384382024,KLHC01,High Court of Kerala,KL,Kerala,BA,2024-09-11,2024-12-02,82,2024_disposed,2024,2024,True,hc
KLHC011384412024,KLHC01,High Court of Kerala,KL,Kerala,BA,2024-09-11,2024-09-24,13,2024_disposed,2024,2024,True,hc
KLHC011384422024,KLHC01,High Court of Kerala,KL,Kerala,BA,2024-09-11,2024-09-24,13,2024_disposed,2024,2024,True,hc
KLHC011384522024,KLHC01,High Court of Kerala,KL,Kerala,BA,2024-09-11,2024-09-24,13,2024_disposed,2024,2024,True,hc
KLHC011384562024,KLHC01,High Court of Kerala,KL,Kerala,BA,2024-09-11,2024-09-24,13,2024_disposed,2024,2024,True,hc
KLHC011384452024,KLHC01,High Court of Kerala,KL,Kerala,BA,2024-09-11,2024-09-24,13,2024_disposed,2024,2024,True,hc
KLHC011384482024,KLHC01,High Court of Kerala,KL,Kerala,BA,2024-09-11,2024-09-24,13,2024_disposed,2024,2024,True,hc
KLHC011384442024,KLHC01,High Court of Kerala,KL,Kerala,BA,2024-09-11,2024-09-24,13,2024_disposed,2024,2024,True,hc
KLHC011446512024,KLHC01,High Court of Kerala,KL,Kerala,BA,2024-10-08,2024-10-18,10,2024_disposed,2024,2024,True,hc
KLHC011446602024,KLHC01,High Court of Kerala,KL,Kerala,BA,2024-10-08,2024-11-01,24,2024_disposed,2024,2024,True,hc
KLHC011446682024,KLHC01,High Court of Kerala,KL,Kerala,BA,2024-10-08,2024-10-18,10,2024_disposed,2024,2024,True,hc
KLHC011384762024,KLHC01,High Court of Kerala,KL,Kerala,BA,2024-09-11,2024-10-03,22,2024_disposed,2024,2024,True,hc
KLHC011446502024,KLHC01,High Court of Kerala,KL,Kerala,BA,2024-10-08,2024-12-11,64,2024_disposed,2024,2024,True,hc
KLHC011446772024,KLHC01,High Court of Kerala,KL,Kerala,BA,2024-10-08,2024-12-11,64,2024_disposed,2024,2024,True,hc
KLHC011446792024,KLHC01,High Court of Kerala,KL,Kerala,BA,2024-10-08,2024-11-01,24,2024_disposed,2024,2024,True,hc
KLHC011446962024,KLHC01,High Court of Kerala,KL,Kerala,BA,2024-10-08,2024-12-10,63,2024_disposed,2024,2024,True,hc
KLHC011603252024,KLHC01,High Court of Kerala,KL,Kerala,BA,2024-11-30,2024-12-16,16,2024_disposed,2024,2024,True,hc
KLHC011603282024,KLHC01,High Court of Kerala,KL,Kerala,BA,2024-11-30,2024-12-16,16,2024_disposed,2024,2024,True,hc
KLHC011603342024,KLHC01,High Court of Kerala,KL,Kerala,BA,2024-11-30,2024-12-09,9,2024_disposed,2024,2024,True,hc
KLHC011447052024,KLHC01,High Court of Kerala,KL,Kerala,BA,2024-10-08,2024-12-12,65,2024_disposed,2024,2024,True,hc
KLHC011603222024,KLHC01,High Court of Kerala,KL,Kerala,BA,2024-11-30,2024-12-16,16,2024_disposed,2024,2024,True,hc
KLHC011603462024,KLHC01,High Court of Kerala,KL,Kerala,BA,2024-12-01,2024-12-17,16,2024_disposed,2024,2024,True,hc
KLHC011603332024,KLHC01,High Court of Kerala,KL,Kerala,BA,2024-11-30,2024-12-24,24,2024_disposed,2024,2024,True,hc
KLHC011603482024,KLHC01,High Court of Kerala,KL,Kerala,BA,2024-12-01,2024-12-13,12,2024_disposed,2024,2024,True,hc
KLHC011603292024,KLHC01,High Court of Kerala,KL,Kerala,BA,2024-11-30,2024-12-16,16,2024_disposed,2024,2024,True,hc
KLHC011603182024,KLHC01,High Court of Kerala,KL,Kerala,BA,2024-11-30,2024-12-12,12,2024_disposed,2024,2024,True,hc
KLHC011603272024,KLHC01,High Court of Kerala,KL,Kerala,BA,2024-11-30,2024-12-16,16,2024_disposed,2024,2024,True,hc
KLHC011603612024,KLHC01,High Court of Kerala,KL,Kerala,BA,2024-12-01,2024-12-13,12,2024_disposed,2024,2024,True,hc
KLHC011603732024,KLHC01,High Court of Kerala,KL,Kerala,BA,2024-12-01,2024-12-16,15,2024_disposed,2024,2024,True,hc
KLHC010801322024,KLHC01,High Court of Kerala,KL,Kerala,BA,2024-02-06,2024-04-19,73,2024_disposed,2024,2024,True,hc
KLHC010807032024,KLHC01,High Court of Kerala,KL,Kerala,BA,2024-02-07,2024-02-21,14,2024_disposed,2024,2024,True,hc
KLHC010801362024,KLHC01,High Court of Kerala,KL,Kerala,BA,2024-02-06,2024-03-15,38,2024_disposed,2024,2024,True,hc
KLHC010807052024,KLHC01,High Court of Kerala,KL,Kerala,BA,2024-02-07,2024-02-19,12,2024_disposed,2024,2024,True,hc
KLHC010807062024,KLHC01,High Court of Kerala,KL,Kerala,BA,2024-02-07,2024-02-19,12,2024_disposed,2024,2024,True,hc
KLHC010807042024,KLHC01,High Court of Kerala,KL,Kerala,BA,2024-02-07,2024-02-19,12,2024_disposed,2024,2024,True,hc
KLHC010807072024,KLHC01,High Court of Kerala,KL,Kerala,BA,2024-02-08,2024-02-27,19,2024_disposed,2024,2024,True,hc
KLHC010982752023,KLHC01,High Court of Kerala,KL,Kerala,BA,2023-12-26,2024-02-06,42,2024_disposed,2023,2024,True,hc
KLHC010982812023,KLHC01,High Court of Kerala,KL,Kerala,BA,2023-12-26,2024-01-15,20,2024_disposed,2023,2024,True,hc
KLHC010982932023,KLHC01,High Court of Kerala,KL,Kerala,BA,2023-12-26,2024-01-17,22,2024_disposed,2023,2024,True,hc
KLHC011037872024,KLHC01,High Court of Kerala,KL,Kerala,BA,2024-04-25,2024-07-11,77,2024_disposed,2024,2024,True,hc
KLHC011091702024,KLHC01,High Court of Kerala,KL,Kerala,BA,2024-05-25,2024-06-26,32,2024_disposed,2024,2024,True,hc
KLHC011037942024,KLHC01,High Court of Kerala,KL,Kerala,BA,2024-04-25,2024-06-11,47,2024_disposed,2024,2024,True,hc
KLHC011037902024,KLHC01,High Court of Kerala,KL,Kerala,BA,2024-04-25,2024-06-05,41,2024_disposed,2024,2024,True,hc
KLHC011037922024,KLHC01,High Court of Kerala,KL,Kerala,BA,2024-04-25,2024-07-18,84,2024_disposed,2024,2024,True,hc
KLHC011091722024,KLHC01,High Court of Kerala,KL,Kerala,BA,2024-05-25,2024-06-26,32,2024_disposed,2024,2024,True,hc
KLHC011091742024,KLHC01,High Court of Kerala,KL,Kerala,BA,2024-05-25,2024-07-05,41,2024_disposed,2024,2024,True,hc
KLHC011091682024,KLHC01,High Court of Kerala,KL,Kerala,BA,2024-05-25,2024-06-26,32,2024_disposed,2024,2024,True,hc
KLHC011091692024,KLHC01,High Court of Kerala,KL,Kerala,BA,2024-05-25,2024-06-26,32,2024_disposed,2024,2024,True,hc
KLHC010112822023,KLHC01,High Court of Kerala,KL,Kerala,BA,2023-02-09,2024-02-23,379,2024_disposed,2023,2024,True,hc
KLHC010982842024,KLHC01,High Court of Kerala,KL,Kerala,BA,2024-04-03,2024-04-12,9,2024_disposed,2024,2024,True,hc
KLHC010982832024,KLHC01,High Court of Kerala,KL,Kerala,BA,2024-04-03,2024-06-24,82,2024_disposed,2024,2024,True,hc
KLHC011459812024,KLHC01,High Court of Kerala,KL,Kerala,BA,2024-10-14,2024-11-05,22,2024_disposed,2024,2024,True,hc
KLHC011459782024,KLHC01,High Court of Kerala,KL,Kerala,BA,2024-10-14,2024-11-14,31,2024_disposed,2024,2024,True,hc
KLHC011459772024,KLHC01,High Court of Kerala,KL,Kerala,BA,2024-10-14,2024-11-06,23,2024_disposed,2024,2024,True,hc
KLHC010807312024,KLHC01,High Court of Kerala,KL,Kerala,BA,2024-02-08,2024-02-16,8,2024_disposed,2024,2024,True,hc
KLHC010788222024,KLHC01,High Court of Kerala,KL,Kerala,BA,2024-02-01,2024-02-09,8,2024_disposed,2024,2024,True,hc
KLHC010788242024,KLHC01,High Court of Kerala,KL,Kerala,BA,2024-02-01,2024-03-05,33,2024_disposed,2024,2024,True,hc
KLHC010808162024,KLHC01,High Court of Kerala,KL,Kerala,BA,2024-02-08,2024-02-29,21,2024_disposed,2024,2024,True,hc
KLHC010808172024,KLHC01,High Court of Kerala,KL,Kerala,BA,2024-02-08,2024-03-05,26,2024_disposed,2024,2024,True,hc
KLHC010808212024,KLHC01,High Court of Kerala,KL,Kerala,BA,2024-02-08,2024-03-06,27,2024_disposed,2024,2024,True,hc
KLHC010813932022,KLHC01,High Court of Kerala,KL,Kerala,BA,2022-11-23,2024-01-25,428,2024_disposed,2022,2024,True,hc
KLHC010881752023,KLHC01,High Court of Kerala,KL,Kerala,BA,2023-11-23,2024-02-21,90,2024_disposed,2023,2024,True,hc
KLHC010881702024,KLHC01,High Court of Kerala,KL,Kerala,BA,2024-03-02,2024-03-14,12,2024_disposed,2024,2024,True,hc
KLHC010881742024,KLHC01,High Court of Kerala,KL,Kerala,BA,2024-03-02,2024-11-08,251,2024_disposed,2024,2024,True,hc
KLHC010900932024,KLHC01,High Court of Kerala,KL,Kerala,BA,2024-03-11,2024-03-21,10,2024_disposed,2024,2024,True,hc
KLHC010788252024,KLHC01,High Court of Kerala,KL,Kerala,BA,2024-02-01,2024-03-04,32,2024_disposed,2024,2024,True,hc
KLHC010793922024,KLHC01,High Court of Kerala,KL,Kerala,BA,2024-02-02,2024-11-07,279,2024_disposed,2024,2024,True,hc
KLHC010788722022,KLHC01,High Court of Kerala,KL,Kerala,BA,2022-11-14,2024-06-13,577,2024_disposed,2022,2024,True,hc
KLHC010786622024,KLHC01,High Court of Kerala,KL,Kerala,BA,2024-02-01,2024-02-09,8,2024_disposed,2024,2024,True,hc
KLHC010839632024,KLHC01,High Court of Kerala,KL,Kerala,BA,2024-02-19,2024-02-27,8,2024_disposed,2024,2024,True,hc
KLHC010859732024,KLHC01,High Court of Kerala,KL,Kerala,BA,2024-02-26,2024-03-14,17,2024_disposed,2024,2024,True,hc
KLHC010885832024,KLHC01,High Court of Kerala,KL,Kerala,BA,2024-03-04,2024-05-23,80,2024_disposed,2024,2024,True,hc
KLHC010900522024,KLHC01,High Court of Kerala,KL,Kerala,BA,2024-03-08,2024-07-09,123,2024_disposed,2024,2024,True,hc
KLHC010900512024,KLHC01,High Court of Kerala,KL,Kerala,BA,2024-03-07,2024-03-20,13,2024_disposed,2024,2024,True,hc
KLHC010900562024,KLHC01,High Court of Kerala,KL,Kerala,BA,2024-03-08,2024-03-19,11,2024_disposed,2024,2024,True,hc
KLHC010900532024,KLHC01,High Court of Kerala,KL,Kerala,BA,2024-03-08,2024-04-01,24,2024_disposed,2024,2024,True,hc
KLHC010900542024,KLHC01,High Court of Kerala,KL,Kerala,BA,2024-03-08,2024-04-03,26,2024_disposed,2024,2024,True,hc
KLHC010785782018,KLHC01,High Court of Kerala,KL,Kerala,CRL_A,2018-10-20,2024-12-11,2244,2024_disposed,2018,2024,True,hc
KLHC010785802024,KLHC01,High Court of Kerala,KL,Kerala,CRL_A,2024-01-31,2024-02-15,15,2024_disposed,2024,2024,True,hc
KLHC010112812007,KLHC01,High Court of Kerala,KL,Kerala,CRL_A,2007-03-06,2024-10-30,6448,2024_disposed,2007,2024,True,hc
KLHC010180092022,KLHC01,High Court of Kerala,KL,Kerala,CRL_A,2022-03-10,2024-06-03,816,2024_disposed,2022,2024,True,hc
KLHC011421112024,KLHC01,High Court of Kerala,KL,Kerala,CRL_A,2024-09-26,2024-10-07,11,2024_disposed,2024,2024,True,hc
KLHC011296622024,KLHC01,High Court of Kerala,KL,Kerala,CRL_A,2024-07-23,2024-11-26,126,2024_disposed,2024,2024,True,hc
KLHC010122162007,KLHC01,High Court of Kerala,KL,Kerala,CRL_A,2007-07-26,2024-06-12,6166,2024_disposed,2007,2024,True,hc
KLHC010122162009,KLHC01,High Court of Kerala,KL,Kerala,CRL_A,2009-07-14,2024-06-10,5445,2024_disposed,2009,2024,True,hc
KLHC010124622015,KLHC01,High Court of Kerala,KL,Kerala,CRL_A,2015-02-23,2024-12-12,3580,2024_disposed,2015,2024,True,hc
KLHC010122162008,KLHC01,High Court of Kerala,KL,Kerala,CRL_A,2008-05-29,2024-12-06,6035,2024_disposed,2008,2024,True,hc
KLHC010873182024,KLHC01,High Court of Kerala,KL,Kerala,CRL_A,2024-02-27,2024-05-29,92,2024_disposed,2024,2024,True,hc
KLHC010127042006,KLHC01,High Court of Kerala,KL,Kerala,CRL_A,2006-11-28,2024-11-07,6554,2024_disposed,2006,2024,True,hc
KLHC010088392018,KLHC01,High Court of Kerala,KL,Kerala,CRL_A,2018-06-19,2024-09-09,2274,2024_disposed,2018,2024,True,hc
KLHC010128892008,KLHC01,High Court of Kerala,KL,Kerala,CRL_A,2008-08-08,2024-10-04,5901,2024_disposed,2008,2024,True,hc
KLHC010131052016,KLHC01,High Court of Kerala,KL,Kerala,CRL_A,2016-01-20,2024-10-03,3179,2024_disposed,2016,2024,True,hc
KLHC010132282009,KLHC01,High Court of Kerala,KL,Kerala,CRL_A,2009-11-12,2024-10-18,5454,2024_disposed,2009,2024,True,hc
KLHC010136122017,KLHC01,High Court of Kerala,KL,Kerala,CRL_A,2017-11-29,2024-10-10,2507,2024_disposed,2017,2024,True,hc
KLHC010127592007,KLHC01,High Court of Kerala,KL,Kerala,CRL_A,2007-10-09,2024-09-12,6183,2024_disposed,2007,2024,True,hc
KLHC010066012019,KLHC01,High Court of Kerala,KL,Kerala,CRL_A,2019-01-25,2024-01-04,1805,2024_disposed,2019,2024,True,hc
KLHC010116152007,KLHC01,High Court of Kerala,KL,Kerala,CRL_A,2007-04-30,2024-12-03,6427,2024_disposed,2007,2024,True,hc
KLHC010133862017,KLHC01,High Court of Kerala,KL,Kerala,CRL_A,2017-10-12,2024-10-23,2568,2024_disposed,2017,2024,True,hc
KLHC010136362016,KLHC01,High Court of Kerala,KL,Kerala,CRL_A,2016-07-05,2024-08-22,2970,2024_disposed,2016,2024,True,hc
KLHC010139622014,KLHC01,High Court of Kerala,KL,Kerala,CRL_A,2014-05-27,2024-12-10,3850,2024_disposed,2014,2024,True,hc
KLHC010139632014,KLHC01,High Court of Kerala,KL,Kerala,CRL_A,2014-05-27,2024-11-08,3818,2024_disposed,2014,2024,True,hc
KLHC010136352017,KLHC01,High Court of Kerala,KL,Kerala,CRL_A,2017-12-14,2024-11-15,2528,2024_disposed,2017,2024,True,hc
KLHC010130272016,KLHC01,High Court of Kerala,KL,Kerala,CRL_A,2016-01-05,2024-09-05,3166,2024_disposed,2016,2024,True,hc
KLHC010130232016,KLHC01,High Court of Kerala,KL,Kerala,CRL_A,2016-01-04,2024-10-16,3208,2024_disposed,2016,2024,True,hc
KLHC010131072016,KLHC01,High Court of Kerala,KL,Kerala,CRL_A,2016-01-20,2024-10-18,3194,2024_disposed,2016,2024,True,hc
KLHC010128002007,KLHC01,High Court of Kerala,KL,Kerala,CRL_A,2007-10-15,2024-01-11,5932,2024_disposed,2007,2024,True,hc
KLHC010860702023,KLHC01,High Court of Kerala,KL,Kerala,CRL_A,2023-11-13,2024-02-13,92,2024_disposed,2023,2024,True,hc
KLHC010112192007,KLHC01,High Court of Kerala,KL,Kerala,CRL_A,2007-02-26,2024-11-01,6458,2024_disposed,2007,2024,True,hc
KLHC010114682007,KLHC01,High Court of Kerala,KL,Kerala,CRL_A,2007-04-03,2024-02-22,6169,2024_disposed,2007,2024,True,hc
KLHC010117052007,KLHC01,High Court of Kerala,KL,Kerala,CRL_A,2007-05-24,2024-01-05,6070,2024_disposed,2007,2024,True,hc
KLHC010748372021,KLHC01,High Court of Kerala,KL,Kerala,CRL_A,2021-12-22,2024-10-04,1017,2024_disposed,2021,2024,True,hc
KLHC010106072006,KLHC01,High Court of Kerala,KL,Kerala,CRL_A,2006-01-27,2024-08-05,6765,2024_disposed,2006,2024,True,hc
KLHC010123042008,KLHC01,High Court of Kerala,KL,Kerala,CRL_A,2008-06-05,2024-06-21,5860,2024_disposed,2008,2024,True,hc
KLHC010121312009,KLHC01,High Court of Kerala,KL,Kerala,CRL_A,2009-07-06,2024-06-10,5453,2024_disposed,2009,2024,True,hc
KLHC010124002008,KLHC01,High Court of Kerala,KL,Kerala,CRL_A,2008-06-16,2024-12-10,6021,2024_disposed,2008,2024,True,hc
KLHC010122762009,KLHC01,High Court of Kerala,KL,Kerala,CRL_A,2009-07-23,2024-04-05,5370,2024_disposed,2009,2024,True,hc
KLHC010122762008,KLHC01,High Court of Kerala,KL,Kerala,CRL_A,2008-06-04,2024-10-24,5986,2024_disposed,2008,2024,True,hc
KLHC010122772009,KLHC01,High Court of Kerala,KL,Kerala,CRL_A,2009-07-23,2024-02-27,5332,2024_disposed,2009,2024,True,hc
KLHC010126442009,KLHC01,High Court of Kerala,KL,Kerala,CRL_A,2009-08-26,2024-04-12,5343,2024_disposed,2009,2024,True,hc
KLHC010126452009,KLHC01,High Court of Kerala,KL,Kerala,CRL_A,2009-08-26,2024-04-12,5343,2024_disposed,2009,2024,True,hc
KLHC010934182024,KLHC01,High Court of Kerala,KL,Kerala,CRL_A,2024-03-17,2024-04-05,19,2024_disposed,2024,2024,True,hc
KLHC010424642020,KLHC01,High Court of Kerala,KL,Kerala,CRL_A,2020-08-14,2024-10-09,1517,2020_filed,2020,2024,True,hc
KLHC010424642020,KLHC01,High Court of Kerala,KL,Kerala,CRL_A,2020-08-14,2024-10-09,1517,2024_disposed,2020,2024,True,hc
KLHC010132072016,KLHC01,High Court of Kerala,KL,Kerala,CRL_A,2016-02-15,2024-12-02,3213,2024_disposed,2016,2024,True,hc
KLHC010106652006,KLHC01,High Court of Kerala,KL,Kerala,CRL_A,2006-02-02,2024-07-19,6742,2024_disposed,2006,2024,True,hc
KLHC010142522012,KLHC01,High Court of Kerala,KL,Kerala,CRL_A,2012-07-04,2024-10-21,4492,2024_disposed,2012,2024,True,hc
KLHC010011282024,KLHC01,High Court of Kerala,KL,Kerala,CRL_A,2024-01-03,2024-01-23,20,2024_disposed,2024,2024,True,hc
KLHC010034102024,KLHC01,High Court of Kerala,KL,Kerala,CRL_A,2024-01-12,2024-02-20,39,2024_disposed,2024,2024,True,hc
KLHC011125692024,KLHC01,High Court of Kerala,KL,Kerala,CRL_A,2024-06-06,2024-06-24,18,2024_disposed,2024,2024,True,hc
KLHC010122152007,KLHC01,High Court of Kerala,KL,Kerala,CRL_A,2007-07-26,2024-10-29,6305,2024_disposed,2007,2024,True,hc
KLHC010114852008,KLHC01,High Court of Kerala,KL,Kerala,CRL_A,2008-02-04,2024-06-21,5982,2024_disposed,2008,2024,True,hc
KLHC010123372006,KLHC01,High Court of Kerala,KL,Kerala,CRL_A,2006-10-09,2024-02-08,6331,2024_disposed,2006,2024,True,hc
KLHC010128122013,KLHC01,High Court of Kerala,KL,Kerala,CRL_A,2013-01-07,2024-04-12,4113,2024_disposed,2013,2024,True,hc
KLHC010128172006,KLHC01,High Court of Kerala,KL,Kerala,CRL_A,2003-10-22,2024-07-22,7579,2024_disposed,2003,2024,True,hc
KLHC010141282011,KLHC01,High Court of Kerala,KL,Kerala,CRL_A,2011-02-14,2024-07-23,4908,2024_disposed,2011,2024,True,hc
KLHC010705122018,KLHC01,High Court of Kerala,KL,Kerala,CRL_A,2018-09-22,2024-01-24,1950,2024_disposed,2018,2024,True,hc
KLHC010705112018,KLHC01,High Court of Kerala,KL,Kerala,CRL_A,2018-09-22,2024-11-27,2258,2024_disposed,2018,2024,True,hc
KLHC010129302009,KLHC01,High Court of Kerala,KL,Kerala,CRL_A,2009-10-12,2024-10-16,5483,2024_disposed,2009,2024,True,hc
KLHC010546772023,KLHC01,High Court of Kerala,KL,Kerala,CRL_A,2023-07-26,2024-07-17,357,2024_disposed,2023,2024,True,hc
KLHC010131462015,KLHC01,High Court of Kerala,KL,Kerala,CRL_A,2015-09-23,2024-12-12,3368,2024_disposed,2015,2024,True,hc
KLHC010137702014,KLHC01,High Court of Kerala,KL,Kerala,CRL_A,2014-03-14,2024-12-20,3934,2024_disposed,2014,2024,True,hc
KLHC010104602006,KLHC01,High Court of Kerala,KL,Kerala,CRL_A,2006-01-09,2024-08-02,6780,2024_disposed,2006,2024,True,hc
KLHC010127062007,KLHC01,High Court of Kerala,KL,Kerala,CRL_A,2007-10-04,2024-11-28,6265,2024_disposed,2007,2024,True,hc
KLHC010124552010,KLHC01,High Court of Kerala,KL,Kerala,CRL_A,2010-02-04,2024-08-08,5299,2024_disposed,2010,2024,True,hc
KLHC010125782007,KLHC01,High Court of Kerala,KL,Kerala,CRL_A,2007-09-19,2024-01-29,5976,2024_disposed,2007,2024,True,hc
KLHC010113692005,KLHC01,High Court of Kerala,KL,Kerala,CRL_A,2005-05-16,2024-05-31,6955,2024_disposed,2005,2024,True,hc
KLHC010114962006,KLHC01,High Court of Kerala,KL,Kerala,CRL_A,2006-05-20,2024-10-18,6726,2024_disposed,2006,2024,True,hc
KLHC010114962007,KLHC01,High Court of Kerala,KL,Kerala,CRL_A,2007-03-23,2024-02-14,6172,2024_disposed,2007,2024,True,hc
KLHC010118532009,KLHC01,High Court of Kerala,KL,Kerala,CRL_A,2009-06-04,2024-04-08,5422,2024_disposed,2009,2024,True,hc
KLHC010118692008,KLHC01,High Court of Kerala,KL,Kerala,CRL_A,2008-03-31,2024-11-08,6066,2024_disposed,2008,2024,True,hc
KLHC010119872008,KLHC01,High Court of Kerala,KL,Kerala,CRL_A,2008-02-06,2024-12-12,6154,2024_disposed,2008,2024,True,hc
KLHC010119882008,KLHC01,High Court of Kerala,KL,Kerala,CRL_A,2008-02-05,2024-11-29,6142,2024_disposed,2008,2024,True,hc
KLHC010123632007,KLHC01,High Court of Kerala,KL,Kerala,CRL_A,2007-08-10,2024-11-18,6310,2024_disposed,2007,2024,True,hc
KLHC010123632006,KLHC01,High Court of Kerala,KL,Kerala,CRL_A,2006-10-12,2024-07-12,6483,2024_disposed,2006,2024,True,hc
KLHC010543582022,KLHC01,High Court of Kerala,KL,Kerala,CRL_A,2022-08-02,2024-01-22,538,2024_disposed,2022,2024,True,hc
KLHC010908262024,KLHC01,High Court of Kerala,KL,Kerala,CRL_A,2024-03-05,2024-12-06,276,2024_disposed,2024,2024,True,hc
KLHC010082722018,KLHC01,High Court of Kerala,KL,Kerala,CRL_A,2018-02-09,2024-12-17,2503,2024_disposed,2018,2024,True,hc
KLHC011012222024,KLHC01,High Court of Kerala,KL,Kerala,CRL_A,2024-04-11,2024-04-16,5,2024_disposed,2024,2024,True,hc
KLHC010065892023,KLHC01,High Court of Kerala,KL,Kerala,CRL_A,2023-01-25,2024-08-30,583,2024_disposed,2023,2024,True,hc
KLHC010133042007,KLHC01,High Court of Kerala,KL,Kerala,CRL_A,2007-12-17,2024-02-02,5891,2024_disposed,2007,2024,True,hc
KLHC010133042017,KLHC01,High Court of Kerala,KL,Kerala,CRL_A,2017-09-19,2024-08-07,2514,2024_disposed,2017,2024,True,hc
KLHC010135662009,KLHC01,High Court of Kerala,KL,Kerala,CRL_A,2009-12-22,2024-06-07,5281,2024_disposed,2009,2024,True,hc
KLHC010133052017,KLHC01,High Court of Kerala,KL,Kerala,CRL_A,2017-09-19,2024-10-01,2569,2024_disposed,2017,2024,True,hc
KLHC010135672017,KLHC01,High Court of Kerala,KL,Kerala,CRL_A,2017-11-29,2024-11-15,2543,2024_disposed,2017,2024,True,hc
KLHC010138082013,KLHC01,High Court of Kerala,KL,Kerala,CRL_A,2013-07-17,2024-05-22,3962,2024_disposed,2013,2024,True,hc
KLHC010298562020,KLHC01,High Court of Kerala,KL,Kerala,CRL_A,2020-06-12,2024-10-29,1600,2020_filed,2020,2024,True,hc
KLHC010298562020,KLHC01,High Court of Kerala,KL,Kerala,CRL_A,2020-06-12,2024-10-29,1600,2024_disposed,2020,2024,True,hc
KLHC010193322020,KLHC01,High Court of Kerala,KL,Kerala,CRL_A,2020-03-10,2024-09-05,1640,2020_filed,2020,2024,True,hc
KLHC010193322020,KLHC01,High Court of Kerala,KL,Kerala,CRL_A,2020-03-10,2024-09-05,1640,2024_disposed,2020,2024,True,hc
KLHC010030842024,KLHC01,High Court of Kerala,KL,Kerala,CRL_A,2024-01-10,2024-09-11,245,2024_disposed,2024,2024,True,hc
KLHC010027592024,KLHC01,High Court of Kerala,KL,Kerala,CRL_A,2024-01-08,2024-03-05,57,2024_disposed,2024,2024,True,hc
KLHC010035032024,KLHC01,High Court of Kerala,KL,Kerala,CRL_A,2024-01-12,2024-02-20,39,2024_disposed,2024,2024,True,hc
KLHC010124902009,KLHC01,High Court of Kerala,KL,Kerala,CRL_A,2009-08-12,2024-04-12,5357,2024_disposed,2009,2024,True,hc
KLHC010783582023,KLHC01,High Court of Kerala,KL,Kerala,CRL_A,2023-10-19,2024-01-24,97,2024_disposed,2023,2024,True,hc
KLHC010083412018,KLHC01,High Court of Kerala,KL,Kerala,CRL_A,2018-03-06,2024-09-05,2375,2024_disposed,2018,2024,True,hc
KLHC010085312018,KLHC01,High Court of Kerala,KL,Kerala,CRL_A,2018-04-09,2024-12-09,2436,2024_disposed,2018,2024,True,hc
KLHC010059002024,KLHC01,High Court of Kerala,KL,Kerala,CRL_A,2024-01-20,2024-06-25,157,2024_disposed,2024,2024,True,hc
KLHC010084242018,KLHC01,High Court of Kerala,KL,Kerala,CRL_A,2018-03-08,2024-06-19,2295,2024_disposed,2018,2024,True,hc
KLHC010121452008,KLHC01,High Court of Kerala,KL,Kerala,CRL_A,2008-04-11,2024-07-09,5933,2024_disposed,2008,2024,True,hc
KLHC010121432023,KLHC01,High Court of Kerala,KL,Kerala,CRL_A,2023-02-13,2024-06-19,492,2024_disposed,2023,2024,True,hc
UPHC010762512018,UPHC01,Allahabad High Court,UP,Uttar Pradesh,BA,2018-04-18,2024-04-18,2192,2024_disposed,2018,2024,True,hc
UPHC010777792023,UPHC01,Allahabad High Court,UP,Uttar Pradesh,BA,2023-04-05,2024-05-17,408,2024_disposed,2023,2024,True,hc
UPHC010431402021,UPHC01,Allahabad High Court,UP,Uttar Pradesh,BA,2021-02-22,2024-03-18,1120,2024_disposed,2021,2024,True,hc
UPHC010781642022,UPHC01,Allahabad High Court,UP,Uttar Pradesh,BA,2022-05-06,2024-02-19,654,2024_disposed,2022,2024,True,hc
UPHC011304382023,UPHC01,Allahabad High Court,UP,Uttar Pradesh,BA,2023-06-03,2024-04-10,312,2024_disposed,2023,2024,True,hc
UPHC010936522021,UPHC01,Allahabad High Court,UP,Uttar Pradesh,BA,2021-07-06,2024-03-15,983,2024_disposed,2021,2024,True,hc
UPHC010772552023,UPHC01,Allahabad High Court,UP,Uttar Pradesh,BA,2023-04-04,2024-01-05,276,2024_disposed,2023,2024,True,hc
UPHC012474662023,UPHC01,Allahabad High Court,UP,Uttar Pradesh,BA,2023-11-03,2024-01-03,61,2024_disposed,2023,2024,True,hc
UPHC010118632023,UPHC01,Allahabad High Court,UP,Uttar Pradesh,BA,2023-01-16,2024-02-12,392,2024_disposed,2023,2024,True,hc
UPHC012499412023,UPHC01,Allahabad High Court,UP,Uttar Pradesh,BA,2023-11-07,2024-01-11,65,2024_disposed,2023,2024,True,hc
UPHC011110652021,UPHC01,Allahabad High Court,UP,Uttar Pradesh,BA,2021-07-27,2024-02-07,925,2024_disposed,2021,2024,True,hc
UPHC010156492024,UPHC01,Allahabad High Court,UP,Uttar Pradesh,BA,2024-01-04,2024-01-29,25,2024_disposed,2024,2024,False,hc
UPHC010156502024,UPHC01,Allahabad High Court,UP,Uttar Pradesh,BA,2024-01-04,2024-04-05,92,2024_disposed,2024,2024,False,hc
UPHC010161482024,UPHC01,Allahabad High Court,UP,Uttar Pradesh,BA,2024-01-04,2024-03-29,85,2024_disposed,2024,2024,False,hc
UPHC010161492024,UPHC01,Allahabad High Court,UP,Uttar Pradesh,BA,2024-01-04,2024-02-08,35,2024_disposed,2024,2024,False,hc
UPHC010161502024,UPHC01,Allahabad High Court,UP,Uttar Pradesh,BA,2024-01-04,2024-02-13,40,2024_disposed,2024,2024,False,hc
UPHC010171282024,UPHC01,Allahabad High Court,UP,Uttar Pradesh,BA,2024-01-05,2024-01-25,20,2024_disposed,2024,2024,False,hc
UPHC012458192023,UPHC01,Allahabad High Court,UP,Uttar Pradesh,BA,2023-11-02,2024-03-29,148,2024_disposed,2023,2024,True,hc
UPHC012484232023,UPHC01,Allahabad High Court,UP,Uttar Pradesh,BA,2023-11-06,2024-03-12,127,2024_disposed,2023,2024,True,hc
UPHC012549182023,UPHC01,Allahabad High Court,UP,Uttar Pradesh,BA,2023-11-17,2024-08-08,265,2024_disposed,2023,2024,True,hc
UPHC012549142023,UPHC01,Allahabad High Court,UP,Uttar Pradesh,BA,2023-11-17,2024-01-05,49,2024_disposed,2023,2024,True,hc
UPHC012549692023,UPHC01,Allahabad High Court,UP,Uttar Pradesh,BA,2023-11-17,2024-01-09,53,2024_disposed,2023,2024,True,hc
UPHC012550042023,UPHC01,Allahabad High Court,UP,Uttar Pradesh,BA,2023-11-17,2024-04-09,144,2024_disposed,2023,2024,True,hc
UPHC011109412019,UPHC01,Allahabad High Court,UP,Uttar Pradesh,BA,2019-05-24,2024-02-02,1715,2024_disposed,2019,2024,True,hc
UPHC012586272023,UPHC01,Allahabad High Court,UP,Uttar Pradesh,BA,2023-11-22,2024-01-03,42,2024_disposed,2023,2024,True,hc
UPHC012850742023,UPHC01,Allahabad High Court,UP,Uttar Pradesh,BA,2023-12-21,2024-02-13,54,2024_disposed,2023,2024,True,hc
UPHC012586452023,UPHC01,Allahabad High Court,UP,Uttar Pradesh,BA,2023-11-22,2024-02-07,77,2024_disposed,2023,2024,True,hc
UPHC012630982022,UPHC01,Allahabad High Court,UP,Uttar Pradesh,BA,2022-12-23,2024-05-31,525,2024_disposed,2022,2024,True,hc
UPHC012658982023,UPHC01,Allahabad High Court,UP,Uttar Pradesh,BA,2023-12-01,2024-01-06,36,2024_disposed,2023,2024,False,hc
UPHC012630942023,UPHC01,Allahabad High Court,UP,Uttar Pradesh,BA,2023-11-28,2024-02-12,76,2024_disposed,2023,2024,True,hc
UPHC012658972023,UPHC01,Allahabad High Court,UP,Uttar Pradesh,BA,2023-12-01,2024-01-02,32,2024_disposed,2023,2024,True,hc
UPHC012851032023,UPHC01,Allahabad High Court,UP,Uttar Pradesh,BA,2023-12-21,2024-01-12,22,2024_disposed,2023,2024,True,hc
UPHC012851092023,UPHC01,Allahabad High Court,UP,Uttar Pradesh,BA,2023-12-21,2024-02-01,42,2024_disposed,2023,2024,True,hc
UPHC012851122023,UPHC01,Allahabad High Court,UP,Uttar Pradesh,BA,2023-12-21,2024-04-04,105,2024_disposed,2023,2024,True,hc
UPHC012851492023,UPHC01,Allahabad High Court,UP,Uttar Pradesh,BA,2023-12-21,2024-02-21,62,2024_disposed,2023,2024,True,hc
UPHC012851582023,UPHC01,Allahabad High Court,UP,Uttar Pradesh,BA,2023-12-21,2024-02-01,42,2024_disposed,2023,2024,True,hc
UPHC012851322023,UPHC01,Allahabad High Court,UP,Uttar Pradesh,BA,2023-12-21,2024-01-12,22,2024_disposed,2023,2024,True,hc
UPHC012851592023,UPHC01,Allahabad High Court,UP,Uttar Pradesh,BA,2023-12-21,2024-01-29,39,2024_disposed,2023,2024,True,hc
UPHC012851712023,UPHC01,Allahabad High Court,UP,Uttar Pradesh,BA,2023-12-21,2024-02-02,43,2024_disposed,2023,2024,False,hc
UPHC012851542023,UPHC01,Allahabad High Court,UP,Uttar Pradesh,BA,2023-12-21,2024-11-05,320,2024_disposed,2023,2024,True,hc
UPHC011413822020,UPHC01,Allahabad High Court,UP,Uttar Pradesh,BA,2020-11-17,2024-05-09,1269,2020_filed,2020,2024,True,hc
UPHC011413822020,UPHC01,Allahabad High Court,UP,Uttar Pradesh,BA,2020-11-17,2024-05-09,1269,2024_disposed,2020,2024,True,hc
UPHC011413472023,UPHC01,Allahabad High Court,UP,Uttar Pradesh,BA,2023-06-28,2024-01-29,215,2024_disposed,2023,2024,False,hc
UPHC011415012022,UPHC01,Allahabad High Court,UP,Uttar Pradesh,BA,2022-08-03,2024-02-07,553,2024_disposed,2022,2024,True,hc
UPHC011415402020,UPHC01,Allahabad High Court,UP,Uttar Pradesh,BA,2020-11-18,2024-05-02,1261,2020_filed,2020,2024,True,hc
UPHC011415402020,UPHC01,Allahabad High Court,UP,Uttar Pradesh,BA,2020-11-18,2024-05-02,1261,2024_disposed,2020,2024,True,hc
UPHC011402552021,UPHC01,Allahabad High Court,UP,Uttar Pradesh,BA,2021-09-07,2024-02-19,895,2024_disposed,2021,2024,True,hc
UPHC011423552022,UPHC01,Allahabad High Court,UP,Uttar Pradesh,BA,2022-08-04,2024-08-28,755,2024_disposed,2022,2024,False,hc
UPHC011373172023,UPHC01,Allahabad High Court,UP,Uttar Pradesh,BA,2023-06-19,2024-01-17,212,2024_disposed,2023,2024,True,hc
UPHC011446502022,UPHC01,Allahabad High Court,UP,Uttar Pradesh,BA,2022-08-06,2024-01-24,536,2024_disposed,2022,2024,True,hc
UPHC012124332023,UPHC01,Allahabad High Court,UP,Uttar Pradesh,BA,2023-09-21,2024-01-05,106,2024_disposed,2023,2024,True,hc
UPHC010913362020,UPHC01,Allahabad High Court,UP,Uttar Pradesh,BA,2020-08-26,2024-01-08,1230,2020_filed,2020,2024,True,hc
UPHC010913362020,UPHC01,Allahabad High Court,UP,Uttar Pradesh,BA,2020-08-26,2024-01-08,1230,2024_disposed,2020,2024,True,hc
UPHC011992492023,UPHC01,Allahabad High Court,UP,Uttar Pradesh,BA,2023-09-04,2024-02-06,155,2024_disposed,2023,2024,True,hc
UPHC010975992021,UPHC01,Allahabad High Court,UP,Uttar Pradesh,BA,2021-07-10,2024-05-22,1047,2024_disposed,2021,2024,True,hc
UPHC010982062023,UPHC01,Allahabad High Court,UP,Uttar Pradesh,BA,2023-04-27,2024-02-07,286,2024_disposed,2023,2024,True,hc
UPHC011004652022,UPHC01,Allahabad High Court,UP,Uttar Pradesh,BA,2022-06-03,2024-01-31,607,2024_disposed,2022,2024,True,hc
UPHC011917852019,UPHC01,Allahabad High Court,UP,Uttar Pradesh,BA,2019-10-01,2024-02-23,1606,2024_disposed,2019,2024,True,hc
UPHC011948432023,UPHC01,Allahabad High Court,UP,Uttar Pradesh,BA,2023-08-28,2024-01-29,154,2024_disposed,2023,2024,True,hc
UPHC011037622023,UPHC01,Allahabad High Court,UP,Uttar Pradesh,BA,2023-05-03,2024-05-28,391,2024_disposed,2023,2024,True,hc
UPHC010041122023,UPHC01,Allahabad High Court,UP,Uttar Pradesh,BA,2023-01-05,2024-01-30,390,2024_disposed,2023,2024,True,hc
UPHC010997812021,UPHC01,Allahabad High Court,UP,Uttar Pradesh,BA,2021-07-13,2024-01-05,906,2024_disposed,2021,2024,True,hc
UPHC010999112021,UPHC01,Allahabad High Court,UP,Uttar Pradesh,BA,2021-07-13,2024-02-07,939,2024_disposed,2021,2024,True,hc
UPHC010759522023,UPHC01,Allahabad High Court,UP,Uttar Pradesh,BA,2023-04-03,2024-03-12,344,2024_disposed,2023,2024,True,hc
UPHC011251272023,UPHC01,Allahabad High Court,UP,Uttar Pradesh,BA,2023-05-26,2024-02-26,276,2024_disposed,2023,2024,True,hc
UPHC010247512024,UPHC01,Allahabad High Court,UP,Uttar Pradesh,BA,2024-01-12,2024-04-30,109,2024_disposed,2024,2024,False,hc
UPHC010253552021,UPHC01,Allahabad High Court,UP,Uttar Pradesh,BA,2021-02-04,2024-02-07,1098,2024_disposed,2021,2024,True,hc
UPHC010908092023,UPHC01,Allahabad High Court,UP,Uttar Pradesh,BA,2023-04-19,2024-01-10,266,2024_disposed,2023,2024,True,hc
UPHC010912052023,UPHC01,Allahabad High Court,UP,Uttar Pradesh,BA,2023-04-19,2024-01-11,267,2024_disposed,2023,2024,True,hc
UPHC011083782022,UPHC01,Allahabad High Court,UP,Uttar Pradesh,BA,2022-06-18,2024-11-26,892,2024_disposed,2022,2024,True,hc
UPHC011080992020,UPHC01,Allahabad High Court,UP,Uttar Pradesh,BA,2020-09-22,2024-02-01,1227,2020_filed,2020,2024,True,hc
UPHC011080992020,UPHC01,Allahabad High Court,UP,Uttar Pradesh,BA,2020-09-22,2024-02-01,1227,2024_disposed,2020,2024,True,hc
UPHC011718752022,UPHC01,Allahabad High Court,UP,Uttar Pradesh,BA,2022-09-08,2024-02-05,515,2024_disposed,2022,2024,True,hc
UPHC011488912023,UPHC01,Allahabad High Court,UP,Uttar Pradesh,BA,2023-07-07,2024-02-15,223,2024_disposed,2023,2024,True,hc
UPHC012294402023,UPHC01,Allahabad High Court,UP,Uttar Pradesh,BA,2023-10-12,2024-02-01,112,2024_disposed,2023,2024,True,hc
UPHC012305002022,UPHC01,Allahabad High Court,UP,Uttar Pradesh,BA,2022-11-21,2024-05-08,534,2024_disposed,2022,2024,True,hc
UPHC012286172023,UPHC01,Allahabad High Court,UP,Uttar Pradesh,BA,2023-10-11,2024-03-11,152,2024_disposed,2023,2024,True,hc
UPHC012372492023,UPHC01,Allahabad High Court,UP,Uttar Pradesh,BA,2023-10-26,2024-09-10,320,2024_disposed,2023,2024,True,hc
UPHC010205942024,UPHC01,Allahabad High Court,UP,Uttar Pradesh,BA,2024-01-10,2024-04-05,86,2024_disposed,2024,2024,False,hc
UPHC010215922024,UPHC01,Allahabad High Court,UP,Uttar Pradesh,BA,2024-01-10,2024-01-29,19,2024_disposed,2024,2024,False,hc
UPHC010215922022,UPHC01,Allahabad High Court,UP,Uttar Pradesh,BA,2022-02-07,2024-01-11,703,2024_disposed,2022,2024,False,hc
UPHC011408582023,UPHC01,Allahabad High Court,UP,Uttar Pradesh,BA,2023-06-27,2024-01-10,197,2024_disposed,2023,2024,True,hc
UPHC011251582023,UPHC01,Allahabad High Court,UP,Uttar Pradesh,BA,2023-05-26,2024-01-05,224,2024_disposed,2023,2024,False,hc
UPHC011196612022,UPHC01,Allahabad High Court,UP,Uttar Pradesh,BA,2022-07-07,2024-04-09,642,2024_disposed,2022,2024,True,hc
UPHC011461872023,UPHC01,Allahabad High Court,UP,Uttar Pradesh,BA,2023-07-05,2024-01-12,191,2024_disposed,2023,2024,True,hc
UPHC011454572022,UPHC01,Allahabad High Court,UP,Uttar Pradesh,BA,2022-08-06,2024-04-15,618,2024_disposed,2022,2024,True,hc
UPHC010163082024,UPHC01,Allahabad High Court,UP,Uttar Pradesh,BA,2024-01-04,2024-02-02,29,2024_disposed,2024,2024,False,hc
UPHC010169122024,UPHC01,Allahabad High Court,UP,Uttar Pradesh,BA,2024-01-05,2024-01-25,20,2024_disposed,2024,2024,False,hc
UPHC011291892022,UPHC01,Allahabad High Court,UP,Uttar Pradesh,BA,2022-07-20,2024-03-06,595,2024_disposed,2022,2024,True,hc
UPHC011322492023,UPHC01,Allahabad High Court,UP,Uttar Pradesh,BA,2023-06-07,2024-02-28,266,2024_disposed,2023,2024,True,hc
UPHC011984802021,UPHC01,Allahabad High Court,UP,Uttar Pradesh,BA,2021-12-03,2024-03-06,824,2024_disposed,2021,2024,True,hc
UPHC011122102022,UPHC01,Allahabad High Court,UP,Uttar Pradesh,BA,2022-06-27,2024-01-16,568,2024_disposed,2022,2024,True,hc
UPHC010993682022,UPHC01,Allahabad High Court,UP,Uttar Pradesh,BA,2022-06-01,2024-09-21,843,2024_disposed,2022,2024,True,hc
UPHC010802312023,UPHC01,Allahabad High Court,UP,Uttar Pradesh,BA,2023-04-06,2024-01-11,280,2024_disposed,2023,2024,True,hc
UPHC010428262020,UPHC01,Allahabad High Court,UP,Uttar Pradesh,BA,2020-02-25,2024-05-07,1533,2020_filed,2020,2024,True,hc
UPHC010428262020,UPHC01,Allahabad High Court,UP,Uttar Pradesh,BA,2020-02-25,2024-05-07,1533,2024_disposed,2020,2024,True,hc
UPHC011414582022,UPHC01,Allahabad High Court,UP,Uttar Pradesh,BA,2022-08-03,2024-04-22,628,2024_disposed,2022,2024,True,hc
UPHC012540682023,UPHC01,Allahabad High Court,UP,Uttar Pradesh,BA,2023-11-16,2024-02-19,95,2024_disposed,2023,2024,True,hc
UPHC011423812022,UPHC01,Allahabad High Court,UP,Uttar Pradesh,BA,2022-08-04,2024-01-09,523,2024_disposed,2022,2024,True,hc
UPHC011406742023,UPHC01,Allahabad High Court,UP,Uttar Pradesh,BA,2023-06-27,2024-02-02,220,2024_disposed,2023,2024,True,hc
UPHC011516372021,UPHC01,Allahabad High Court,UP,Uttar Pradesh,BA,2021-09-24,2024-03-19,907,2024_disposed,2021,2024,True,hc
UPHC011532722023,UPHC01,Allahabad High Court,UP,Uttar Pradesh,BA,2023-07-13,2024-01-24,195,2024_disposed,2023,2024,True,hc
UPHC011567992020,UPHC01,Allahabad High Court,UP,Uttar Pradesh,BA,2020-12-05,2024-05-10,1252,2020_filed,2020,2024,True,hc
UPHC011567992020,UPHC01,Allahabad High Court,UP,Uttar Pradesh,BA,2020-12-05,2024-05-10,1252,2024_disposed,2020,2024,True,hc
UPHC012337732023,UPHC01,Allahabad High Court,UP,Uttar Pradesh,BA,2023-10-17,2024-03-18,153,2024_disposed,2023,2024,True,hc
UPHC012354772023,UPHC01,Allahabad High Court,UP,Uttar Pradesh,BA,2023-10-25,2024-05-22,210,2024_disposed,2023,2024,True,hc
UPHC010179192024,UPHC01,Allahabad High Court,UP,Uttar Pradesh,CRL_A,2024-01-06,2024-01-29,23,2024_disposed,2024,2024,False,hc
UPHC012490852023,UPHC01,Allahabad High Court,UP,Uttar Pradesh,CRL_A,2023-11-06,2024-02-06,92,2024_disposed,2023,2024,True,hc
UPHC012491062018,UPHC01,Allahabad High Court,UP,Uttar Pradesh,CRL_A,2018-12-11,2024-02-28,1905,2024_disposed,2018,2024,True,hc
UPHC012491172023,UPHC01,Allahabad High Court,UP,Uttar Pradesh,CRL_A,2023-11-06,2024-02-19,105,2024_disposed,2023,2024,True,hc
UPHC012537512023,UPHC01,Allahabad High Court,UP,Uttar Pradesh,CRL_A,2023-11-16,2024-01-23,68,2024_disposed,2023,2024,True,hc
UPHC012560442023,UPHC01,Allahabad High Court,UP,Uttar Pradesh,CRL_A,2023-11-20,2024-01-31,72,2024_disposed,2023,2024,True,hc
UPHC011168342022,UPHC01,Allahabad High Court,UP,Uttar Pradesh,CRL_A,2022-07-04,2024-03-12,617,2024_disposed,2022,2024,True,hc
UPHC012116122023,UPHC01,Allahabad High Court,UP,Uttar Pradesh,CRL_A,2023-09-20,2024-07-02,286,2024_disposed,2023,2024,False,hc
UPHC011613992023,UPHC01,Allahabad High Court,UP,Uttar Pradesh,CRL_A,2023-07-21,2024-07-15,360,2024_disposed,2023,2024,True,hc
UPHC010927822023,UPHC01,Allahabad High Court,UP,Uttar Pradesh,CRL_A,2023-04-21,2024-08-21,488,2024_disposed,2023,2024,True,hc
UPHC012551982023,UPHC01,Allahabad High Court,UP,Uttar Pradesh,CRL_A,2023-11-17,2024-05-28,193,2024_disposed,2023,2024,True,hc
UPHC010316522007,UPHC01,Allahabad High Court,UP,Uttar Pradesh,CRL_A,2007-09-12,2024-05-21,6096,2024_disposed,2007,2024,True,hc
UPHC012364252023,UPHC01,Allahabad High Court,UP,Uttar Pradesh,CRL_A,2023-10-25,2024-01-17,84,2024_disposed,2023,2024,True,hc
UPHC011429292023,UPHC01,Allahabad High Court,UP,Uttar Pradesh,CRL_A,2023-07-03,2024-02-05,217,2024_disposed,2023,2024,True,hc
UPHC011865172023,UPHC01,Allahabad High Court,UP,Uttar Pradesh,CRL_A,2023-08-19,2024-08-23,370,2024_disposed,2023,2024,True,hc
UPHC011013092019,UPHC01,Allahabad High Court,UP,Uttar Pradesh,CRL_A,2019-05-14,2024-07-29,1903,2024_disposed,2019,2024,True,hc
UPHC011616882023,UPHC01,Allahabad High Court,UP,Uttar Pradesh,CRL_A,2023-07-21,2024-02-02,196,2024_disposed,2023,2024,True,hc
UPHC011555922005,UPHC01,Allahabad High Court,UP,Uttar Pradesh,CRL_A,2005-03-03,2024-01-17,6894,2024_disposed,2005,2024,False,hc
UPHC011460952023,UPHC01,Allahabad High Court,UP,Uttar Pradesh,CRL_A,2023-07-05,2024-09-18,441,2024_disposed,2023,2024,True,hc
UPHC010860192024,UPHC01,Allahabad High Court,UP,Uttar Pradesh,CRL_A,2024-02-12,2024-05-10,88,2024_disposed,2024,2024,False,hc
UPHC010182072024,UPHC01,Allahabad High Court,UP,Uttar Pradesh,CRL_A,2024-01-08,2024-03-07,59,2024_disposed,2024,2024,False,hc
UPHC010163772023,UPHC01,Allahabad High Court,UP,Uttar Pradesh,CRL_A,2023-01-20,2024-02-01,377,2024_disposed,2023,2024,True,hc
UPHC011987832023,UPHC01,Allahabad High Court,UP,Uttar Pradesh,CRL_A,2023-09-02,2024-02-05,156,2024_disposed,2023,2024,True,hc
UPHC010147512024,UPHC01,Allahabad High Court,UP,Uttar Pradesh,CRL_A,2024-01-03,2024-02-13,41,2024_disposed,2024,2024,False,hc
UPHC011888472023,UPHC01,Allahabad High Court,UP,Uttar Pradesh,CRL_A,2023-08-22,2024-02-13,175,2024_disposed,2023,2024,True,hc
UPHC012822912023,UPHC01,Allahabad High Court,UP,Uttar Pradesh,CRL_A,2023-12-19,2024-01-16,28,2024_disposed,2023,2024,True,hc
UPHC010293442007,UPHC01,Allahabad High Court,UP,Uttar Pradesh,CRL_A,2007-07-17,2024-03-05,6076,2024_disposed,2007,2024,True,hc
UPHC011784672023,UPHC01,Allahabad High Court,UP,Uttar Pradesh,CRL_A,2023-08-09,2024-09-23,411,2024_disposed,2023,2024,True,hc
UPHC011256092007,UPHC01,Allahabad High Court,UP,Uttar Pradesh,CRL_A,2007-03-07,2024-03-15,6218,2024_disposed,2007,2024,True,hc
UPHC011577042023,UPHC01,Allahabad High Court,UP,Uttar Pradesh,CRL_A,2023-07-18,2024-02-06,203,2024_disposed,2023,2024,True,hc
UPHC010308092008,UPHC01,Allahabad High Court,UP,Uttar Pradesh,CRL_A,2008-07-18,2024-01-12,5656,2024_disposed,2008,2024,False,hc
UPHC010746102001,UPHC01,Allahabad High Court,UP,Uttar Pradesh,CRL_A,2001-01-16,2024-02-21,8436,2024_disposed,2001,2024,True,hc
UPHC012135442013,UPHC01,Allahabad High Court,UP,Uttar Pradesh,CRL_A,2013-12-06,2024-11-12,3994,2024_disposed,2013,2024,True,hc
UPHC011056432023,UPHC01,Allahabad High Court,UP,Uttar Pradesh,CRL_A,2023-05-06,2024-05-30,390,2024_disposed,2023,2024,False,hc
UPHC010290862005,UPHC01,Allahabad High Court,UP,Uttar Pradesh,CRL_A,2005-02-22,2024-03-20,6966,2024_disposed,2005,2024,True,hc
UPHC010311872006,UPHC01,Allahabad High Court,UP,Uttar Pradesh,CRL_A,2006-11-22,2024-02-20,6299,2024_disposed,2006,2024,True,hc
UPHC011867482013,UPHC01,Allahabad High Court,UP,Uttar Pradesh,CRL_A,2013-12-04,2024-04-09,3779,2024_disposed,2013,2024,True,hc
UPHC010234292024,UPHC01,Allahabad High Court,UP,Uttar Pradesh,CRL_A,2024-01-11,2024-01-30,19,2024_disposed,2024,2024,False,hc
UPHC012023802023,UPHC01,Allahabad High Court,UP,Uttar Pradesh,CRL_A,2023-09-06,2024-02-08,155,2024_disposed,2023,2024,True,hc
UPHC011691822010,UPHC01,Allahabad High Court,UP,Uttar Pradesh,CRL_A,2010-04-20,2024-05-09,5133,2024_disposed,2010,2024,False,hc
UPHC012405912023,UPHC01,Allahabad High Court,UP,Uttar Pradesh,CRL_A,2023-10-29,2024-01-24,87,2024_disposed,2023,2024,True,hc
UPHC012776342023,UPHC01,Allahabad High Court,UP,Uttar Pradesh,CRL_A,2023-12-14,2024-04-25,133,2024_disposed,2023,2024,True,hc
UPHC012449212023,UPHC01,Allahabad High Court,UP,Uttar Pradesh,CRL_A,2023-11-01,2024-09-10,314,2024_disposed,2023,2024,True,hc
UPHC011461702007,UPHC01,Allahabad High Court,UP,Uttar Pradesh,CRL_A,2007-09-06,2024-02-20,6011,2024_disposed,2007,2024,True,hc
UPHC010141322001,UPHC01,Allahabad High Court,UP,Uttar Pradesh,CRL_A,2001-07-06,2024-03-20,8293,2024_disposed,2001,2024,True,hc
UPHC010932062003,UPHC01,Allahabad High Court,UP,Uttar Pradesh,CRL_A,2003-07-21,2024-08-27,7708,2024_disposed,2003,2024,True,hc
UPHC012320662023,UPHC01,Allahabad High Court,UP,Uttar Pradesh,CRL_A,2023-10-16,2024-02-15,122,2024_disposed,2023,2024,True,hc
UPHC012320692023,UPHC01,Allahabad High Court,UP,Uttar Pradesh,CRL_A,2023-10-16,2024-02-08,115,2024_disposed,2023,2024,True,hc
UPHC012462872023,UPHC01,Allahabad High Court,UP,Uttar Pradesh,CRL_A,2023-11-02,2024-07-22,263,2024_disposed,2023,2024,True,hc
UPHC012320762023,UPHC01,Allahabad High Court,UP,Uttar Pradesh,CRL_A,2023-10-16,2024-07-15,273,2024_disposed,2023,2024,True,hc
UPHC010135622001,UPHC01,Allahabad High Court,UP,Uttar Pradesh,CRL_A,2001-05-30,2024-03-20,8330,2024_disposed,2001,2024,True,hc
UPHC010206452024,UPHC01,Allahabad High Court,UP,Uttar Pradesh,CRL_A,2024-01-10,2024-01-30,20,2024_disposed,2024,2024,False,hc
UPHC010933392022,UPHC01,Allahabad High Court,UP,Uttar Pradesh,CRL_A,2022-05-25,2024-09-05,834,2024_disposed,2022,2024,False,hc
UPHC010659972001,UPHC01,Allahabad High Court,UP,Uttar Pradesh,CRL_A,2001-02-20,2024-08-02,8564,2024_disposed,2001,2024,True,hc
UPHC012457652023,UPHC01,Allahabad High Court,UP,Uttar Pradesh,CRL_A,2023-11-02,2024-02-02,92,2024_disposed,2023,2024,True,hc
UPHC012536582023,UPHC01,Allahabad High Court,UP,Uttar Pradesh,CRL_A,2023-11-16,2024-03-04,109,2024_disposed,2023,2024,True,hc
UPHC012587422023,UPHC01,Allahabad High Court,UP,Uttar Pradesh,CRL_A,2023-11-22,2024-02-02,72,2024_disposed,2023,2024,True,hc
UPHC012165212023,UPHC01,Allahabad High Court,UP,Uttar Pradesh,CRL_A,2023-09-26,2024-03-22,178,2024_disposed,2023,2024,True,hc
UPHC012664052023,UPHC01,Allahabad High Court,UP,Uttar Pradesh,CRL_A,2023-12-01,2024-01-30,60,2024_disposed,2023,2024,True,hc
UPHC012663552023,UPHC01,Allahabad High Court,UP,Uttar Pradesh,CRL_A,2023-12-01,2024-07-30,242,2024_disposed,2023,2024,True,hc
UPHC012663982023,UPHC01,Allahabad High Court,UP,Uttar Pradesh,CRL_A,2023-12-01,2024-01-30,60,2024_disposed,2023,2024,True,hc
UPHC012663772023,UPHC01,Allahabad High Court,UP,Uttar Pradesh,CRL_A,2023-12-01,2024-01-05,35,2024_disposed,2023,2024,True,hc
UPHC012042702023,UPHC01,Allahabad High Court,UP,Uttar Pradesh,CRL_A,2023-09-12,2024-01-05,115,2024_disposed,2023,2024,True,hc
UPHC012204402023,UPHC01,Allahabad High Court,UP,Uttar Pradesh,CRL_A,2023-10-04,2024-08-02,303,2024_disposed,2023,2024,True,hc
UPHC010179522004,UPHC01,Allahabad High Court,UP,Uttar Pradesh,CRL_A,2004-04-19,2024-03-20,7275,2024_disposed,2004,2024,True,hc
UPHC010839812022,UPHC01,Allahabad High Court,UP,Uttar Pradesh,CRL_A,2022-05-13,2024-07-30,809,2024_disposed,2022,2024,True,hc
UPHC010331142010,UPHC01,Allahabad High Court,UP,Uttar Pradesh,CRL_A,2010-05-07,2024-05-09,5116,2024_disposed,2010,2024,False,hc
UPHC010162432002,UPHC01,Allahabad High Court,UP,Uttar Pradesh,CRL_A,2002-01-22,2024-01-24,8037,2024_disposed,2002,2024,True,hc
UPHC010237932024,UPHC01,Allahabad High Court,UP,Uttar Pradesh,CRL_A,2024-01-11,2024-07-19,190,2024_disposed,2024,2024,True,hc
UPHC012639082023,UPHC01,Allahabad High Court,UP,Uttar Pradesh,CRL_A,2023-11-29,2024-09-13,289,2024_disposed,2023,2024,True,hc
UPHC010248362024,UPHC01,Allahabad High Court,UP,Uttar Pradesh,CRL_A,2024-01-12,2024-01-24,12,2024_disposed,2024,2024,False,hc
UPHC010225892007,UPHC01,Allahabad High Court,UP,Uttar Pradesh,CRL_A,2007-02-26,2024-05-13,6286,2024_disposed,2007,2024,True,hc
UPHC010265182021,UPHC01,Allahabad High Court,UP,Uttar Pradesh,CRL_A,2021-02-05,2024-09-27,1330,2024_disposed,2021,2024,True,hc
UPHC010295342010,UPHC01,Allahabad High Court,UP,Uttar Pradesh,CRL_A,2010-03-12,2024-08-08,5263,2024_disposed,2010,2024,False,hc
UPHC010185472024,UPHC01,Allahabad High Court,UP,Uttar Pradesh,CRL_A,2024-01-08,2024-09-02,238,2024_disposed,2024,2024,False,hc
UPHC010181762024,UPHC01,Allahabad High Court,UP,Uttar Pradesh,CRL_A,2024-01-08,2024-05-10,123,2024_disposed,2024,2024,False,hc
UPHC010189562024,UPHC01,Allahabad High Court,UP,Uttar Pradesh,CRL_A,2024-01-08,2024-01-30,22,2024_disposed,2024,2024,False,hc
UPHC012711422023,UPHC01,Allahabad High Court,UP,Uttar Pradesh,CRL_A,2023-12-07,2024-01-10,34,2024_disposed,2023,2024,True,hc
UPHC012712462023,UPHC01,Allahabad High Court,UP,Uttar Pradesh,CRL_A,2023-12-07,2024-01-11,35,2024_disposed,2023,2024,True,hc
UPHC012712272023,UPHC01,Allahabad High Court,UP,Uttar Pradesh,CRL_A,2023-12-07,2024-01-17,41,2024_disposed,2023,2024,True,hc
UPHC010202832024,UPHC01,Allahabad High Court,UP,Uttar Pradesh,CRL_A,2024-01-09,2024-03-05,56,2024_disposed,2024,2024,False,hc
UPHC011611532023,UPHC01,Allahabad High Court,UP,Uttar Pradesh,CRL_A,2023-07-21,2024-09-20,427,2024_disposed,2023,2024,True,hc
UPHC011215892023,UPHC01,Allahabad High Court,UP,Uttar Pradesh,CRL_A,2023-05-23,2024-05-30,373,2024_disposed,2023,2024,True,hc
UPHC011691442023,UPHC01,Allahabad High Court,UP,Uttar Pradesh,CRL_A,2023-07-31,2024-01-31,184,2024_disposed,2023,2024,True,hc
UPHC010150532023,UPHC01,Allahabad High Court,UP,Uttar Pradesh,CRL_A,2023-01-19,2024-04-15,452,2024_disposed,2023,2024,True,hc
UPHC012417352023,UPHC01,Allahabad High Court,UP,Uttar Pradesh,CRL_A,2023-10-30,2024-01-03,65,2024_disposed,2023,2024,True,hc
UPHC010980582019,UPHC01,Allahabad High Court,UP,Uttar Pradesh,CRL_A,2019-05-09,2024-05-27,1845,2024_disposed,2019,2024,True,hc
UPHC011939552016,UPHC01,Allahabad High Court,UP,Uttar Pradesh,CRL_A,2016-10-24,2024-09-30,2898,2024_disposed,2016,2024,True,hc
UPHC011465512023,UPHC01,Allahabad High Court,UP,Uttar Pradesh,CRL_A,2023-07-05,2024-02-01,211,2024_disposed,2023,2024,True,hc
UPHC010350052019,UPHC01,Allahabad High Court,UP,Uttar Pradesh,CRL_A,2019-02-15,2024-07-26,1988,2024_disposed,2019,2024,True,hc
UPHC011707722023,UPHC01,Allahabad High Court,UP,Uttar Pradesh,CRL_A,2023-08-01,2024-02-13,196,2024_disposed,2023,2024,True,hc
UPHC011726702023,UPHC01,Allahabad High Court,UP,Uttar Pradesh,CRL_A,2023-08-03,2024-02-19,200,2024_disposed,2023,2024,True,hc
UPHC012238482022,UPHC01,Allahabad High Court,UP,Uttar Pradesh,CRL_A,2022-11-15,2024-02-26,468,2024_disposed,2022,2024,True,hc
UPHC012238412023,UPHC01,Allahabad High Court,UP,Uttar Pradesh,CRL_A,2023-10-06,2024-02-16,133,2024_disposed,2023,2024,True,hc
UPHC010807802018,UPHC01,Allahabad High Court,UP,Uttar Pradesh,CRL_A,2018-04-24,2024-05-17,2215,2024_disposed,2018,2024,False,hc
UPHC010546702023,UPHC01,Allahabad High Court,UP,Uttar Pradesh,CRL_A,2023-03-04,2024-09-19,565,2024_disposed,2023,2024,True,hc
UPHC010279522006,UPHC01,Allahabad High Court,UP,Uttar Pradesh,CRL_A,2006-08-28,2024-04-19,6444,2024_disposed,2006,2024,True,hc
UPHC011675192010,UPHC01,Allahabad High Court,UP,Uttar Pradesh,CRL_A,2010-03-30,2024-07-25,5231,2024_disposed,2010,2024,False,hc
UPHC011538982010,UPHC01,Allahabad High Court,UP,Uttar Pradesh,CRL_A,2010-08-03,2024-07-31,5111,2024_disposed,2010,2024,True,hc
UPHC011558552019,UPHC01,Allahabad High Court,UP,Uttar Pradesh,CRL_A,2019-08-05,2024-01-24,1633,2024_disposed,2019,2024,True,hc
HCMA010419632011,HCMA01,Madras HC (Chennai),TN,Tamil Nadu,CRL_A,2011-07-25,2024-06-10,4704,2024_disposed,2011,2024,True,hc
HCMA010771132024,HCMA01,Madras HC (Chennai),TN,Tamil Nadu,CRL_A,2024-04-22,2024-04-30,8,2024_disposed,2024,2024,True,hc
HCMA011256372020,HCMA01,Madras HC (Chennai),TN,Tamil Nadu,CRL_A,2020-12-10,2024-04-16,1223,2020_filed,2020,2024,False,hc
HCMA011256372020,HCMA01,Madras HC (Chennai),TN,Tamil Nadu,CRL_A,2020-12-10,2024-04-16,1223,2024_disposed,2020,2024,False,hc
HCMA010406962016,HCMA01,Madras HC (Chennai),TN,Tamil Nadu,CRL_A,2016-07-11,2024-06-13,2894,2024_disposed,2016,2024,True,hc
HCMA010958142023,HCMA01,Madras HC (Chennai),TN,Tamil Nadu,CRL_A,2023-06-01,2024-07-24,419,2024_disposed,2023,2024,True,hc
HCMA012015922022,HCMA01,Madras HC (Chennai),TN,Tamil Nadu,CRL_A,2022-12-12,2024-12-17,736,2024_disposed,2022,2024,True,hc
HCMA012007672024,HCMA01,Madras HC (Chennai),TN,Tamil Nadu,CRL_A,2024-10-24,2024-11-22,29,2024_disposed,2024,2024,True,hc
HCMA011403152021,HCMA01,Madras HC (Chennai),TN,Tamil Nadu,CRL_A,2021-11-02,2024-01-03,792,2024_disposed,2021,2024,True,hc
HCMA010500552018,HCMA01,Madras HC (Chennai),TN,Tamil Nadu,CRL_A,2018-01-04,2024-06-11,2350,2024_disposed,2018,2024,True,hc
HCMA011402262023,HCMA01,Madras HC (Chennai),TN,Tamil Nadu,CRL_A,2023-08-02,2024-08-08,372,2024_disposed,2023,2024,True,hc
HCMA010616692012,HCMA01,Madras HC (Chennai),TN,Tamil Nadu,CRL_A,2012-02-03,2024-02-28,4408,2024_disposed,2012,2024,True,hc
HCMA011925242022,HCMA01,Madras HC (Chennai),TN,Tamil Nadu,CRL_A,2022-11-28,2024-06-28,578,2024_disposed,2022,2024,True,hc
HCMA011998332023,HCMA01,Madras HC (Chennai),TN,Tamil Nadu,CRL_A,2023-11-02,2024-04-02,152,2024_disposed,2023,2024,True,hc
HCMA010217252015,HCMA01,Madras HC (Chennai),TN,Tamil Nadu,CRL_A,2015-07-09,2024-07-15,3294,2024_disposed,2015,2024,True,hc
HCMA011962072023,HCMA01,Madras HC (Chennai),TN,Tamil Nadu,CRL_A,2023-10-30,2024-03-26,148,2024_disposed,2023,2024,True,hc
HCMA012042392024,HCMA01,Madras HC (Chennai),TN,Tamil Nadu,CRL_A,2024-10-29,2024-12-02,34,2024_disposed,2024,2024,True,hc
HCMA011003402021,HCMA01,Madras HC (Chennai),TN,Tamil Nadu,CRL_A,2021-08-16,2024-06-21,1040,2024_disposed,2021,2024,False,hc
HCMA011996992023,HCMA01,Madras HC (Chennai),TN,Tamil Nadu,CRL_A,2023-11-02,2024-09-09,312,2024_disposed,2023,2024,True,hc
HCMA011783932024,HCMA01,Madras HC (Chennai),TN,Tamil Nadu,CRL_A,2024-09-23,2024-11-11,49,2024_disposed,2024,2024,True,hc
HCMA011380492024,HCMA01,Madras HC (Chennai),TN,Tamil Nadu,CRL_A,2024-07-29,2024-11-06,100,2024_disposed,2024,2024,True,hc
HCMA011892272024,HCMA01,Madras HC (Chennai),TN,Tamil Nadu,CRL_A,2024-10-07,2024-10-09,2,2024_disposed,2024,2024,True,hc
HCMA010349082018,HCMA01,Madras HC (Chennai),TN,Tamil Nadu,CRL_A,2018-07-11,2024-08-29,2241,2024_disposed,2018,2024,True,hc
HCMA010072032024,HCMA01,Madras HC (Chennai),TN,Tamil Nadu,CRL_A,2024-01-10,2024-03-14,64,2024_disposed,2024,2024,True,hc
HCMA010087572021,HCMA01,Madras HC (Chennai),TN,Tamil Nadu,CRL_A,2021-01-21,2024-02-23,1128,2024_disposed,2021,2024,True,hc
HCMA010755112013,HCMA01,Madras HC (Chennai),TN,Tamil Nadu,CRL_A,2012-10-30,2024-07-09,4270,2024_disposed,2012,2024,True,hc
HCMA011964222022,HCMA01,Madras HC (Chennai),TN,Tamil Nadu,CRL_A,2022-12-02,2024-07-08,584,2024_disposed,2022,2024,True,hc
HCMA010345362024,HCMA01,Madras HC (Chennai),TN,Tamil Nadu,CRL_A,2024-02-22,2024-03-01,8,2024_disposed,2024,2024,True,hc
HCMA011461772021,HCMA01,Madras HC (Chennai),TN,Tamil Nadu,CRL_A,2021-11-18,2024-06-20,945,2024_disposed,2021,2024,True,hc
HCMA011381972023,HCMA01,Madras HC (Chennai),TN,Tamil Nadu,CRL_A,2023-07-31,2024-10-04,431,2024_disposed,2023,2024,True,hc
HCMA011283462021,HCMA01,Madras HC (Chennai),TN,Tamil Nadu,CRL_A,2021-10-06,2024-07-11,1009,2024_disposed,2021,2024,True,hc
HCMA011432462021,HCMA01,Madras HC (Chennai),TN,Tamil Nadu,CRL_A,2021-11-12,2024-04-04,874,2024_disposed,2021,2024,False,hc
HCMA011650522024,HCMA01,Madras HC (Chennai),TN,Tamil Nadu,CRL_A,2024-09-02,2024-09-26,24,2024_disposed,2024,2024,True,hc
HCMA011557422023,HCMA01,Madras HC (Chennai),TN,Tamil Nadu,CRL_A,2023-08-25,2024-06-20,300,2024_disposed,2023,2024,True,hc
HCMA011557532023,HCMA01,Madras HC (Chennai),TN,Tamil Nadu,CRL_A,2023-08-25,2024-07-02,312,2024_disposed,2023,2024,True,hc
HCMA010395912016,HCMA01,Madras HC (Chennai),TN,Tamil Nadu,CRL_A,2016-04-25,2024-07-19,3007,2024_disposed,2016,2024,True,hc
HCMA010637102021,HCMA01,Madras HC (Chennai),TN,Tamil Nadu,CRL_A,2021-04-27,2024-07-16,1176,2024_disposed,2021,2024,False,hc
HCMA010460322018,HCMA01,Madras HC (Chennai),TN,Tamil Nadu,CRL_A,2011-07-22,2024-01-24,4569,2024_disposed,2011,2024,True,hc
HCMA010104442019,HCMA01,Madras HC (Chennai),TN,Tamil Nadu,CRL_A,2019-01-18,2024-07-16,2006,2024_disposed,2019,2024,True,hc
HCMA010867832024,HCMA01,Madras HC (Chennai),TN,Tamil Nadu,CRL_A,2024-05-06,2024-06-11,36,2024_disposed,2024,2024,True,hc
HCMA010279662022,HCMA01,Madras HC (Chennai),TN,Tamil Nadu,CRL_A,2022-02-24,2024-07-19,876,2024_disposed,2022,2024,True,hc
HCMA012142602024,HCMA01,Madras HC (Chennai),TN,Tamil Nadu,CRL_A,2024-11-14,2024-12-17,33,2024_disposed,2024,2024,True,hc
HCMA010562902021,HCMA01,Madras HC (Chennai),TN,Tamil Nadu,CRL_A,2021-04-15,2024-04-18,1099,2024_disposed,2021,2024,True,hc
HCMA010181552018,HCMA01,Madras HC (Chennai),TN,Tamil Nadu,CRL_A,2018-03-16,2024-07-30,2328,2024_disposed,2018,2024,True,hc
HCMA010169042018,HCMA01,Madras HC (Chennai),TN,Tamil Nadu,CRL_A,2018-03-14,2024-02-09,2158,2024_disposed,2018,2024,True,hc
HCMA010539142022,HCMA01,Madras HC (Chennai),TN,Tamil Nadu,CRL_A,2022-04-07,2024-08-01,847,2024_disposed,2022,2024,True,hc
HCMA011022962021,HCMA01,Madras HC (Chennai),TN,Tamil Nadu,CRL_A,2021-08-19,2024-07-11,1057,2024_disposed,2021,2024,True,hc
HCMA010168362019,HCMA01,Madras HC (Chennai),TN,Tamil Nadu,CRL_A,2019-01-25,2024-02-05,1837,2024_disposed,2019,2024,True,hc
HCMA010375772020,HCMA01,Madras HC (Chennai),TN,Tamil Nadu,CRL_A,2020-02-28,2024-03-05,1467,2020_filed,2020,2024,True,hc
HCMA010375772020,HCMA01,Madras HC (Chennai),TN,Tamil Nadu,CRL_A,2020-02-28,2024-03-05,1467,2024_disposed,2020,2024,True,hc
HCMA010004012021,HCMA01,Madras HC (Chennai),TN,Tamil Nadu,CRL_A,2021-01-04,2024-04-16,1198,2024_disposed,2021,2024,True,hc
HCMA011849582023,HCMA01,Madras HC (Chennai),TN,Tamil Nadu,CRL_A,2023-10-09,2024-09-02,329,2024_disposed,2023,2024,True,hc
HCMA010268912018,HCMA01,Madras HC (Chennai),TN,Tamil Nadu,CRL_A,2018-05-02,2024-07-02,2253,2024_disposed,2018,2024,True,hc
HCMA010805822022,HCMA01,Madras HC (Chennai),TN,Tamil Nadu,CRL_A,2022-06-06,2024-07-22,777,2024_disposed,2022,2024,True,hc
HCMA010550992021,HCMA01,Madras HC (Chennai),TN,Tamil Nadu,CRL_A,2021-04-15,2024-04-17,1098,2024_disposed,2021,2024,True,hc
HCMA010448972015,HCMA01,Madras HC (Chennai),TN,Tamil Nadu,CRL_A,2015-06-01,2024-07-09,3326,2024_disposed,2015,2024,True,hc
HCMA011223232024,HCMA01,Madras HC (Chennai),TN,Tamil Nadu,CRL_A,2024-07-09,2024-08-27,49,2024_disposed,2024,2024,True,hc
HCMA010007462023,HCMA01,Madras HC (Chennai),TN,Tamil Nadu,CRL_A,2023-01-02,2024-11-19,687,2024_disposed,2023,2024,True,hc
HCMA011270292020,HCMA01,Madras HC (Chennai),TN,Tamil Nadu,CRL_A,2020-12-12,2024-07-04,1300,2020_filed,2020,2024,True,hc
HCMA011270292020,HCMA01,Madras HC (Chennai),TN,Tamil Nadu,CRL_A,2020-12-12,2024-07-04,1300,2024_disposed,2020,2024,True,hc
HCMA010748222020,HCMA01,Madras HC (Chennai),TN,Tamil Nadu,CRL_A,2020-08-18,2024-02-13,1274,2020_filed,2020,2024,True,hc
HCMA010748222020,HCMA01,Madras HC (Chennai),TN,Tamil Nadu,CRL_A,2020-08-18,2024-02-13,1274,2024_disposed,2020,2024,True,hc
HCMA010595612024,HCMA01,Madras HC (Chennai),TN,Tamil Nadu,CRL_A,2024-03-25,2024-07-24,121,2024_disposed,2024,2024,True,hc
HCMA010497272019,HCMA01,Madras HC (Chennai),TN,Tamil Nadu,CRL_A,2019-03-14,2024-11-27,2085,2024_disposed,2019,2024,True,hc
HCMA010580502024,HCMA01,Madras HC (Chennai),TN,Tamil Nadu,CRL_A,2024-03-22,2024-06-03,73,2024_disposed,2024,2024,True,hc
HCMA010412282018,HCMA01,Madras HC (Chennai),TN,Tamil Nadu,CRL_A,2018-08-07,2024-07-11,2165,2024_disposed,2018,2024,True,hc
HCMA011397862021,HCMA01,Madras HC (Chennai),TN,Tamil Nadu,CRL_A,2021-11-01,2024-08-23,1026,2024_disposed,2021,2024,True,hc
HCMA010142682019,HCMA01,Madras HC (Chennai),TN,Tamil Nadu,CRL_A,2019-01-23,2024-07-16,2001,2024_disposed,2019,2024,False,hc
HCMA011504262021,HCMA01,Madras HC (Chennai),TN,Tamil Nadu,CRL_A,2021-11-25,2024-01-23,789,2024_disposed,2021,2024,True,hc
HCMA011528052021,HCMA01,Madras HC (Chennai),TN,Tamil Nadu,CRL_A,2021-11-30,2024-08-02,976,2024_disposed,2021,2024,True,hc
HCMA012010122024,HCMA01,Madras HC (Chennai),TN,Tamil Nadu,CRL_A,2024-10-24,2024-11-18,25,2024_disposed,2024,2024,True,hc
HCMA010594342021,HCMA01,Madras HC (Chennai),TN,Tamil Nadu,CRL_A,2021-04-20,2024-04-18,1094,2024_disposed,2021,2024,True,hc
HCMA011557272023,HCMA01,Madras HC (Chennai),TN,Tamil Nadu,CRL_A,2023-08-25,2024-07-02,312,2024_disposed,2023,2024,True,hc
HCMA010971152019,HCMA01,Madras HC (Chennai),TN,Tamil Nadu,CRL_A,2019-06-11,2024-01-22,1686,2024_disposed,2019,2024,True,hc
HCMA010684612016,HCMA01,Madras HC (Chennai),TN,Tamil Nadu,CRL_A,2016-01-22,2024-09-03,3147,2024_disposed,2016,2024,True,hc
HCMA010381062021,HCMA01,Madras HC (Chennai),TN,Tamil Nadu,CRL_A,2021-03-10,2024-07-02,1210,2024_disposed,2021,2024,True,hc
HCMA010117792024,HCMA01,Madras HC (Chennai),TN,Tamil Nadu,CRL_A,2024-01-22,2024-06-20,150,2024_disposed,2024,2024,True,hc
HCMA011381802021,HCMA01,Madras HC (Chennai),TN,Tamil Nadu,CRL_A,2021-10-28,2024-07-18,994,2024_disposed,2021,2024,True,hc
HCMA010676692021,HCMA01,Madras HC (Chennai),TN,Tamil Nadu,CRL_A,2021-05-10,2024-08-07,1185,2024_disposed,2021,2024,False,hc
HCMA010410142018,HCMA01,Madras HC (Chennai),TN,Tamil Nadu,CRL_A,2018-07-12,2024-09-19,2261,2024_disposed,2018,2024,True,hc
HCMA010414542016,HCMA01,Madras HC (Chennai),TN,Tamil Nadu,CRL_A,2016-03-23,2024-08-07,3059,2024_disposed,2016,2024,True,hc
HCMA010675302019,HCMA01,Madras HC (Chennai),TN,Tamil Nadu,CRL_A,2019-04-09,2024-09-06,1977,2024_disposed,2019,2024,False,hc
HCMA011774472023,HCMA01,Madras HC (Chennai),TN,Tamil Nadu,CRL_A,2023-09-26,2024-08-09,318,2024_disposed,2023,2024,True,hc
HCMA010412102011,HCMA01,Madras HC (Chennai),TN,Tamil Nadu,CRL_A,2011-03-01,2024-07-26,4896,2024_disposed,2011,2024,False,hc
HCMA010181742023,HCMA01,Madras HC (Chennai),TN,Tamil Nadu,CRL_A,2023-01-30,2024-03-13,408,2024_disposed,2023,2024,True,hc
HCMA012264362023,HCMA01,Madras HC (Chennai),TN,Tamil Nadu,CRL_A,2023-12-15,2024-02-15,62,2024_disposed,2023,2024,True,hc
HCMA011080822024,HCMA01,Madras HC (Chennai),TN,Tamil Nadu,CRL_A,2024-06-20,2024-07-03,13,2024_disposed,2024,2024,True,hc
HCMA010513172024,HCMA01,Madras HC (Chennai),TN,Tamil Nadu,CRL_A,2024-03-14,2024-04-17,34,2024_disposed,2024,2024,True,hc
HCMA011080782024,HCMA01,Madras HC (Chennai),TN,Tamil Nadu,CRL_A,2024-06-20,2024-10-30,132,2024_disposed,2024,2024,True,hc
HCMA010013022017,HCMA01,Madras HC (Chennai),TN,Tamil Nadu,CRL_A,2016-08-18,2024-07-18,2891,2024_disposed,2016,2024,True,hc
HCMA011404972023,HCMA01,Madras HC (Chennai),TN,Tamil Nadu,CRL_A,2023-08-02,2024-04-15,257,2024_disposed,2023,2024,True,hc
HCMA011113862020,HCMA01,Madras HC (Chennai),TN,Tamil Nadu,CRL_A,2020-11-10,2024-08-07,1366,2020_filed,2020,2024,True,hc
HCMA011113862020,HCMA01,Madras HC (Chennai),TN,Tamil Nadu,CRL_A,2020-11-10,2024-08-07,1366,2024_disposed,2020,2024,True,hc
HCMA011319612020,HCMA01,Madras HC (Chennai),TN,Tamil Nadu,CRL_A,2020-12-21,2024-04-12,1208,2020_filed,2020,2024,False,hc
HCMA011319612020,HCMA01,Madras HC (Chennai),TN,Tamil Nadu,CRL_A,2020-12-21,2024-04-12,1208,2024_disposed,2020,2024,False,hc
HCMA011319572021,HCMA01,Madras HC (Chennai),TN,Tamil Nadu,CRL_A,2021-10-20,2024-07-10,994,2024_disposed,2021,2024,True,hc
HCMA010488382024,HCMA01,Madras HC (Chennai),TN,Tamil Nadu,CRL_A,2024-03-12,2024-08-19,160,2024_disposed,2024,2024,True,hc
HCMA010473122022,HCMA01,Madras HC (Chennai),TN,Tamil Nadu,CRL_A,2022-03-29,2024-04-26,759,2024_disposed,2022,2024,True,hc
HCMA010762272020,HCMA01,Madras HC (Chennai),TN,Tamil Nadu,CRL_A,2020-08-21,2024-03-26,1313,2020_filed,2020,2024,True,hc
HCMA010762272020,HCMA01,Madras HC (Chennai),TN,Tamil Nadu,CRL_A,2020-08-21,2024-03-26,1313,2024_disposed,2020,2024,True,hc
HCMA010191742018,HCMA01,Madras HC (Chennai),TN,Tamil Nadu,CRL_A,2018-03-02,2024-07-04,2316,2024_disposed,2018,2024,True,hc
HCMA010438652015,HCMA01,Madras HC (Chennai),TN,Tamil Nadu,CRL_A,2015-01-12,2024-08-01,3489,2024_disposed,2015,2024,True,hc
HCMA010398572016,HCMA01,Madras HC (Chennai),TN,Tamil Nadu,CRL_A,2016-04-25,2024-04-30,2927,2024_disposed,2016,2024,True,hc
HCMA010217382018,HCMA01,Madras HC (Chennai),TN,Tamil Nadu,CRL_A,2018-04-05,2024-11-20,2421,2024_disposed,2018,2024,True,hc
HCMA010487782018,HCMA01,Madras HC (Chennai),TN,Tamil Nadu,CRL_A,2018-01-11,2024-07-11,2373,2024_disposed,2018,2024,True,hc
HCMA011595342024,HCMA01,Madras HC (Chennai),TN,Tamil Nadu,CRL_A,2024-08-28,2024-09-25,28,2024_disposed,2024,2024,True,hc
HCMA010539002024,HCMA01,Madras HC (Chennai),TN,Tamil Nadu,CRL_A,2024-03-18,2024-04-23,36,2024_disposed,2024,2024,True,hc
KACD410015052023,KACD41,SENIOR CIVIL JUDGE AND JMFC HOLALKERE,KA,Karnataka,CS,2023-10-13,2024-12-14,428,2024_disposed,2023,2024,True,district
KACD410003152024,KACD41,SENIOR CIVIL JUDGE AND JMFC HOLALKERE,KA,Karnataka,CS,2024-02-21,2024-11-08,261,2024_disposed,2024,2024,True,district
KACD410004352023,KACD41,SENIOR CIVIL JUDGE AND JMFC HOLALKERE,KA,Karnataka,CS,2023-04-13,2024-12-14,611,2024_disposed,2023,2024,True,district
KACD410012942021,KACD41,SENIOR CIVIL JUDGE AND JMFC HOLALKERE,KA,Karnataka,CS,2021-07-29,2024-11-07,1197,2024_disposed,2021,2024,True,district
KACD410006702023,KACD41,SENIOR CIVIL JUDGE AND JMFC HOLALKERE,KA,Karnataka,CS,2023-06-16,2024-09-14,456,2024_disposed,2023,2024,True,district
KACD410001242024,KACD41,SENIOR CIVIL JUDGE AND JMFC HOLALKERE,KA,Karnataka,CS,2024-01-25,2024-09-14,233,2024_disposed,2024,2024,True,district
KACD420021342023,KACD42,Prl.Civil Judge and jmfc Holalkere,KA,Karnataka,CS,2023-12-18,2024-03-16,89,2024_disposed,2023,2024,True,district
KACD410000352023,KACD41,SENIOR CIVIL JUDGE AND JMFC HOLALKERE,KA,Karnataka,CS,2023-01-16,2024-11-07,661,2024_disposed,2023,2024,True,district
KACD420017282023,KACD42,Prl.Civil Judge and jmfc Holalkere,KA,Karnataka,CS,2023-11-04,2024-07-04,243,2024_disposed,2023,2024,True,district
KACD410014172023,KACD41,,KA,Karnataka,CS,2023-09-26,2024-12-14,445,2024_disposed,2023,2024,True,district
KACD410014162023,KACD41,,KA,Karnataka,CS,2023-09-26,2024-01-03,99,2024_disposed,2023,2024,True,district
KACD410021582022,KACD41,,KA,Karnataka,CS,2022-11-14,2024-03-01,473,2024_disposed,2022,2024,True,district
KACD410014882023,KACD41,SENIOR CIVIL JUDGE AND JMFC HOLALKERE,KA,Karnataka,CS,2023-10-10,2024-09-14,340,2024_disposed,2023,2024,True,district
KACD410014852023,KACD41,SENIOR CIVIL JUDGE AND JMFC HOLALKERE,KA,Karnataka,CS,2023-10-10,2024-02-21,134,2024_disposed,2023,2024,True,district
KACD410014862023,KACD41,SENIOR CIVIL JUDGE AND JMFC HOLALKERE,KA,Karnataka,CS,2023-10-10,2024-02-21,134,2024_disposed,2023,2024,True,district
KACD410007332023,KACD41,SENIOR CIVIL JUDGE AND JMFC HOLALKERE,KA,Karnataka,CS,2023-06-28,2024-03-16,262,2024_disposed,2023,2024,True,district
KACD410000862024,KACD41,SENIOR CIVIL JUDGE AND JMFC HOLALKERE,KA,Karnataka,CS,2024-01-22,2024-11-08,291,2024_disposed,2024,2024,True,district
KACD410004302023,KACD41,,KA,Karnataka,CS,2023-04-13,2024-12-14,611,2024_disposed,2023,2024,True,district
KACD410016642021,KACD41,,KA,Karnataka,CS,2021-08-27,2024-01-29,885,2024_disposed,2021,2024,True,district
KACD410022882022,KACD41,SENIOR CIVIL JUDGE AND JMFC HOLALKERE,KA,Karnataka,CS,2022-12-16,2024-11-07,692,2024_disposed,2022,2024,True,district
KACD410014132023,KACD41,,KA,Karnataka,CS,2023-09-26,2024-01-03,99,2024_disposed,2023,2024,True,district
KACD410006412022,KACD41,,KA,Karnataka,CS,2022-03-03,2024-09-14,926,2024_disposed,2022,2024,True,district
KACD410010352023,KACD41,,KA,Karnataka,CS,2023-08-18,2024-11-07,447,2024_disposed,2023,2024,True,district
KACD410020312022,KACD41,,KA,Karnataka,CS,2022-10-14,2024-01-03,446,2024_disposed,2022,2024,True,district
KACD410001952024,KACD41,,KA,Karnataka,CS,2024-02-07,2024-04-20,73,2024_disposed,2024,2024,True,district
KACD410011802022,KACD41,,KA,Karnataka,CS,2022-05-30,2024-03-28,668,2024_disposed,2022,2024,True,district
KACD410014792023,KACD41,,KA,Karnataka,CS,2023-10-09,2024-11-08,396,2024_disposed,2023,2024,True,district
KACD410014122023,KACD41,,KA,Karnataka,CS,2023-09-26,2024-01-03,99,2024_disposed,2023,2024,True,district
KACD410014192023,KACD41,,KA,Karnataka,CS,2023-09-26,2024-01-03,99,2024_disposed,2023,2024,True,district
KACD410014182023,KACD41,,KA,Karnataka,CS,2023-09-26,2024-01-03,99,2024_disposed,2023,2024,True,district
KACD410021822021,KACD41,,KA,Karnataka,CS,2021-11-09,2024-04-19,892,2024_disposed,2021,2024,True,district
KACD410008462023,KACD41,,KA,Karnataka,CS,2023-07-20,2024-09-14,422,2024_disposed,2023,2024,True,district
KACD410001792024,KACD41,,KA,Karnataka,CS,2024-02-02,2024-04-20,78,2024_disposed,2024,2024,True,district
KACD410008342021,KACD41,SENIOR CIVIL JUDGE AND JMFC HOLALKERE,KA,Karnataka,CS,2021-04-16,2024-04-19,1099,2024_disposed,2021,2024,True,district
KACD410008252024,KACD41,SENIOR CIVIL JUDGE AND JMFC HOLALKERE,KA,Karnataka,CS,2024-06-11,2024-07-13,32,2024_disposed,2024,2024,True,district
KACD410008282024,KACD41,SENIOR CIVIL JUDGE AND JMFC HOLALKERE,KA,Karnataka,CS,2024-06-12,2024-12-14,185,2024_disposed,2024,2024,True,district
KACD410014542023,KACD41,SENIOR CIVIL JUDGE AND JMFC HOLALKERE,KA,Karnataka,CS,2023-10-04,2024-02-20,139,2024_disposed,2023,2024,True,district
KACD410014562023,KACD41,SENIOR CIVIL JUDGE AND JMFC HOLALKERE,KA,Karnataka,CS,2023-10-04,2024-02-20,139,2024_disposed,2023,2024,True,district
KACD410014912023,KACD41,SENIOR CIVIL JUDGE AND JMFC HOLALKERE,KA,Karnataka,CS,2023-10-11,2024-11-11,397,2024_disposed,2023,2024,True,district
KACD410009062023,KACD41,SENIOR CIVIL JUDGE AND JMFC HOLALKERE,KA,Karnataka,CS,2023-08-02,2024-01-05,156,2024_disposed,2023,2024,True,district
KACD410014302023,KACD41,SENIOR CIVIL JUDGE AND JMFC HOLALKERE,KA,Karnataka,CS,2023-09-27,2024-11-07,407,2024_disposed,2023,2024,True,district
KACD410001822024,KACD41,SENIOR CIVIL JUDGE AND JMFC HOLALKERE,KA,Karnataka,CS,2024-02-03,2024-11-08,279,2024_disposed,2024,2024,True,district
KACD410009322023,KACD41,SENIOR CIVIL JUDGE AND JMFC HOLALKERE,KA,Karnataka,CS,2023-08-05,2024-07-13,343,2024_disposed,2023,2024,True,district
KACD410005702024,KACD41,SENIOR CIVIL JUDGE AND JMFC HOLALKERE,KA,Karnataka,CS,2024-04-03,2024-11-08,219,2024_disposed,2024,2024,True,district
KACD410014032023,KACD41,SENIOR CIVIL JUDGE AND JMFC HOLALKERE,KA,Karnataka,CS,2023-09-25,2024-01-04,101,2024_disposed,2023,2024,True,district
KACD410014042023,KACD41,SENIOR CIVIL JUDGE AND JMFC HOLALKERE,KA,Karnataka,CS,2023-09-25,2024-11-07,409,2024_disposed,2023,2024,True,district
KACD410014412023,KACD41,SENIOR CIVIL JUDGE AND JMFC HOLALKERE,KA,Karnataka,CS,2023-09-29,2024-03-16,169,2024_disposed,2023,2024,True,district
TNNS140017362024,TNNS14,"Chief Judicial Magistrate, The Nilgiris",TN,Tamil Nadu,CS,2024-02-19,2024-03-04,14,2024_disposed,2024,2024,False,district
TNTP190007512024,TNTP19,"District Munsif cum Judicial Magistrate, Srirangam",TN,Tamil Nadu,CS,2024-02-15,2024-03-12,26,2024_disposed,2024,2024,False,district
TNTH070081052024,TNTH07,"Judicial Magistrate Court,Uthamapalayam",TN,Tamil Nadu,CS,2024-10-21,2024-10-23,2,2024_disposed,2024,2024,False,district
TNTH070081042024,TNTH07,"Judicial Magistrate Court,Uthamapalayam",TN,Tamil Nadu,CS,2024-10-21,2024-10-23,2,2024_disposed,2024,2024,False,district
TNKK0E0100722024,TNKK0E,"Judicial Magistrate Courts, Kuzhithurai",TN,Tamil Nadu,CS,2024-07-24,2024-09-12,50,2024_disposed,2024,2024,False,district
TNKK0E0100712024,TNKK0E,"Judicial Magistrate Courts, Kuzhithurai",TN,Tamil Nadu,CS,2024-07-24,2024-10-08,76,2024_disposed,2024,2024,False,district
TNKK0E0100612024,TNKK0E,"Judicial Magistrate Courts, Kuzhithurai",TN,Tamil Nadu,CS,2024-07-24,2024-07-26,2,2024_disposed,2024,2024,False,district
TNVR150011332024,TNVR15,"Judicial Magistrate Court, Aruppukottai",TN,Tamil Nadu,CS,2024-08-05,2024-11-18,105,2024_disposed,2024,2024,False,district
TNVR150011342024,TNVR15,"Judicial Magistrate Court, Aruppukottai",TN,Tamil Nadu,CS,2024-08-05,2024-09-18,44,2024_disposed,2024,2024,False,district
TNVR150011372024,TNVR15,"Judicial Magistrate Court, Aruppukottai",TN,Tamil Nadu,CS,2024-08-05,2024-09-27,53,2024_disposed,2024,2024,False,district
TNVR150011402024,TNVR15,"Judicial Magistrate Court, Aruppukottai",TN,Tamil Nadu,CS,2024-08-05,2024-09-18,44,2024_disposed,2024,2024,False,district
TNVR150011392024,TNVR15,"Judicial Magistrate Court, Aruppukottai",TN,Tamil Nadu,CS,2024-08-05,2024-10-04,60,2024_disposed,2024,2024,False,district
TNVR150011302024,TNVR15,"Judicial Magistrate Court, Aruppukottai",TN,Tamil Nadu,CS,2024-08-05,2024-12-13,130,2024_disposed,2024,2024,False,district
TNVR150011432024,TNVR15,"Judicial Magistrate Court, Aruppukottai",TN,Tamil Nadu,CS,2024-08-05,2024-09-19,45,2024_disposed,2024,2024,False,district
TNSV070029842024,TNSV07,"Judicial Magistrate Court, Devakottai",TN,Tamil Nadu,CS,2024-06-13,2024-06-15,2,2024_disposed,2024,2024,False,district
TNKK020021442024,TNKK02,"CJM and JM Courts, Nagercoil",TN,Tamil Nadu,CS,2024-02-16,2024-04-04,48,2024_disposed,2024,2024,False,district
TNKK020021452024,TNKK02,"CJM and JM Courts, Nagercoil",TN,Tamil Nadu,CS,2024-02-16,2024-04-04,48,2024_disposed,2024,2024,False,district
TNKK020021492024,TNKK02,"CJM and JM Courts, Nagercoil",TN,Tamil Nadu,CS,2024-02-16,2024-04-04,48,2024_disposed,2024,2024,False,district
TNSV1C0035662024,TNSV1C,"Judicial Magistrate Court , Manamadurai",TN,Tamil Nadu,CS,2024-08-03,2024-11-15,104,2024_disposed,2024,2024,False,district
TNSV1C0035682024,TNSV1C,"Judicial Magistrate Court , Manamadurai",TN,Tamil Nadu,CS,2024-08-03,2024-10-04,62,2024_disposed,2024,2024,False,district
TNVR0B0037822024,TNVR0B,Judicial Magistrate Court Virudhunagar,TN,Tamil Nadu,CS,2024-04-01,2024-04-12,11,2024_disposed,2024,2024,False,district
TNPD130007132023,TNPD13,"Special Court for Trial of SC/ST (POA) Acts Cases, Pudukkottai",TN,Tamil Nadu,CS,2023-11-17,2024-02-16,91,2024_disposed,2023,2024,False,district
TNED1C0007102024,TNED1C,"Judicial Magistrate No.2, Bhavani",TN,Tamil Nadu,CS,2024-02-20,2024-03-06,15,2024_disposed,2024,2024,False,district
TNED1C0011062024,TNED1C,"Judicial Magistrate No.2, Bhavani",TN,Tamil Nadu,CS,2024-03-11,2024-08-19,161,2024_disposed,2024,2024,False,district
TNED1C0033982024,TNED1C,"Judicial Magistrate No.2, Bhavani",TN,Tamil Nadu,CS,2024-11-25,2024-11-26,1,2024_disposed,2024,2024,False,district
TNED1C0034082024,TNED1C,"Judicial Magistrate No.2, Bhavani",TN,Tamil Nadu,CS,2024-11-26,2024-12-03,7,2024_disposed,2024,2024,False,district
TNKK180027992024,TNKK18,"Judicial Magistrate Court, Eraniel",TN,Tamil Nadu,CS,2024-07-09,2024-12-19,163,2024_disposed,2024,2024,False,district
TNNS140014162024,TNNS14,"Chief Judicial Magistrate, The Nilgiris",TN,Tamil Nadu,CS,2024-04-17,2024-05-03,16,2024_disposed,2024,2024,False,district
TNNS140014152024,TNNS14,"Chief Judicial Magistrate, The Nilgiris",TN,Tamil Nadu,CS,2024-04-17,2024-05-03,16,2024_disposed,2024,2024,False,district
TNRP0D0020282024,TNRP0D,"District Munsif cum Judicial Magistrate-I Court, Walajapet",TN,Tamil Nadu,CS,2024-07-19,2024-12-14,148,2024_disposed,2024,2024,True,district
TNRP0D0020272024,TNRP0D,"District Munsif cum Judicial Magistrate-I Court, Walajapet",TN,Tamil Nadu,CS,2024-07-19,2024-12-12,146,2024_disposed,2024,2024,True,district
TNRP0D0038562024,TNRP0D,"District Munsif cum Judicial Magistrate-I Court, Walajapet",TN,Tamil Nadu,CS,2024-10-22,2024-12-09,48,2024_disposed,2024,2024,True,district
TNRP0D0038672024,TNRP0D,"District Munsif cum Judicial Magistrate-I Court, Walajapet",TN,Tamil Nadu,CS,2024-10-23,2024-12-06,44,2024_disposed,2024,2024,True,district
TNRP0D0038962024,TNRP0D,"District Munsif cum Judicial Magistrate-I Court, Walajapet",TN,Tamil Nadu,CS,2024-10-25,2024-12-03,39,2024_disposed,2024,2024,True,district
TNRP0D0039012024,TNRP0D,"District Munsif cum Judicial Magistrate-I Court, Walajapet",TN,Tamil Nadu,CS,2024-10-25,2024-12-03,39,2024_disposed,2024,2024,True,district
TNED130005062024,TNED13,"District Munsif-Cum-Judicial Magistrate,Kodumudi",TN,Tamil Nadu,CS,2024-02-15,2024-08-13,180,2024_disposed,2024,2024,False,district
TNED130004992024,TNED13,"District Munsif-Cum-Judicial Magistrate,Kodumudi",TN,Tamil Nadu,CS,2024-02-15,2024-02-21,6,2024_disposed,2024,2024,False,district
TNED130005012024,TNED13,"District Munsif-Cum-Judicial Magistrate,Kodumudi",TN,Tamil Nadu,CS,2024-02-15,2024-02-21,6,2024_disposed,2024,2024,False,district
TNED130005032024,TNED13,"District Munsif-Cum-Judicial Magistrate,Kodumudi",TN,Tamil Nadu,CS,2024-02-15,2024-03-07,21,2024_disposed,2024,2024,False,district
TNED130005042024,TNED13,"District Munsif-Cum-Judicial Magistrate,Kodumudi",TN,Tamil Nadu,CS,2024-02-15,2024-05-08,83,2024_disposed,2024,2024,False,district
TNED130005072024,TNED13,"District Munsif-Cum-Judicial Magistrate,Kodumudi",TN,Tamil Nadu,CS,2024-02-15,2024-03-07,21,2024_disposed,2024,2024,False,district
TNED130005082024,TNED13,"District Munsif-Cum-Judicial Magistrate,Kodumudi",TN,Tamil Nadu,CS,2024-02-15,2024-08-13,180,2024_disposed,2024,2024,False,district
TNED130005092024,TNED13,"District Munsif-Cum-Judicial Magistrate,Kodumudi",TN,Tamil Nadu,CS,2024-02-15,2024-02-21,6,2024_disposed,2024,2024,False,district
TNED130005112024,TNED13,"District Munsif-Cum-Judicial Magistrate,Kodumudi",TN,Tamil Nadu,CS,2024-02-15,2024-05-08,83,2024_disposed,2024,2024,False,district
TNED130005102024,TNED13,"District Munsif-Cum-Judicial Magistrate,Kodumudi",TN,Tamil Nadu,CS,2024-02-15,2024-05-08,83,2024_disposed,2024,2024,False,district
TNCD060077882024,TNCD06,"Chief Judicial Magistrate Court,Cuddalore",TN,Tamil Nadu,CS,2024-06-10,2024-07-06,26,2024_disposed,2024,2024,False,district
TNCD060077902024,TNCD06,"Chief Judicial Magistrate Court,Cuddalore",TN,Tamil Nadu,CS,2024-06-10,2024-08-13,64,2024_disposed,2024,2024,False,district
TNCD060077872024,TNCD06,"Chief Judicial Magistrate Court,Cuddalore",TN,Tamil Nadu,CS,2024-06-10,2024-07-06,26,2024_disposed,2024,2024,False,district
TNCD060077832024,TNCD06,"Chief Judicial Magistrate Court,Cuddalore",TN,Tamil Nadu,CS,2024-06-10,2024-07-24,44,2024_disposed,2024,2024,False,district
TNVR200009712024,TNVR20,"District Munsif Cum Judicial Magistrate Court, Thiruchuli",TN,Tamil Nadu,CS,2024-07-12,2024-08-20,39,2024_disposed,2024,2024,False,district
TNVR200009902024,TNVR20,"District Munsif Cum Judicial Magistrate Court, Thiruchuli",TN,Tamil Nadu,CS,2024-07-17,2024-08-23,37,2024_disposed,2024,2024,False,district
TNVR200010022024,TNVR20,"District Munsif Cum Judicial Magistrate Court, Thiruchuli",TN,Tamil Nadu,CS,2024-07-17,2024-07-22,5,2024_disposed,2024,2024,False,district
TNVR200009992024,TNVR20,"District Munsif Cum Judicial Magistrate Court, Thiruchuli",TN,Tamil Nadu,CS,2024-07-17,2024-07-22,5,2024_disposed,2024,2024,False,district
TNKK090051512024,TNKK09,"Judicial Magistrate Court, Padmanabhapuram",TN,Tamil Nadu,CS,2024-08-14,2024-10-17,64,2024_disposed,2024,2024,False,district
TNKK090051612024,TNKK09,"Judicial Magistrate Court, Padmanabhapuram",TN,Tamil Nadu,CS,2024-08-14,2024-10-17,64,2024_disposed,2024,2024,False,district
TNKK090051622024,TNKK09,"Judicial Magistrate Court, Padmanabhapuram",TN,Tamil Nadu,CS,2024-08-14,2024-10-17,64,2024_disposed,2024,2024,False,district
TNKK090051602024,TNKK09,"Judicial Magistrate Court, Padmanabhapuram",TN,Tamil Nadu,CS,2024-08-14,2024-10-17,64,2024_disposed,2024,2024,False,district
TNKK090051522024,TNKK09,"Judicial Magistrate Court, Padmanabhapuram",TN,Tamil Nadu,CS,2024-08-14,2024-10-17,64,2024_disposed,2024,2024,False,district
TNKK090051582024,TNKK09,"Judicial Magistrate Court, Padmanabhapuram",TN,Tamil Nadu,CS,2024-08-14,2024-10-17,64,2024_disposed,2024,2024,False,district
TNKK090051502024,TNKK09,"Judicial Magistrate Court, Padmanabhapuram",TN,Tamil Nadu,CS,2024-08-14,2024-10-17,64,2024_disposed,2024,2024,False,district
TNED120008092024,TNED12,"Judicial Magistrate, Perundurai",TN,Tamil Nadu,CS,2024-02-06,2024-03-21,44,2024_disposed,2024,2024,False,district
WBCS020346072024,WBCS02,"MM Court,Kolkata",WB,West Bengal,CS,2024-02-27,2024-08-14,169,2024_disposed,2024,2024,True,district
WBCS020346112024,WBCS02,"MM Court,Kolkata",WB,West Bengal,CS,2024-02-26,2024-07-18,143,2024_disposed,2024,2024,True,district
WBML030005722018,WBML03,"Civil Judge Senior Division, Malda",WB,West Bengal,CS,2018-11-28,2024-05-18,1998,2024_disposed,2018,2024,True,district
WBML030005732023,WBML03,"Civil Judge Senior Division, Malda",WB,West Bengal,CS,2023-10-05,2024-09-25,356,2024_disposed,2023,2024,True,district
WBML030005722017,WBML03,"Civil Judge Senior Division, Malda",WB,West Bengal,CS,2017-08-04,2024-06-06,2498,2024_disposed,2017,2024,False,district
WBMD110000092024,WBMD11,Civil Judge Junior Division,WB,West Bengal,CS,2024-01-09,2024-03-05,56,2024_disposed,2024,2024,True,district
WBCS020286692024,WBCS02,"MM Court,Kolkata",WB,West Bengal,CS,2024-02-17,2024-12-19,306,2024_disposed,2024,2024,True,district
WBCS020286682024,WBCS02,"MM Court,Kolkata",WB,West Bengal,CS,2024-02-19,2024-09-02,196,2024_disposed,2024,2024,True,district
WBND030000682023,WBND03,Civil Judge Senior Division,WB,West Bengal,CS,2023-01-31,2024-01-09,343,2024_disposed,2023,2024,True,district
WBCHCO0010482021,WBCHCO,Calcutta HC (Original Civil),WB,West Bengal,CS,2021-04-26,2024-10-05,1258,2024_disposed,2021,2024,True,hc
WBCHCO0030872013,WBCHCO,Calcutta HC (Original Civil),WB,West Bengal,CS,2013-06-26,2024-06-21,4013,2024_disposed,2013,2024,True,hc
WBCS020288022024,WBCS02,"MM Court,Kolkata",WB,West Bengal,CS,2024-02-20,2024-12-19,303,2024_disposed,2024,2024,True,district
WBCS020308632024,WBCS02,"MM Court,Kolkata",WB,West Bengal,CS,2024-02-22,2024-07-30,159,2024_disposed,2024,2024,True,district
WBBK030001282019,WBBK03,Civil Judge Sr Division,WB,West Bengal,CS,2019-06-01,2024-08-30,1917,2024_disposed,2019,2024,True,district
WBML030005312022,WBML03,"Civil Judge Senior Division, Malda",WB,West Bengal,CS,2022-11-11,2024-07-03,600,2024_disposed,2022,2024,True,district
WBCS020268582024,WBCS02,"MM Court,Kolkata",WB,West Bengal,CS,2024-02-16,2024-09-19,216,2024_disposed,2024,2024,True,district
WBCS020276462024,WBCS02,"MM Court,Kolkata",WB,West Bengal,CS,2024-02-15,2024-11-22,281,2024_disposed,2024,2024,True,district
WBCS020302022024,WBCS02,"MM Court,Kolkata",WB,West Bengal,CS,2024-02-21,2024-06-27,127,2024_disposed,2024,2024,True,district
WBCS020302032024,WBCS02,"MM Court,Kolkata",WB,West Bengal,CS,2024-02-21,2024-03-21,29,2024_disposed,2024,2024,True,district
WBCS020276442024,WBCS02,"MM Court,Kolkata",WB,West Bengal,CS,2024-02-16,2024-08-05,171,2024_disposed,2024,2024,True,district
WBCS020314842024,WBCS02,"MM Court,Kolkata",WB,West Bengal,CS,2024-02-22,2024-09-19,210,2024_disposed,2024,2024,True,district
WBCS020338052024,WBCS02,"MM Court,Kolkata",WB,West Bengal,CS,2024-02-26,2024-08-07,163,2024_disposed,2024,2024,True,district
WBCS020338082024,WBCS02,"MM Court,Kolkata",WB,West Bengal,CS,2024-02-26,2024-12-18,296,2024_disposed,2024,2024,True,district
WBCS020338062024,WBCS02,"MM Court,Kolkata",WB,West Bengal,CS,2024-02-26,2024-06-19,114,2024_disposed,2024,2024,True,district
WBCS020338072024,WBCS02,"MM Court,Kolkata",WB,West Bengal,CS,2024-02-26,2024-10-05,222,2024_disposed,2024,2024,True,district
WBCS020338092024,WBCS02,"MM Court,Kolkata",WB,West Bengal,CS,2024-02-26,2024-07-05,130,2024_disposed,2024,2024,True,district
WBCS020301982024,WBCS02,"MM Court,Kolkata",WB,West Bengal,CS,2024-02-21,2024-06-29,129,2024_disposed,2024,2024,True,district
WBCS020338112024,WBCS02,"MM Court,Kolkata",WB,West Bengal,CS,2024-02-26,2024-05-09,73,2024_disposed,2024,2024,True,district
WBCS020392852024,WBCS02,"MM Court,Kolkata",WB,West Bengal,CS,2024-03-02,2024-07-16,136,2024_disposed,2024,2024,True,district
WBCS020405042024,WBCS02,"MM Court,Kolkata",WB,West Bengal,CS,2024-03-08,2024-09-23,199,2024_disposed,2024,2024,True,district
WBCS020405062024,WBCS02,"MM Court,Kolkata",WB,West Bengal,CS,2024-03-08,2024-11-13,250,2024_disposed,2024,2024,True,district
WBCS020392892024,WBCS02,"MM Court,Kolkata",WB,West Bengal,CS,2024-03-02,2024-05-04,63,2024_disposed,2024,2024,True,district
WBCS020405082024,WBCS02,"MM Court,Kolkata",WB,West Bengal,CS,2024-03-08,2024-09-23,199,2024_disposed,2024,2024,True,district
WBCHCO0022492023,WBCHCO,Calcutta HC (Original Civil),WB,West Bengal,CS,2023-04-19,2024-09-27,527,2024_disposed,2023,2024,True,hc
WBND100001782023,WBND10,Civil Judge Jr. Div,WB,West Bengal,CS,2023-06-05,2024-06-05,366,2024_disposed,2023,2024,True,district
WBCS020305602024,WBCS02,"MM Court,Kolkata",WB,West Bengal,CS,2024-02-21,2024-04-30,69,2024_disposed,2024,2024,True,district
WBCS020289402024,WBCS02,"MM Court,Kolkata",WB,West Bengal,CS,2024-03-02,2024-12-24,297,2024_disposed,2024,2024,True,district
WBCS020297612024,WBCS02,"MM Court,Kolkata",WB,West Bengal,CS,2024-03-04,2024-08-14,163,2024_disposed,2024,2024,True,district
WBCS020322112024,WBCS02,"MM Court,Kolkata",WB,West Bengal,CS,2024-02-23,2024-12-04,285,2024_disposed,2024,2024,True,district
WBCS020339822024,WBCS02,"MM Court,Kolkata",WB,West Bengal,CS,2024-02-26,2024-06-07,102,2024_disposed,2024,2024,True,district
WBCS020339782024,WBCS02,"MM Court,Kolkata",WB,West Bengal,CS,2024-02-26,2024-07-05,130,2024_disposed,2024,2024,True,district
WBCS020388632024,WBCS02,"MM Court,Kolkata",WB,West Bengal,CS,2024-03-02,2024-07-16,136,2024_disposed,2024,2024,True,district
WBCHCO0006972021,WBCHCO,Calcutta HC (Original Civil),WB,West Bengal,CS,2021-03-15,2024-11-11,1337,2024_disposed,2021,2024,False,hc
WBCHCO0004562022,WBCHCO,Calcutta HC (Original Civil),WB,West Bengal,CS,2022-01-14,2024-01-30,746,2024_disposed,2022,2024,True,hc
WBCS020268782024,WBCS02,"MM Court,Kolkata",WB,West Bengal,CS,2024-02-16,2024-09-21,218,2024_disposed,2024,2024,True,district
WBCS020342812024,WBCS02,"MM Court,Kolkata",WB,West Bengal,CS,2024-02-27,2024-09-25,211,2024_disposed,2024,2024,True,district
WBCS020342842024,WBCS02,"MM Court,Kolkata",WB,West Bengal,CS,2024-02-26,2024-12-18,296,2024_disposed,2024,2024,True,district
WBCS020342822024,WBCS02,"MM Court,Kolkata",WB,West Bengal,CS,2024-02-26,2024-06-14,109,2024_disposed,2024,2024,True,district
WBDJ110002082024,WBDJ11,Civil Judge (Sr. Div),WB,West Bengal,CS,2024-05-15,2024-11-14,183,2024_disposed,2024,2024,True,district
WBNP030003302016,WBNP03,Barasat Civil Judge Sr. Div,WB,West Bengal,CS,2016-02-29,2024-07-30,3074,2024_disposed,2016,2024,True,district
WBNP030000482010,WBNP03,Barasat Civil Judge Sr. Div,WB,West Bengal,CS,2010-11-26,2024-05-31,4935,2024_disposed,2010,2024,False,district
WBCB060000102021,WBCB06,"Civil Judge (Sr. Divn.) , Dinhata",WB,West Bengal,CS,2021-03-01,2024-12-13,1383,2024_disposed,2021,2024,True,district
WBCB060000122023,WBCB06,"Civil Judge (Sr. Divn.) , Dinhata",WB,West Bengal,CS,2023-01-11,2024-06-11,517,2024_disposed,2023,2024,True,district
WBCB060000112023,WBCB06,"Civil Judge (Sr. Divn.) , Dinhata",WB,West Bengal,CS,2023-01-11,2024-06-03,509,2024_disposed,2023,2024,True,district
WBCB060000092023,WBCB06,"Civil Judge (Sr. Divn.) , Dinhata",WB,West Bengal,CS,2023-01-10,2024-05-18,494,2024_disposed,2023,2024,True,district
WBCB060000102023,WBCB06,"Civil Judge (Sr. Divn.) , Dinhata",WB,West Bengal,CS,2023-01-10,2024-06-03,510,2024_disposed,2023,2024,True,district
WBCB060000082023,WBCB06,"Civil Judge (Sr. Divn.) , Dinhata",WB,West Bengal,CS,2023-01-10,2024-02-23,409,2024_disposed,2023,2024,True,district
WBCS020405362024,WBCS02,"MM Court,Kolkata",WB,West Bengal,CS,2024-03-06,2024-12-12,281,2024_disposed,2024,2024,True,district
WBCS020405422024,WBCS02,"MM Court,Kolkata",WB,West Bengal,CS,2024-03-06,2024-12-18,287,2024_disposed,2024,2024,True,district
WBCS020282342024,WBCS02,"MM Court,Kolkata",WB,West Bengal,CS,2024-02-17,2024-06-04,108,2024_disposed,2024,2024,True,district
WBCS020348042024,WBCS02,"MM Court,Kolkata",WB,West Bengal,CS,2024-02-28,2024-05-06,68,2024_disposed,2024,2024,True,district
WBCS020366252024,WBCS02,"MM Court,Kolkata",WB,West Bengal,CS,2024-02-29,2024-07-04,126,2024_disposed,2024,2024,True,district
WBCS020405392024,WBCS02,"MM Court,Kolkata",WB,West Bengal,CS,2024-03-06,2024-12-12,281,2024_disposed,2024,2024,True,district
WBCS020268752024,WBCS02,"MM Court,Kolkata",WB,West Bengal,CS,2024-02-16,2024-09-19,216,2024_disposed,2024,2024,True,district
WBCS020371662024,WBCS02,"MM Court,Kolkata",WB,West Bengal,CS,2024-03-01,2024-07-06,127,2024_disposed,2024,2024,True,district
WBCS020157052024,WBCS02,"MM Court,Kolkata",WB,West Bengal,CS,2024-01-25,2024-02-22,28,2024_disposed,2024,2024,True,district
WBCS020157062024,WBCS02,"MM Court,Kolkata",WB,West Bengal,CS,2024-01-25,2024-09-17,236,2024_disposed,2024,2024,True,district
WBCS020157082024,WBCS02,"MM Court,Kolkata",WB,West Bengal,CS,2024-01-25,2024-03-21,56,2024_disposed,2024,2024,True,district
WBCS020163832024,WBCS02,"MM Court,Kolkata",WB,West Bengal,CS,2024-01-29,2024-04-09,71,2024_disposed,2024,2024,True,district
WBCHCO0030912023,WBCHCO,Calcutta HC (Original Civil),WB,West Bengal,CS,2023-05-20,2024-08-09,447,2024_disposed,2023,2024,True,hc
WBCS020163912024,WBCS02,"MM Court,Kolkata",WB,West Bengal,CS,2024-01-29,2024-03-15,46,2024_disposed,2024,2024,True,district
WBCS020163952024,WBCS02,"MM Court,Kolkata",WB,West Bengal,CS,2024-01-29,2024-12-05,311,2024_disposed,2024,2024,True,district
WBCS020169902024,WBCS02,"MM Court,Kolkata",WB,West Bengal,CS,2024-01-30,2024-11-25,300,2024_disposed,2024,2024,True,district
WBCS020256092024,WBCS02,"MM Court,Kolkata",WB,West Bengal,CS,2024-02-12,2024-09-26,227,2024_disposed,2024,2024,False,district
WBCHCO0017602019,WBCHCO,Calcutta HC (Original Civil),WB,West Bengal,CS,2019-07-10,2024-12-10,1980,2024_disposed,2019,2024,True,hc
WBCS020066052024,WBCS02,"MM Court,Kolkata",WB,West Bengal,CS,2024-01-15,2024-02-09,25,2024_disposed,2024,2024,True,district
WBCS020066082024,WBCS02,"MM Court,Kolkata",WB,West Bengal,CS,2024-01-15,2024-11-18,308,2024_disposed,2024,2024,True,district
WBCS020121792024,WBCS02,"MM Court,Kolkata",WB,West Bengal,CS,2024-01-20,2024-06-07,139,2024_disposed,2024,2024,True,district
WBCS020254562024,WBCS02,"MM Court,Kolkata",WB,West Bengal,CS,2024-02-12,2024-09-26,227,2024_disposed,2024,2024,True,district
WBND0F0000082023,WBND0F,Civil Judge Sr. Div,WB,West Bengal,CS,2023-01-20,2024-04-30,466,2024_disposed,2023,2024,True,district
WBCS020236312024,WBCS02,"MM Court,Kolkata",WB,West Bengal,CS,2024-02-06,2024-12-19,317,2024_disposed,2024,2024,True,district
WBCS020248162024,WBCS02,"MM Court,Kolkata",WB,West Bengal,CS,2024-02-12,2024-04-01,49,2024_disposed,2024,2024,True,district
WBCS020071472024,WBCS02,"MM Court,Kolkata",WB,West Bengal,CS,2024-02-01,2024-07-09,159,2024_disposed,2024,2024,True,district
WBCS020071482024,WBCS02,"MM Court,Kolkata",WB,West Bengal,CS,2024-01-15,2024-10-30,289,2024_disposed,2024,2024,True,district
WBCS020071532024,WBCS02,"MM Court,Kolkata",WB,West Bengal,CS,2024-02-01,2024-09-26,238,2024_disposed,2024,2024,False,district
WBCS020090632024,WBCS02,"MM Court,Kolkata",WB,West Bengal,CS,2024-01-17,2024-07-30,195,2024_disposed,2024,2024,True,district
WBCS020090652024,WBCS02,"MM Court,Kolkata",WB,West Bengal,CS,2024-01-16,2024-02-17,32,2024_disposed,2024,2024,True,district
WBCS020083892024,WBCS02,"MM Court,Kolkata",WB,West Bengal,CS,2024-01-16,2024-10-22,280,2024_disposed,2024,2024,True,district
WBCS020090622024,WBCS02,"MM Court,Kolkata",WB,West Bengal,CS,2024-01-16,2024-02-17,32,2024_disposed,2024,2024,True,district
WBCS020090712024,WBCS02,"MM Court,Kolkata",WB,West Bengal,CS,2024-01-16,2024-02-17,32,2024_disposed,2024,2024,True,district
WBCS020161802024,WBCS02,"MM Court,Kolkata",WB,West Bengal,CS,2024-01-25,2024-09-17,236,2024_disposed,2024,2024,True,district
WBCS020101832024,WBCS02,"MM Court,Kolkata",WB,West Bengal,CS,2024-02-05,2024-05-14,99,2024_disposed,2024,2024,True,district
WBCS020210972024,WBCS02,"MM Court,Kolkata",WB,West Bengal,CS,2024-02-06,2024-06-27,142,2024_disposed,2024,2024,True,district
WBCS020101912024,WBCS02,"MM Court,Kolkata",WB,West Bengal,CS,2024-01-18,2024-03-27,69,2024_disposed,2024,2024,True,district
WBCS020236272024,WBCS02,"MM Court,Kolkata",WB,West Bengal,CS,2024-02-06,2024-07-04,149,2024_disposed,2024,2024,True,district
WBCS020236282024,WBCS02,"MM Court,Kolkata",WB,West Bengal,CS,2024-02-06,2024-12-19,317,2024_disposed,2024,2024,True,district
WBCS020236302024,WBCS02,"MM Court,Kolkata",WB,West Bengal,CS,2024-02-06,2024-12-19,317,2024_disposed,2024,2024,True,district
WBCS020210962024,WBCS02,"MM Court,Kolkata",WB,West Bengal,CS,2024-02-05,2024-07-22,168,2024_disposed,2024,2024,True,district
WBCS020248242024,WBCS02,"MM Court,Kolkata",WB,West Bengal,CS,2024-02-12,2024-09-05,206,2024_disposed,2024,2024,True,district
WBCS020211052024,WBCS02,"MM Court,Kolkata",WB,West Bengal,CS,2024-02-06,2024-10-28,265,2024_disposed,2024,2024,True,district
GJDH050008442019,GJDH05,jhalod_taluka Court,GJ,Gujarat,CS,2019-07-05,2024-10-15,1929,2024_disposed,2019,2024,True,district
GJSK030013122016,GJSK03,"PRINCIPAL SENIOR CIVIL COURT, PRANTIJ",GJ,Gujarat,CS,2016-10-27,2024-08-06,2840,2024_disposed,2016,2024,True,district
GJGS060016552020,GJGS06,kodinar_taluka Court,GJ,Gujarat,CS,2020-09-17,2024-03-14,1274,2020_filed,2020,2024,True,district
GJGS060016552020,GJGS06,kodinar_taluka Court,GJ,Gujarat,CS,2020-09-17,2024-03-14,1274,2024_disposed,2020,2024,True,district
GJGS060035852019,GJGS06,kodinar_taluka Court,GJ,Gujarat,CS,2019-07-26,2024-07-31,1832,2024_disposed,2019,2024,True,district
GJGS060029922023,GJGS06,kodinar_taluka Court,GJ,Gujarat,CS,2023-10-12,2024-05-03,204,2024_disposed,2023,2024,True,district
GJGS060020342023,GJGS06,kodinar_taluka Court,GJ,Gujarat,CS,2023-08-08,2024-04-30,266,2024_disposed,2023,2024,True,district
GJGS060020382024,GJGS06,kodinar_taluka Court,GJ,Gujarat,CS,2016-07-12,2024-12-06,3069,2024_disposed,2016,2024,True,district
GJGS060016632020,GJGS06,kodinar_taluka Court,GJ,Gujarat,CS,2020-09-17,2024-01-31,1231,2020_filed,2020,2024,True,district
GJGS060016632020,GJGS06,kodinar_taluka Court,GJ,Gujarat,CS,2020-09-17,2024-01-31,1231,2024_disposed,2020,2024,True,district
GJGS060016632016,GJGS06,kodinar_taluka Court,GJ,Gujarat,CS,2016-10-18,2024-01-08,2638,2024_disposed,2016,2024,True,district
GJGS060016622020,GJGS06,kodinar_taluka Court,GJ,Gujarat,CS,2020-09-17,2024-04-08,1299,2020_filed,2020,2024,True,district
GJGS060016622020,GJGS06,kodinar_taluka Court,GJ,Gujarat,CS,2020-09-17,2024-04-08,1299,2024_disposed,2020,2024,True,district
GJGS060025122023,GJGS06,kodinar_taluka Court,GJ,Gujarat,CS,2023-09-15,2024-07-29,318,2024_disposed,2023,2024,True,district
GJGS060025132022,GJGS06,kodinar_taluka Court,GJ,Gujarat,CS,2022-09-28,2024-02-09,499,2024_disposed,2022,2024,True,district
GJGS060020412023,GJGS06,kodinar_taluka Court,GJ,Gujarat,CS,2023-08-08,2024-07-30,357,2024_disposed,2023,2024,True,district
GJGS060020382021,GJGS06,kodinar_taluka Court,GJ,Gujarat,CS,2021-06-23,2024-04-25,1037,2024_disposed,2021,2024,True,district
GJGS060025112023,GJGS06,kodinar_taluka Court,GJ,Gujarat,CS,2023-09-15,2024-09-14,365,2024_disposed,2023,2024,True,district
GJGS060025172023,GJGS06,kodinar_taluka Court,GJ,Gujarat,CS,2023-09-15,2024-09-21,372,2024_disposed,2023,2024,True,district
GJGS060029902023,GJGS06,kodinar_taluka Court,GJ,Gujarat,CS,2023-10-12,2024-10-14,368,2024_disposed,2023,2024,True,district
GJGS060029882023,GJGS06,kodinar_taluka Court,GJ,Gujarat,CS,2023-10-12,2024-04-12,183,2024_disposed,2023,2024,True,district
GJGS060029912023,GJGS06,kodinar_taluka Court,GJ,Gujarat,CS,2023-10-12,2024-08-13,306,2024_disposed,2023,2024,True,district
GJGS060029882021,GJGS06,kodinar_taluka Court,GJ,Gujarat,CS,2021-09-16,2024-01-20,856,2024_disposed,2021,2024,True,district
GJGS060029922021,GJGS06,kodinar_taluka Court,GJ,Gujarat,CS,2021-09-16,2024-04-01,928,2024_disposed,2021,2024,True,district
GJGS070003362023,GJGS07,Taluka Court - Talala,GJ,Gujarat,CS,2023-05-02,2024-04-02,336,2024_disposed,2023,2024,True,district
GJGS070005272023,GJGS07,Taluka Court - Talala,GJ,Gujarat,CS,2023-06-13,2024-04-01,293,2024_disposed,2023,2024,True,district
GJGS070005262023,GJGS07,Taluka Court - Talala,GJ,Gujarat,CS,2023-06-13,2024-04-01,293,2024_disposed,2023,2024,True,district
GJGS070005262020,GJGS07,Taluka Court - Talala,GJ,Gujarat,CS,2020-12-16,2024-06-22,1284,2020_filed,2020,2024,True,district
GJGS070005262020,GJGS07,Taluka Court - Talala,GJ,Gujarat,CS,2020-12-16,2024-06-22,1284,2024_disposed,2020,2024,True,district
GJGS070005282023,GJGS07,Taluka Court - Talala,GJ,Gujarat,CS,2023-06-13,2024-04-01,293,2024_disposed,2023,2024,True,district
GJGS070005292023,GJGS07,Taluka Court - Talala,GJ,Gujarat,CS,2023-06-13,2024-04-01,293,2024_disposed,2023,2024,True,district
GJVD020265722022,GJVD02,vadodara_civil Court,GJ,Gujarat,CS,2022-08-05,2024-07-03,698,2024_disposed,2022,2024,True,district
GJSK030006442024,GJSK03,"PRINCIPAL SENIOR CIVIL COURT, PRANTIJ",GJ,Gujarat,CS,2024-03-16,2024-12-14,273,2024_disposed,2024,2024,True,district
GJKT120004152024,GJKT12,PRINCIPAL SENIOR CIVIL JUDGE COURT,GJ,Gujarat,CS,2024-03-28,2024-12-27,274,2024_disposed,2024,2024,True,district
GJKT120004132024,GJKT12,PRINCIPAL SENIOR CIVIL JUDGE COURT,GJ,Gujarat,CS,2024-03-28,2024-12-14,261,2024_disposed,2024,2024,True,district
GJKT120004142024,GJKT12,PRINCIPAL SENIOR CIVIL JUDGE COURT,GJ,Gujarat,CS,2024-03-28,2024-10-09,195,2024_disposed,2024,2024,True,district
GJKT120004172024,GJKT12,PRINCIPAL SENIOR CIVIL JUDGE COURT,GJ,Gujarat,CS,2024-03-28,2024-09-14,170,2024_disposed,2024,2024,True,district
GJKT120004182023,GJKT12,PRINCIPAL SENIOR CIVIL JUDGE COURT,GJ,Gujarat,CS,2023-03-07,2024-03-09,368,2024_disposed,2023,2024,True,district
GJGS060020362023,GJGS06,kodinar_taluka Court,GJ,Gujarat,CS,2023-08-08,2024-06-27,324,2024_disposed,2023,2024,True,district
GJJM020102062016,GJJM02,CIVIL COURT JAMNAGAR,GJ,Gujarat,CS,2016-11-30,2024-07-06,2775,2024_disposed,2016,2024,True,district
GJJM020102152018,GJJM02,CIVIL COURT JAMNAGAR,GJ,Gujarat,CS,2018-10-26,2024-12-19,2246,2024_disposed,2018,2024,True,district
GJMH170003352023,GJMH17,mahesana_family,GJ,Gujarat,CS,2023-09-14,2024-04-30,229,2024_disposed,2023,2024,True,district
GJAN040011162024,GJAN04,Borsad Taluka Court,GJ,Gujarat,CS,2024-04-16,2024-07-06,81,2024_disposed,2024,2024,True,district
GJAN040011162023,GJAN04,Borsad Taluka Court,GJ,Gujarat,CS,2023-04-15,2024-07-19,461,2024_disposed,2023,2024,True,district
GJAH020067262022,GJAH02,CITY CIVIL AND SESSIONS COURT,GJ,Gujarat,CS,2022-05-13,2024-06-22,771,2024_disposed,2022,2024,True,district
GJAH020067292022,GJAH02,CITY CIVIL AND SESSIONS COURT,GJ,Gujarat,CS,2022-05-13,2024-06-22,771,2024_disposed,2022,2024,True,district
GJAH020067362022,GJAH02,CITY CIVIL AND SESSIONS COURT,GJ,Gujarat,CS,2022-05-13,2024-09-14,855,2024_disposed,2022,2024,True,district
GJAH020067382022,GJAH02,CITY CIVIL AND SESSIONS COURT,GJ,Gujarat,CS,2022-05-13,2024-06-22,771,2024_disposed,2022,2024,True,district
GJAH020067402022,GJAH02,CITY CIVIL AND SESSIONS COURT,GJ,Gujarat,CS,2022-05-13,2024-06-22,771,2024_disposed,2022,2024,True,district
GJAH020067442022,GJAH02,CITY CIVIL AND SESSIONS COURT,GJ,Gujarat,CS,2022-05-13,2024-06-22,771,2024_disposed,2022,2024,True,district
GJAH020067262024,GJAH02,CITY CIVIL AND SESSIONS COURT,GJ,Gujarat,CS,2024-05-03,2024-05-08,5,2024_disposed,2024,2024,True,district
GJAH020067422022,GJAH02,CITY CIVIL AND SESSIONS COURT,GJ,Gujarat,CS,2022-05-13,2024-06-22,771,2024_disposed,2022,2024,True,district
GJAH020074852022,GJAH02,CITY CIVIL AND SESSIONS COURT,GJ,Gujarat,CS,2022-06-01,2024-02-15,624,2024_disposed,2022,2024,True,district
GJBN120000052012,GJBN12,vallabhipur_taluka Court,GJ,Gujarat,CS,2012-04-12,2024-01-24,4304,2024_disposed,2012,2024,True,district
GJGN020108782023,GJGN02,Gandhinagar Civil Court,GJ,Gujarat,CS,2023-09-21,2024-06-22,275,2024_disposed,2023,2024,True,district
GJBN030013992024,GJBN03,ghogha_taluka Court,GJ,Gujarat,CS,2024-10-21,2024-12-24,64,2024_disposed,2024,2024,True,district
GJRJ140016842024,GJRJ14,Taluka Court - Jasdan,GJ,Gujarat,CS,2024-10-03,2024-11-11,39,2024_disposed,2024,2024,True,district
GJRJ140016812024,GJRJ14,Taluka Court - Jasdan,GJ,Gujarat,CS,2024-10-03,2024-12-14,72,2024_disposed,2024,2024,True,district
GJRJ140016822024,GJRJ14,Taluka Court - Jasdan,GJ,Gujarat,CS,2024-10-03,2024-11-11,39,2024_disposed,2024,2024,True,district
GJKT170003972016,GJKT17,Family Court Bhuj,GJ,Gujarat,CS,2016-08-16,2024-12-06,3034,2024_disposed,2016,2024,True,district
GJKT170003962022,GJKT17,Family Court Bhuj,GJ,Gujarat,CS,2022-11-21,2024-06-10,567,2024_disposed,2022,2024,True,district
GJGN030000572010,GJGN03,Dehgam Taluka Court,GJ,Gujarat,CS,2010-04-03,2024-02-29,5080,2024_disposed,2010,2024,True,district
GJGN030003682019,GJGN03,Dehgam Taluka Court,GJ,Gujarat,CS,2019-04-02,2024-07-18,1934,2024_disposed,2019,2024,True,district
GJBN040007662024,GJBN04,talaja_taluka Courtt,GJ,Gujarat,CS,2024-03-01,2024-07-02,123,2024_disposed,2024,2024,True,district
GJAH070001382010,GJAH07,"CIVIL COURT, DHOLKA",GJ,Gujarat,CS,2010-05-06,2024-03-21,5068,2024_disposed,2010,2024,True,district
GJDH060006502022,GJDH06,dhanpur_taluka court,GJ,Gujarat,CS,2022-06-15,2024-10-09,847,2024_disposed,2022,2024,True,district
GJDH070000182013,GJDH07,fatepura_taluka Court,GJ,Gujarat,CS,2013-01-28,2024-03-09,4058,2024_disposed,2013,2024,True,district
GJBN030013892021,GJBN03,ghogha_taluka Court,GJ,Gujarat,CS,2021-12-07,2024-03-16,830,2024_disposed,2021,2024,True,district
GJBN030013902023,GJBN03,ghogha_taluka Court,GJ,Gujarat,CS,2023-07-11,2024-03-15,248,2024_disposed,2023,2024,True,district
GJBN030013912023,GJBN03,ghogha_taluka Court,GJ,Gujarat,CS,2023-07-11,2024-03-26,259,2024_disposed,2023,2024,True,district
GJBN030013892023,GJBN03,ghogha_taluka Court,GJ,Gujarat,CS,2023-07-11,2024-03-15,248,2024_disposed,2023,2024,True,district
GJBN030013912021,GJBN03,ghogha_taluka Court,GJ,Gujarat,CS,2021-12-07,2024-03-16,830,2024_disposed,2021,2024,True,district
GJMH190004882024,GJMH19,"FAMILY COURT-VISNAGAR, MAHESANA",GJ,Gujarat,CS,2023-05-03,2024-11-06,553,2024_disposed,2023,2024,True,district
GJMH190005002024,GJMH19,"FAMILY COURT-VISNAGAR, MAHESANA",GJ,Gujarat,CS,2023-06-23,2024-12-31,557,2024_disposed,2023,2024,True,district
GJMH190005842024,GJMH19,"FAMILY COURT-VISNAGAR, MAHESANA",GJ,Gujarat,CS,2023-11-08,2024-07-12,247,2024_disposed,2023,2024,True,district
GJMH190005042024,GJMH19,"FAMILY COURT-VISNAGAR, MAHESANA",GJ,Gujarat,CS,2023-06-27,2024-12-31,553,2024_disposed,2023,2024,True,district
GJMH190005902024,GJMH19,"FAMILY COURT-VISNAGAR, MAHESANA",GJ,Gujarat,CS,2023-12-04,2024-09-18,289,2024_disposed,2023,2024,True,district
GJBN020054742019,GJBN02,bhavnagar_civil Court,GJ,Gujarat,CS,2019-05-23,2024-01-10,1693,2024_disposed,2019,2024,True,district
GJGS060025142022,GJGS06,kodinar_taluka Court,GJ,Gujarat,CS,2022-09-28,2024-04-05,555,2024_disposed,2022,2024,True,district
GJGS060025162023,GJGS06,kodinar_taluka Court,GJ,Gujarat,CS,2023-09-15,2024-05-03,231,2024_disposed,2023,2024,True,district
GJGS060025142023,GJGS06,kodinar_taluka Court,GJ,Gujarat,CS,2023-09-15,2024-05-03,231,2024_disposed,2023,2024,True,district
GJKT110110652023,GJKT11,Gandhidham Taluka Court,GJ,Gujarat,CS,2023-11-25,2024-06-22,210,2024_disposed,2023,2024,True,district
GJKT110110662023,GJKT11,Gandhidham Taluka Court,GJ,Gujarat,CS,2023-11-25,2024-06-14,202,2024_disposed,2023,2024,True,district
GJKT110110642023,GJKT11,Gandhidham Taluka Court,GJ,Gujarat,CS,2023-11-25,2024-10-09,319,2024_disposed,2023,2024,True,district
GJMH170000342023,GJMH17,mahesana_family,GJ,Gujarat,CS,2023-01-30,2024-08-08,556,2024_disposed,2023,2024,True,district
GJMH170000382024,GJMH17,mahesana_family,GJ,Gujarat,CS,2024-01-20,2024-03-27,67,2024_disposed,2024,2024,True,district
GJMH170000342024,GJMH17,mahesana_family,GJ,Gujarat,CS,2024-01-19,2024-03-28,69,2024_disposed,2024,2024,True,district
GJAH090008322018,GJAH09,"CIVIL COURT, SANAND",GJ,Gujarat,CS,2018-06-18,2024-10-15,2311,2024_disposed,2018,2024,True,district
GJAH090008302020,GJAH09,"CIVIL COURT, SANAND",GJ,Gujarat,CS,2020-12-09,2024-03-09,1186,2020_filed,2020,2024,True,district
GJAH090008302020,GJAH09,"CIVIL COURT, SANAND",GJ,Gujarat,CS,2020-12-09,2024-03-09,1186,2024_disposed,2020,2024,True,district
GJAH020016852024,GJAH02,CITY CIVIL AND SESSIONS COURT,GJ,Gujarat,CS,2024-01-31,2024-06-22,143,2024_disposed,2024,2024,True,district
GJAH020067322022,GJAH02,CITY CIVIL AND SESSIONS COURT,GJ,Gujarat,CS,2022-05-13,2024-06-22,771,2024_disposed,2022,2024,True,district
GJAH020067342022,GJAH02,CITY CIVIL AND SESSIONS COURT,GJ,Gujarat,CS,2022-05-13,2024-06-22,771,2024_disposed,2022,2024,True,district
GJKT120004162024,GJKT12,PRINCIPAL SENIOR CIVIL JUDGE COURT,GJ,Gujarat,CS,2024-03-28,2024-12-14,261,2024_disposed,2024,2024,True,district
GJAN050006182022,GJAN05,Khambhat Taluka,GJ,Gujarat,CS,2022-03-23,2024-03-12,720,2024_disposed,2022,2024,True,district
GJAN070000062022,GJAN07,Tarapur_Taluka Court,GJ,Gujarat,CS,2022-01-07,2024-12-30,1088,2024_disposed,2022,2024,True,district
GJAN070005982023,GJAN07,Tarapur_Taluka Court,GJ,Gujarat,CS,2023-08-24,2024-06-22,303,2024_disposed,2023,2024,True,district
GJAN090007762018,GJAN09,ANKLAV TALUKA COURT,GJ,Gujarat,CS,2018-11-28,2024-03-16,1935,2024_disposed,2018,2024,True,district
GJKH150008622023,GJKH15,"FAMILY COURT, NADIAD",GJ,Gujarat,CS,2023-12-29,2024-02-13,46,2024_disposed,2023,2024,True,district
GJKH150008632023,GJKH15,"FAMILY COURT, NADIAD",GJ,Gujarat,CS,2023-12-29,2024-12-03,340,2024_disposed,2023,2024,True,district
RJJD0C0000572016,RJJD0C,CJ SD Shahpura,RJ,Rajasthan,CS,2016-11-28,2024-11-18,2912,2024_disposed,2016,2024,True,district
RJHC010514952023,RJHC01,High Court of Rajasthan (Jodhpur),RJ,Rajasthan,CS,2023-07-27,2024-04-18,266,2024_disposed,2023,2024,True,hc
RJJD0A0004902016,RJJD0A,ADJ Shahpura,RJ,Rajasthan,CS,2016-01-23,2024-12-18,3252,2024_disposed,2016,2024,True,district
RJJD0A0004912012,RJJD0A,ADJ Shahpura,RJ,Rajasthan,CS,2012-10-30,2024-12-18,4432,2024_disposed,2012,2024,True,district
RJJD0A0004932024,RJJD0A,ADJ Shahpura,RJ,Rajasthan,CS,2024-05-28,2024-09-28,123,2024_disposed,2024,2024,False,district
RJSK130000972021,RJSK13,SENIOR CIVIL JUDGE REENGUS TALUKA HQ,RJ,Rajasthan,CS,2021-07-26,2024-09-28,1160,2024_disposed,2021,2024,False,district
RJSK130000982020,RJSK13,SENIOR CIVIL JUDGE REENGUS TALUKA HQ,RJ,Rajasthan,CS,2020-08-14,2024-03-09,1303,2020_filed,2020,2024,False,district
RJSK130000982020,RJSK13,SENIOR CIVIL JUDGE REENGUS TALUKA HQ,RJ,Rajasthan,CS,2020-08-14,2024-03-09,1303,2024_disposed,2020,2024,False,district
RJSM0C0000392015,RJSM0C,CJ JD - Khandar Taluka,RJ,Rajasthan,CS,2015-07-29,2024-09-23,3344,2024_disposed,2015,2024,False,district
RJJM2B0022332020,RJJM2B,Junior Civil Judge sanganer Court Complex,RJ,Rajasthan,CS,2011-02-02,2024-04-30,4836,2024_disposed,2011,2024,False,district
RJJM2B0018692020,RJJM2B,Junior Civil Judge sanganer Court Complex,RJ,Rajasthan,CS,2019-08-27,2024-11-21,1913,2024_disposed,2019,2024,False,district
RJKT040002962016,RJKT04,CJ JD - Kota HQ,RJ,Rajasthan,CS,2016-03-17,2024-12-06,3186,2024_disposed,2016,2024,False,district
RJKT040002972022,RJKT04,CJ JD - Kota HQ,RJ,Rajasthan,CS,2022-03-11,2024-12-17,1012,2024_disposed,2022,2024,False,district
RJKT040002982016,RJKT04,CJ JD - Kota HQ,RJ,Rajasthan,CS,2016-02-12,2024-09-02,3125,2024_disposed,2016,2024,False,district
RJKT040002972024,RJKT04,CJ JD - Kota HQ,RJ,Rajasthan,CS,2024-03-21,2024-07-13,114,2024_disposed,2024,2024,True,district
RJJR1B0000012018,RJJR1B,Bhopalgarh Civil Cases,RJ,Rajasthan,CS,2018-08-14,2024-09-20,2229,2024_disposed,2018,2024,False,district
RJJS010004362024,RJJS01,DJ ADJ-Jaisalmer District HQ,RJ,Rajasthan,CS,2013-07-17,2024-12-09,4163,2024_disposed,2013,2024,True,district
RJJS010004342024,RJJS01,DJ ADJ-Jaisalmer District HQ,RJ,Rajasthan,CS,2013-07-12,2024-08-16,4053,2024_disposed,2013,2024,True,district
RJKT040007972017,RJKT04,CJ JD - Kota HQ,RJ,Rajasthan,CS,2017-06-13,2024-05-09,2522,2024_disposed,2017,2024,False,district
RJKT040007972020,RJKT04,CJ JD - Kota HQ,RJ,Rajasthan,CS,2020-11-04,2024-05-20,1293,2020_filed,2020,2024,False,district
RJKT040007972020,RJKT04,CJ JD - Kota HQ,RJ,Rajasthan,CS,2020-11-04,2024-05-20,1293,2024_disposed,2020,2024,False,district
RJKT040007992013,RJKT04,CJ JD - Kota HQ,RJ,Rajasthan,CS,2013-10-31,2024-09-04,3961,2024_disposed,2013,2024,True,district
RJKT040007992024,RJKT04,CJ JD - Kota HQ,RJ,Rajasthan,CS,2024-08-08,2024-09-28,51,2024_disposed,2024,2024,False,district
RJKT040008022017,RJKT04,CJ JD - Kota HQ,RJ,Rajasthan,CS,2017-06-14,2024-05-30,2542,2024_disposed,2017,2024,False,district
RJSM0E0000772016,RJSM0E,CJ JD - Bamanwas Taluka,RJ,Rajasthan,CS,2016-12-09,2024-01-31,2609,2024_disposed,2016,2024,True,district
RJSM0E0000652023,RJSM0E,CJ JD - Bamanwas Taluka,RJ,Rajasthan,CS,2023-05-24,2024-08-03,437,2024_disposed,2023,2024,False,district
RJSG280000132024,RJSG28,CJ JD Sadulsahar Taluka,RJ,Rajasthan,CS,2024-03-12,2024-12-10,273,2024_disposed,2024,2024,True,district
RJSG280000052024,RJSG28,CJ JD Sadulsahar Taluka,RJ,Rajasthan,CS,2024-02-16,2024-07-19,154,2024_disposed,2024,2024,False,district
RJSG280000102024,RJSG28,CJ JD Sadulsahar Taluka,RJ,Rajasthan,CS,2024-03-01,2024-07-15,136,2024_disposed,2024,2024,True,district
RJSG280000222024,RJSG28,CJ JD Sadulsahar Taluka,RJ,Rajasthan,CS,2024-04-08,2024-07-13,96,2024_disposed,2024,2024,False,district
RJSG280000212024,RJSG28,CJ JD Sadulsahar Taluka,RJ,Rajasthan,CS,2024-03-30,2024-11-25,240,2024_disposed,2024,2024,False,district
RJSG280000032023,RJSG28,CJ JD Sadulsahar Taluka,RJ,Rajasthan,CS,2023-07-19,2024-07-13,360,2024_disposed,2023,2024,False,district
RJSM110003062024,RJSM11,FAMILY Sawai Madhopur HQ,RJ,Rajasthan,CS,2024-04-25,2024-12-22,241,2024_disposed,2024,2024,False,district
RJJM2B0007412024,RJJM2B,Junior Civil Judge sanganer Court Complex,RJ,Rajasthan,CS,2024-03-15,2024-07-11,118,2024_disposed,2024,2024,False,district
RJJM2B0007612020,RJJM2B,Junior Civil Judge sanganer Court Complex,RJ,Rajasthan,CS,2014-09-17,2024-07-04,3578,2024_disposed,2014,2024,False,district
RJJM2B0007632020,RJJM2B,Junior Civil Judge sanganer Court Complex,RJ,Rajasthan,CS,2013-07-06,2024-02-21,3882,2024_disposed,2013,2024,False,district
RJJM2B0022502020,RJJM2B,Junior Civil Judge sanganer Court Complex,RJ,Rajasthan,CS,2014-04-30,2024-07-04,3718,2024_disposed,2014,2024,False,district
RJJM2B0022542020,RJJM2B,Junior Civil Judge sanganer Court Complex,RJ,Rajasthan,CS,2015-05-11,2024-07-02,3340,2024_disposed,2015,2024,False,district
RJJM2B0007572021,RJJM2B,Junior Civil Judge sanganer Court Complex,RJ,Rajasthan,CS,2021-08-18,2024-07-25,1072,2024_disposed,2021,2024,False,district
RJJR060001642020,RJJR06,JM Civil - Pipar,RJ,Rajasthan,CS,2020-12-21,2024-03-05,1170,2020_filed,2020,2024,False,district
RJJR060001642020,RJJR06,JM Civil - Pipar,RJ,Rajasthan,CS,2020-12-21,2024-03-05,1170,2024_disposed,2020,2024,False,district
RJJR060001632020,RJJR06,JM Civil - Pipar,RJ,Rajasthan,CS,2020-12-18,2024-01-12,1120,2020_filed,2020,2024,False,district
RJJR060001632020,RJJR06,JM Civil - Pipar,RJ,Rajasthan,CS,2020-12-18,2024-01-12,1120,2024_disposed,2020,2024,False,district
RJAJ160000212015,RJAJ16,JM-KEKRI TALUKA (CIVIL),RJ,Rajasthan,CS,2015-01-05,2024-09-30,3556,2024_disposed,2015,2024,True,district
RJAJ160000222023,RJAJ16,JM-KEKRI TALUKA (CIVIL),RJ,Rajasthan,CS,2023-01-10,2024-03-18,433,2024_disposed,2023,2024,False,district
RJJM2A0000402024,RJJM2A,Senior Civil Judge Sanganer Court Complex,RJ,Rajasthan,CS,2024-02-01,2024-09-28,240,2024_disposed,2024,2024,False,district
RJJR030000692021,RJJR03,CJ SD -Jodhpur District HQ,RJ,Rajasthan,CS,2020-10-27,2024-09-28,1432,2020_filed,2020,2024,False,district
RJJR030000692021,RJJR03,CJ SD -Jodhpur District HQ,RJ,Rajasthan,CS,2020-10-27,2024-09-28,1432,2024_disposed,2020,2024,False,district
RJDS110004122024,RJDS11,ADJ - Mahwa Court Complex,RJ,Rajasthan,CS,2024-07-16,2024-12-22,159,2024_disposed,2024,2024,False,district
RJDS110004182023,RJDS11,ADJ - Mahwa Court Complex,RJ,Rajasthan,CS,2023-08-01,2024-01-11,163,2024_disposed,2023,2024,False,district
RJDS110004232023,RJDS11,ADJ - Mahwa Court Complex,RJ,Rajasthan,CS,2023-08-02,2024-03-09,220,2024_disposed,2023,2024,False,district
RJSG0B0000082024,RJSG0B,CJ SD - ANUPGARH TALUKA,RJ,Rajasthan,CS,2024-03-01,2024-09-28,211,2024_disposed,2024,2024,False,district
RJBH270011932022,RJBH27,Family-Bharatpur District HQ,RJ,Rajasthan,CS,2022-10-11,2024-03-04,510,2024_disposed,2022,2024,False,district
RJSM070001082023,RJSM07,ADJ - Gangapur City Taluka,RJ,Rajasthan,CS,2023-01-31,2024-03-09,403,2024_disposed,2023,2024,False,district
RJSM070007652015,RJSM07,ADJ - Gangapur City Taluka,RJ,Rajasthan,CS,2015-08-03,2024-12-09,3416,2024_disposed,2015,2024,True,district
RJSK1E0004942024,RJSK1E,ADJ DANTARAMGARH TALUKA HQ,RJ,Rajasthan,CS,2024-09-27,2024-09-28,1,2024_disposed,2024,2024,True,district
RJSK1E0004912023,RJSK1E,ADJ DANTARAMGARH TALUKA HQ,RJ,Rajasthan,CS,2023-11-09,2024-11-05,362,2024_disposed,2023,2024,True,district
RJKR040000052022,RJKR04,CJ JD-Karauli District HQ,RJ,Rajasthan,CS,2022-01-15,2024-08-20,948,2024_disposed,2022,2024,False,district
RJDS080000172024,RJDS08,CJ SD-Bandikui Court Complex,RJ,Rajasthan,CS,2024-04-02,2024-09-28,179,2024_disposed,2024,2024,False,district
RJDS090001632022,RJDS09,CJ JD-Bandikui Court Complex,RJ,Rajasthan,CS,2022-10-11,2024-07-26,654,2024_disposed,2022,2024,False,district
RJJM280012252021,RJJM28,DJ ADJ Sanganer Court Complex,RJ,Rajasthan,CS,2021-09-01,2024-01-29,880,2024_disposed,2021,2024,True,district
RJKR080002242018,RJKR08,CJ SD- TALUKA HINDAUN,RJ,Rajasthan,CS,2018-12-24,2024-07-09,2024,2024_disposed,2018,2024,False,district
RJJU0E0007542023,RJJU0E,Commercial-Jodhpur Metro HQ,RJ,Rajasthan,CS,2023-08-08,2024-12-10,490,2024_disposed,2023,2024,True,district
RJJU0E0007552023,RJJU0E,Commercial-Jodhpur Metro HQ,RJ,Rajasthan,CS,2023-08-08,2024-10-10,429,2024_disposed,2023,2024,True,district
RJJU0E0007522023,RJJU0E,Commercial-Jodhpur Metro HQ,RJ,Rajasthan,CS,2023-08-10,2024-09-25,412,2024_disposed,2023,2024,True,district
RJHC020088562014,RJHC02,High Court of Rajasthan (Jaipur),RJ,Rajasthan,CS,2014-07-02,2024-10-09,3752,2024_disposed,2014,2024,True,hc
RJHC020128452015,RJHC02,High Court of Rajasthan (Jaipur),RJ,Rajasthan,CS,2015-04-20,2024-04-20,3288,2024_disposed,2015,2024,True,hc
RJHG040000262022,RJHG04,MJM AMJM-Hanumangarh District HQ,RJ,Rajasthan,CS,2022-02-11,2024-12-05,1028,2024_disposed,2022,2024,False,district
RJJU040012682017,RJJU04,CJ JD Jodhpur Metro HQ,RJ,Rajasthan,CS,2017-09-15,2024-01-09,2307,2024_disposed,2017,2024,True,district
RJHC020175962015,RJHC02,High Court of Rajasthan (Jaipur),RJ,Rajasthan,CS,2015-11-30,2024-04-23,3067,2024_disposed,2015,2024,False,hc
RJHG0E0001272023,RJHG0E,MJM-BHADRA TALUKA HQ,RJ,Rajasthan,CS,2023-05-12,2024-07-13,428,2024_disposed,2023,2024,False,district
RJHG0E0001312019,RJHG0E,MJM-BHADRA TALUKA HQ,RJ,Rajasthan,CS,2019-12-21,2024-07-13,1666,2024_disposed,2019,2024,False,district
RJHG0E0001312024,RJHG0E,MJM-BHADRA TALUKA HQ,RJ,Rajasthan,CS,2024-07-30,2024-09-28,60,2024_disposed,2024,2024,False,district
RJHG0E0001312018,RJHG0E,MJM-BHADRA TALUKA HQ,RJ,Rajasthan,CS,2018-08-04,2024-07-18,2175,2024_disposed,2018,2024,False,district
RJBR030000332022,RJBR03,CJ SD - Baran HQ,RJ,Rajasthan,CS,2022-08-05,2024-03-09,582,2024_disposed,2022,2024,False,district
RJAL190009212021,RJAL19,ADJ - Laxmangarh HQ,RJ,Rajasthan,CS,2021-11-08,2024-12-07,1125,2024_disposed,2021,2024,False,district
RJRS0D0000332020,RJRS0D,CJ SD-Deogarh Taluka,RJ,Rajasthan,CS,2020-07-17,2024-09-28,1534,2020_filed,2020,2024,False,district
RJRS0D0000332020,RJRS0D,CJ SD-Deogarh Taluka,RJ,Rajasthan,CS,2020-07-17,2024-09-28,1534,2024_disposed,2020,2024,False,district
RJAL1B0000142021,RJAL1B,CJ SD - Laxmangarh HQ,RJ,Rajasthan,CS,2021-04-23,2024-01-04,986,2024_disposed,2021,2024,False,district
RJRS0D0000312017,RJRS0D,CJ SD-Deogarh Taluka,RJ,Rajasthan,CS,2017-12-01,2024-12-09,2565,2024_disposed,2017,2024,False,district
RJRS0D0000312023,RJRS0D,CJ SD-Deogarh Taluka,RJ,Rajasthan,CS,2023-08-05,2024-08-03,364,2024_disposed,2023,2024,True,district
RJTK010006692017,RJTK01,DJ ADJ - Tonk HQ,RJ,Rajasthan,CS,2017-04-28,2024-07-22,2642,2024_disposed,2017,2024,False,district
RJBD0D0000102024,RJBD0D,CJ JD - Nainwan Taluka,RJ,Rajasthan,CS,2024-02-01,2024-05-29,118,2024_disposed,2024,2024,False,district
RJBD110000052024,RJBD11,CJ JD - Lakheri Taluka,RJ,Rajasthan,CS,2024-02-23,2024-07-13,141,2024_disposed,2024,2024,False,district
RJBD110000072024,RJBD11,CJ JD - Lakheri Taluka,RJ,Rajasthan,CS,2024-04-24,2024-09-28,157,2024_disposed,2024,2024,False,district
RJAJ170008362023,RJAJ17,ADJ-KISHANGARH TALUKA (CRIMINAL AND CIVIL),RJ,Rajasthan,CS,2023-06-28,2024-07-13,381,2024_disposed,2023,2024,False,district
RJAJ170008392017,RJAJ17,ADJ-KISHANGARH TALUKA (CRIMINAL AND CIVIL),RJ,Rajasthan,CS,2017-10-31,2024-12-02,2589,2024_disposed,2017,2024,True,district
RJJW0D0000022020,RJJW0D,CJ SD - Bhawanimandi Jhalawar District,RJ,Rajasthan,CS,2020-02-29,2024-01-03,1404,2020_filed,2020,2024,False,district
RJJW0D0000022020,RJJW0D,CJ SD - Bhawanimandi Jhalawar District,RJ,Rajasthan,CS,2020-02-29,2024-01-03,1404,2024_disposed,2020,2024,False,district
RJJW0D0000052024,RJJW0D,CJ SD - Bhawanimandi Jhalawar District,RJ,Rajasthan,CS,2024-07-08,2024-12-22,167,2024_disposed,2024,2024,False,district
RJAJ130001662022,RJAJ13,ADJ-KEKRI TALUKA,RJ,Rajasthan,CS,2022-02-17,2024-06-01,835,2024_disposed,2022,2024,True,district
RJBD0C0000072024,RJBD0C,CJ SD - Nainwan Taluka,RJ,Rajasthan,CS,2024-05-17,2024-09-28,134,2024_disposed,2024,2024,False,district
RJJT260000422019,RJJT26,JUNIOR CIVIL JUDGE CHOMU COURT COMPLEX II,RJ,Rajasthan,CS,2017-07-19,2024-03-19,2435,2024_disposed,2017,2024,False,district
RJJH0D0000012022,RJJH0D,MJM-Chirawa Taluka HQ (CIV.),RJ,Rajasthan,CS,2022-01-27,2024-03-26,789,2024_disposed,2022,2024,False,district
RJJH0D0000012024,RJJH0D,MJM-Chirawa Taluka HQ (CIV.),RJ,Rajasthan,CS,2024-01-10,2024-03-09,59,2024_disposed,2024,2024,False,district
RJJR150000152022,RJJR15,CJ JD Bilara,RJ,Rajasthan,CS,2001-01-05,2024-07-05,8582,2024_disposed,2001,2024,True,district
RJJR150000212022,RJJR15,CJ JD Bilara,RJ,Rajasthan,CS,2010-06-16,2024-05-30,5097,2024_disposed,2010,2024,True,district
RJHC020694582013,RJHC02,High Court of Rajasthan (Jaipur),RJ,Rajasthan,CS,2013-05-15,2024-09-09,4135,2024_disposed,2013,2024,False,hc
RJHC020692572019,RJHC02,High Court of Rajasthan (Jaipur),RJ,Rajasthan,CS,2019-08-05,2024-04-20,1720,2024_disposed,2019,2024,False,hc
RJKT040006552020,RJKT04,CJ JD - Kota HQ,RJ,Rajasthan,CS,2020-09-16,2024-04-02,1294,2020_filed,2020,2024,False,district
RJKT040006552020,RJKT04,CJ JD - Kota HQ,RJ,Rajasthan,CS,2020-09-16,2024-04-02,1294,2024_disposed,2020,2024,False,district
RJJH030000432019,RJJH03,CJ SD -Jhunjhunu District HQ,RJ,Rajasthan,CS,2017-09-06,2024-07-20,2509,2024_disposed,2017,2024,False,district
RJKT040006572014,RJKT04,CJ JD - Kota HQ,RJ,Rajasthan,CS,2014-02-28,2024-10-19,3886,2024_disposed,2014,2024,True,district
RJKT040008892020,RJKT04,CJ JD - Kota HQ,RJ,Rajasthan,CS,2020-11-25,2024-07-13,1326,2020_filed,2020,2024,True,district
RJKT040008892020,RJKT04,CJ JD - Kota HQ,RJ,Rajasthan,CS,2020-11-25,2024-07-13,1326,2024_disposed,2020,2024,True,district
RJKT040008862022,RJKT04,CJ JD - Kota HQ,RJ,Rajasthan,CS,2022-07-25,2024-07-18,724,2024_disposed,2022,2024,True,district
RJKT040008862014,RJKT04,CJ JD - Kota HQ,RJ,Rajasthan,CS,2014-09-12,2024-07-20,3599,2024_disposed,2014,2024,False,district
RJKT040008902022,RJKT04,CJ JD - Kota HQ,RJ,Rajasthan,CS,2022-07-25,2024-02-20,575,2024_disposed,2022,2024,False,district
MLHC010010422024,MLHC01,High Court of Meghalaya,MG,Meghalaya,BA,2024-09-19,2024-11-07,49,2024_disposed,2024,2024,True,hc
MLHC010010432024,MLHC01,High Court of Meghalaya,MG,Meghalaya,BA,2024-09-19,2024-11-07,49,2024_disposed,2024,2024,True,hc
MLHC010010442024,MLHC01,High Court of Meghalaya,MG,Meghalaya,BA,2024-09-19,2024-11-07,49,2024_disposed,2024,2024,True,hc
MLHC010007572024,MLHC01,High Court of Meghalaya,MG,Meghalaya,BA,2024-07-15,2024-09-02,49,2024_disposed,2024,2024,True,hc
MLHC010009692024,MLHC01,High Court of Meghalaya,MG,Meghalaya,BA,2024-08-30,2024-09-17,18,2024_disposed,2024,2024,True,hc
MLHC010009702024,MLHC01,High Court of Meghalaya,MG,Meghalaya,BA,2024-08-30,2024-09-17,18,2024_disposed,2024,2024,True,hc
MLHC010007562024,MLHC01,High Court of Meghalaya,MG,Meghalaya,BA,2024-07-15,2024-09-02,49,2024_disposed,2024,2024,True,hc
MLHC010003772024,MLHC01,High Court of Meghalaya,MG,Meghalaya,BA,2024-04-25,2024-05-17,22,2024_disposed,2024,2024,True,hc
MLHC010007672024,MLHC01,High Court of Meghalaya,MG,Meghalaya,BA,2024-07-18,2024-09-02,46,2024_disposed,2024,2024,True,hc
MLHC010007782024,MLHC01,High Court of Meghalaya,MG,Meghalaya,BA,2024-07-19,2024-09-13,56,2024_disposed,2024,2024,True,hc
MLHC010007792024,MLHC01,High Court of Meghalaya,MG,Meghalaya,BA,2024-07-19,2024-09-19,62,2024_disposed,2024,2024,True,hc
MLHC010007832024,MLHC01,High Court of Meghalaya,MG,Meghalaya,BA,2024-07-19,2024-09-26,69,2024_disposed,2024,2024,True,hc
MLHC010002792024,MLHC01,High Court of Meghalaya,MG,Meghalaya,BA,2024-04-01,2024-04-03,2,2024_disposed,2024,2024,True,hc
MLHC010002702024,MLHC01,High Court of Meghalaya,MG,Meghalaya,BA,2024-04-01,2024-06-12,72,2024_disposed,2024,2024,True,hc
MLHC010003872024,MLHC01,High Court of Meghalaya,MG,Meghalaya,BA,2024-04-29,2024-05-31,32,2024_disposed,2024,2024,True,hc
MLHC010009722024,MLHC01,High Court of Meghalaya,MG,Meghalaya,BA,2024-08-30,2024-11-14,76,2024_disposed,2024,2024,True,hc
MLHC010009732024,MLHC01,High Court of Meghalaya,MG,Meghalaya,BA,2024-08-30,2024-11-14,76,2024_disposed,2024,2024,True,hc
MLHC010009712024,MLHC01,High Court of Meghalaya,MG,Meghalaya,BA,2024-08-30,2024-09-17,18,2024_disposed,2024,2024,True,hc
MLHC010009432024,MLHC01,High Court of Meghalaya,MG,Meghalaya,BA,2024-08-22,2024-08-27,5,2024_disposed,2024,2024,True,hc
MLHC010014222023,MLHC01,High Court of Meghalaya,MG,Meghalaya,BA,2023-12-14,2024-01-29,46,2024_disposed,2023,2024,True,hc
MLHC010003762024,MLHC01,High Court of Meghalaya,MG,Meghalaya,BA,2024-04-25,2024-05-17,22,2024_disposed,2024,2024,True,hc
MLHC010010072024,MLHC01,High Court of Meghalaya,MG,Meghalaya,BA,2024-09-11,2024-10-28,47,2024_disposed,2024,2024,True,hc
MLHC010004182024,MLHC01,High Court of Meghalaya,MG,Meghalaya,BA,2024-05-03,2024-05-22,19,2024_disposed,2024,2024,True,hc
MLHC010010352024,MLHC01,High Court of Meghalaya,MG,Meghalaya,BA,2024-09-17,2024-10-30,43,2024_disposed,2024,2024,True,hc
MLHC010002862024,MLHC01,High Court of Meghalaya,MG,Meghalaya,BA,2024-04-03,2024-04-05,2,2024_disposed,2024,2024,True,hc
MLHC010002852024,MLHC01,High Court of Meghalaya,MG,Meghalaya,BA,2024-04-02,2024-04-08,6,2024_disposed,2024,2024,True,hc
MLHC010010102024,MLHC01,High Court of Meghalaya,MG,Meghalaya,BA,2024-09-12,2024-11-18,67,2024_disposed,2024,2024,True,hc
MLHC010009422024,MLHC01,High Court of Meghalaya,MG,Meghalaya,BA,2024-08-22,2024-08-27,5,2024_disposed,2024,2024,True,hc
MLHC010009972024,MLHC01,High Court of Meghalaya,MG,Meghalaya,BA,2024-09-06,2024-09-19,13,2024_disposed,2024,2024,True,hc
MLHC010000872024,MLHC01,High Court of Meghalaya,MG,Meghalaya,BA,2024-02-09,2024-02-14,5,2024_disposed,2024,2024,True,hc
MLHC010002432024,MLHC01,High Court of Meghalaya,MG,Meghalaya,BA,2024-03-18,2024-06-12,86,2024_disposed,2024,2024,True,hc
MLHC010011292024,MLHC01,High Court of Meghalaya,MG,Meghalaya,BA,2024-09-23,2024-11-04,42,2024_disposed,2024,2024,True,hc
MLHC010005152024,MLHC01,High Court of Meghalaya,MG,Meghalaya,BA,2024-05-23,2024-06-10,18,2024_disposed,2024,2024,True,hc
MLHC010012332024,MLHC01,High Court of Meghalaya,MG,Meghalaya,BA,2024-10-24,2024-11-28,35,2024_disposed,2024,2024,True,hc
MLHC010004482024,MLHC01,High Court of Meghalaya,MG,Meghalaya,BA,2024-05-09,2024-05-13,4,2024_disposed,2024,2024,True,hc
MLHC010004502024,MLHC01,High Court of Meghalaya,MG,Meghalaya,BA,2024-05-09,2024-06-05,27,2024_disposed,2024,2024,True,hc
MLHC010010482024,MLHC01,High Court of Meghalaya,MG,Meghalaya,BA,2024-09-19,2024-11-07,49,2024_disposed,2024,2024,True,hc
MLHC010010452024,MLHC01,High Court of Meghalaya,MG,Meghalaya,BA,2024-09-19,2024-11-07,49,2024_disposed,2024,2024,True,hc
MLHC010010462024,MLHC01,High Court of Meghalaya,MG,Meghalaya,BA,2024-09-19,2024-11-07,49,2024_disposed,2024,2024,True,hc
MLHC010010472024,MLHC01,High Court of Meghalaya,MG,Meghalaya,BA,2024-09-19,2024-11-07,49,2024_disposed,2024,2024,True,hc
MLHC010004552024,MLHC01,High Court of Meghalaya,MG,Meghalaya,BA,2024-05-10,2024-06-11,32,2024_disposed,2024,2024,True,hc
MLHC010001002024,MLHC01,High Court of Meghalaya,MG,Meghalaya,BA,2024-02-14,2024-02-16,2,2024_disposed,2024,2024,True,hc
MLHC010005002024,MLHC01,High Court of Meghalaya,MG,Meghalaya,BA,2024-05-20,2024-07-09,50,2024_disposed,2024,2024,True,hc
MLHC010003332024,MLHC01,High Court of Meghalaya,MG,Meghalaya,BA,2024-04-12,2024-04-24,12,2024_disposed,2024,2024,True,hc
MLHC010012822024,MLHC01,High Court of Meghalaya,MG,Meghalaya,BA,2024-11-05,2024-11-28,23,2024_disposed,2024,2024,True,hc
MLHC010011382024,MLHC01,High Court of Meghalaya,MG,Meghalaya,BA,2024-09-25,2024-11-05,41,2024_disposed,2024,2024,True,hc
MLHC010014782023,MLHC01,High Court of Meghalaya,MG,Meghalaya,BA,2023-12-20,2024-02-22,64,2024_disposed,2023,2024,True,hc
MLHC010014792023,MLHC01,High Court of Meghalaya,MG,Meghalaya,BA,2023-12-20,2024-02-22,64,2024_disposed,2023,2024,True,hc
MLHC010007372024,MLHC01,High Court of Meghalaya,MG,Meghalaya,BA,2024-07-11,2024-07-15,4,2024_disposed,2024,2024,True,hc
MLHC010009282024,MLHC01,High Court of Meghalaya,MG,Meghalaya,BA,2024-08-16,2024-09-12,27,2024_disposed,2024,2024,True,hc
MLHC010004272024,MLHC01,High Court of Meghalaya,MG,Meghalaya,BA,2024-05-07,2024-05-10,3,2024_disposed,2024,2024,True,hc
MLHC010010572024,MLHC01,High Court of Meghalaya,MG,Meghalaya,BA,2024-09-19,2024-09-27,8,2024_disposed,2024,2024,True,hc
MLHC010010552024,MLHC01,High Court of Meghalaya,MG,Meghalaya,BA,2024-09-19,2024-11-07,49,2024_disposed,2024,2024,True,hc
MLHC010010542024,MLHC01,High Court of Meghalaya,MG,Meghalaya,BA,2024-09-19,2024-11-07,49,2024_disposed,2024,2024,True,hc
MLHC010009472024,MLHC01,High Court of Meghalaya,MG,Meghalaya,BA,2024-08-22,2024-08-27,5,2024_disposed,2024,2024,True,hc
MLHC010009452024,MLHC01,High Court of Meghalaya,MG,Meghalaya,BA,2024-08-22,2024-08-27,5,2024_disposed,2024,2024,True,hc
MLHC010009482024,MLHC01,High Court of Meghalaya,MG,Meghalaya,BA,2024-08-22,2024-08-27,5,2024_disposed,2024,2024,True,hc
MLHC010001012024,MLHC01,High Court of Meghalaya,MG,Meghalaya,BA,2024-02-14,2024-02-16,2,2024_disposed,2024,2024,True,hc
MLHC010001032024,MLHC01,High Court of Meghalaya,MG,Meghalaya,BA,2024-02-14,2024-02-16,2,2024_disposed,2024,2024,True,hc
MLHC010001022024,MLHC01,High Court of Meghalaya,MG,Meghalaya,BA,2024-02-14,2024-02-16,2,2024_disposed,2024,2024,True,hc
MLHC010004312024,MLHC01,High Court of Meghalaya,MG,Meghalaya,BA,2024-05-07,2024-05-13,6,2024_disposed,2024,2024,True,hc
MLHC010009442024,MLHC01,High Court of Meghalaya,MG,Meghalaya,BA,2024-08-22,2024-08-27,5,2024_disposed,2024,2024,True,hc
MLHC010009462024,MLHC01,High Court of Meghalaya,MG,Meghalaya,BA,2024-08-22,2024-08-27,5,2024_disposed,2024,2024,True,hc
MLHC010010412024,MLHC01,High Court of Meghalaya,MG,Meghalaya,BA,2024-09-19,2024-11-07,49,2024_disposed,2024,2024,True,hc
MLHC010010532024,MLHC01,High Court of Meghalaya,MG,Meghalaya,BA,2024-09-19,2024-11-07,49,2024_disposed,2024,2024,True,hc
MLHC010010492024,MLHC01,High Court of Meghalaya,MG,Meghalaya,BA,2024-09-19,2024-11-07,49,2024_disposed,2024,2024,True,hc
MLHC010010502024,MLHC01,High Court of Meghalaya,MG,Meghalaya,BA,2024-09-19,2024-09-26,7,2024_disposed,2024,2024,True,hc
MLHC010010512024,MLHC01,High Court of Meghalaya,MG,Meghalaya,BA,2024-09-19,2024-11-07,49,2024_disposed,2024,2024,True,hc
MLHC010010522024,MLHC01,High Court of Meghalaya,MG,Meghalaya,BA,2024-09-19,2024-11-07,49,2024_disposed,2024,2024,True,hc
MLHC010003562024,MLHC01,High Court of Meghalaya,MG,Meghalaya,BA,2024-04-23,2024-05-01,8,2024_disposed,2024,2024,True,hc
MLHC010009232024,MLHC01,High Court of Meghalaya,MG,Meghalaya,BA,2024-08-16,2024-10-30,75,2024_disposed,2024,2024,True,hc
MLHC010009952024,MLHC01,High Court of Meghalaya,MG,Meghalaya,BA,2024-09-06,2024-09-19,13,2024_disposed,2024,2024,True,hc
MLHC010011872024,MLHC01,High Court of Meghalaya,MG,Meghalaya,BA,2024-10-15,2024-10-17,2,2024_disposed,2024,2024,True,hc
MLHC010011942024,MLHC01,High Court of Meghalaya,MG,Meghalaya,BA,2024-10-16,2024-10-18,2,2024_disposed,2024,2024,True,hc
MLHC010009492024,MLHC01,High Court of Meghalaya,MG,Meghalaya,BA,2024-08-22,2024-08-27,5,2024_disposed,2024,2024,True,hc
MLHC010006822024,MLHC01,High Court of Meghalaya,MG,Meghalaya,BA,2024-06-27,2024-07-05,8,2024_disposed,2024,2024,True,hc
MLHC010006832024,MLHC01,High Court of Meghalaya,MG,Meghalaya,BA,2024-06-27,2024-07-09,12,2024_disposed,2024,2024,True,hc
WBJP010020852024,WBJP01,District and Session Judge,WB,West Bengal,BA,2024-05-24,2024-06-04,11,2024_disposed,2024,2024,True,district
WBJP010020862024,WBJP01,District and Session Judge,WB,West Bengal,BA,2024-05-24,2024-06-06,13,2024_disposed,2024,2024,True,district
WBNP140039232024,WBNP14,Barrackpore Addl. District & Sessions Judge,WB,West Bengal,BA,2024-08-16,2024-08-21,5,2024_disposed,2024,2024,False,district
WBNP140054652023,WBNP14,Barrackpore Addl. District & Sessions Judge,WB,West Bengal,BA,2023-12-22,2024-01-03,12,2024_disposed,2023,2024,False,district
WBNP140054642023,WBNP14,Barrackpore Addl. District & Sessions Judge,WB,West Bengal,BA,2023-12-22,2024-01-08,17,2024_disposed,2023,2024,False,district
WBML010017252024,WBML01,"District and Sessions Judge, Malda",WB,West Bengal,BA,2024-03-13,2024-05-13,61,2024_disposed,2024,2024,False,district
WBNP140039242024,WBNP14,Barrackpore Addl. District & Sessions Judge,WB,West Bengal,BA,2024-08-16,2024-08-20,4,2024_disposed,2024,2024,False,district
WBNP140036972024,WBNP14,Barrackpore Addl. District & Sessions Judge,WB,West Bengal,BA,2024-08-05,2024-08-09,4,2024_disposed,2024,2024,False,district
WBNP140036952024,WBNP14,Barrackpore Addl. District & Sessions Judge,WB,West Bengal,BA,2024-08-05,2024-08-06,1,2024_disposed,2024,2024,False,district
WBNP140037022024,WBNP14,Barrackpore Addl. District & Sessions Judge,WB,West Bengal,BA,2024-08-05,2024-08-12,7,2024_disposed,2024,2024,False,district
WBNP140037012024,WBNP14,Barrackpore Addl. District & Sessions Judge,WB,West Bengal,BA,2024-08-05,2024-08-09,4,2024_disposed,2024,2024,False,district
WBNP140036992024,WBNP14,Barrackpore Addl. District & Sessions Judge,WB,West Bengal,BA,2024-08-05,2024-08-08,3,2024_disposed,2024,2024,False,district
WBNP140036962024,WBNP14,Barrackpore Addl. District & Sessions Judge,WB,West Bengal,BA,2024-08-05,2024-08-06,1,2024_disposed,2024,2024,False,district
WBNP010053492024,WBNP01,Barasat District Judge,WB,West Bengal,BA,2024-06-21,2024-08-01,41,2024_disposed,2024,2024,True,district
WBNP010053472024,WBNP01,Barasat District Judge,WB,West Bengal,BA,2024-06-21,2024-07-01,10,2024_disposed,2024,2024,True,district
WBNP010053482024,WBNP01,Barasat District Judge,WB,West Bengal,BA,2024-06-21,2024-07-04,13,2024_disposed,2024,2024,True,district
WBNP140054862024,WBNP14,Barrackpore Addl. District & Sessions Judge,WB,West Bengal,BA,2024-11-26,2024-12-11,15,2024_disposed,2024,2024,False,district
WBNP140054902024,WBNP14,Barrackpore Addl. District & Sessions Judge,WB,West Bengal,BA,2024-11-30,2024-12-05,5,2024_disposed,2024,2024,False,district
WBNP140054872024,WBNP14,Barrackpore Addl. District & Sessions Judge,WB,West Bengal,BA,2024-11-28,2024-12-11,13,2024_disposed,2024,2024,False,district
WBNP140054832024,WBNP14,Barrackpore Addl. District & Sessions Judge,WB,West Bengal,BA,2024-11-22,2024-12-02,10,2024_disposed,2024,2024,False,district
WBNP140054882024,WBNP14,Barrackpore Addl. District & Sessions Judge,WB,West Bengal,BA,2024-11-28,2024-12-06,8,2024_disposed,2024,2024,False,district
WBNP140054892024,WBNP14,Barrackpore Addl. District & Sessions Judge,WB,West Bengal,BA,2024-11-29,2024-12-05,6,2024_disposed,2024,2024,False,district
WBNP140043072024,WBNP14,Barrackpore Addl. District & Sessions Judge,WB,West Bengal,BA,2024-09-13,2024-09-21,8,2024_disposed,2024,2024,False,district
WBNP140043082024,WBNP14,Barrackpore Addl. District & Sessions Judge,WB,West Bengal,BA,2024-09-13,2024-09-23,10,2024_disposed,2024,2024,False,district
WBNP010116842023,WBNP01,Barasat District Judge,WB,West Bengal,BA,2023-12-05,2024-01-18,44,2024_disposed,2023,2024,True,district
WBCB050004182024,WBCB05,"Addl. District and Sessions Judge , Dinhata",WB,West Bengal,BA,2024-06-27,2024-07-19,22,2024_disposed,2024,2024,True,district
WBCB050004192024,WBCB05,"Addl. District and Sessions Judge , Dinhata",WB,West Bengal,BA,2024-06-27,2024-07-08,11,2024_disposed,2024,2024,True,district
WBCB050004222024,WBCB05,"Addl. District and Sessions Judge , Dinhata",WB,West Bengal,BA,2024-06-28,2024-07-09,11,2024_disposed,2024,2024,True,district
WBNP010095792024,WBNP01,Barasat District Judge,WB,West Bengal,BA,2024-10-23,2024-11-05,13,2024_disposed,2024,2024,True,district
WBNP010095802023,WBNP01,Barasat District Judge,WB,West Bengal,BA,2023-09-20,2024-01-03,105,2024_disposed,2023,2024,True,district
WBNP010095802024,WBNP01,Barasat District Judge,WB,West Bengal,BA,2024-10-23,2024-10-28,5,2024_disposed,2024,2024,True,district
WBNP010095812024,WBNP01,Barasat District Judge,WB,West Bengal,BA,2024-10-23,2024-11-28,36,2024_disposed,2024,2024,True,district
WBNP010095832024,WBNP01,Barasat District Judge,WB,West Bengal,BA,2024-10-23,2024-10-28,5,2024_disposed,2024,2024,True,district
WBNP010095852024,WBNP01,Barasat District Judge,WB,West Bengal,BA,2024-10-23,2024-10-28,5,2024_disposed,2024,2024,True,district
WBNP010095842024,WBNP01,Barasat District Judge,WB,West Bengal,BA,2024-10-23,2024-11-11,19,2024_disposed,2024,2024,True,district
WBNP010095862024,WBNP01,Barasat District Judge,WB,West Bengal,BA,2024-10-23,2024-10-28,5,2024_disposed,2024,2024,True,district
WBNP010095822024,WBNP01,Barasat District Judge,WB,West Bengal,BA,2024-10-23,2024-11-28,36,2024_disposed,2024,2024,True,district
WBJP010020422024,WBJP01,District and Session Judge,WB,West Bengal,BA,2024-05-24,2024-06-10,17,2024_disposed,2024,2024,True,district
WBJP010020432024,WBJP01,District and Session Judge,WB,West Bengal,BA,2024-05-24,2024-06-11,18,2024_disposed,2024,2024,True,district
WBJP010039372024,WBJP01,District and Session Judge,WB,West Bengal,BA,2024-09-23,2024-09-27,4,2024_disposed,2024,2024,True,district
WBNP010004702024,WBNP01,Barasat District Judge,WB,West Bengal,BA,2024-01-16,2024-01-29,13,2024_disposed,2024,2024,True,district
WBNP010004692024,WBNP01,Barasat District Judge,WB,West Bengal,BA,2024-01-16,2024-02-23,38,2024_disposed,2024,2024,True,district
WBNP010004712024,WBNP01,Barasat District Judge,WB,West Bengal,BA,2024-01-16,2024-03-07,51,2024_disposed,2024,2024,True,district
WBNP010012872024,WBNP01,Barasat District Judge,WB,West Bengal,BA,2024-02-12,2024-02-26,14,2024_disposed,2024,2024,True,district
WBNP010012892024,WBNP01,Barasat District Judge,WB,West Bengal,BA,2024-02-12,2024-03-18,35,2024_disposed,2024,2024,True,district
WBNP010012862024,WBNP01,Barasat District Judge,WB,West Bengal,BA,2024-02-12,2024-02-26,14,2024_disposed,2024,2024,True,district
WBNP010012882024,WBNP01,Barasat District Judge,WB,West Bengal,BA,2024-02-12,2024-05-10,88,2024_disposed,2024,2024,True,district
WBNP010012912024,WBNP01,Barasat District Judge,WB,West Bengal,BA,2024-02-12,2024-04-23,71,2024_disposed,2024,2024,True,district
WBNP010012922024,WBNP01,Barasat District Judge,WB,West Bengal,BA,2024-02-12,2024-04-01,49,2024_disposed,2024,2024,True,district
WBNP010012942024,WBNP01,Barasat District Judge,WB,West Bengal,BA,2024-02-12,2024-06-28,137,2024_disposed,2024,2024,True,district
WBNP010012932024,WBNP01,Barasat District Judge,WB,West Bengal,BA,2024-02-12,2024-04-23,71,2024_disposed,2024,2024,True,district
WBNP010012952024,WBNP01,Barasat District Judge,WB,West Bengal,BA,2024-02-12,2024-02-28,16,2024_disposed,2024,2024,True,district
WBNP010012902024,WBNP01,Barasat District Judge,WB,West Bengal,BA,2024-02-12,2024-03-05,22,2024_disposed,2024,2024,True,district
WBNP060005122024,WBNP06,ADJ Bongaon,WB,West Bengal,BA,2024-03-01,2024-03-04,3,2024_disposed,2024,2024,False,district
WBNP060005132024,WBNP06,ADJ Bongaon,WB,West Bengal,BA,2024-03-02,2024-03-15,13,2024_disposed,2024,2024,False,district
WBNP060005202024,WBNP06,ADJ Bongaon,WB,West Bengal,BA,2024-03-02,2024-03-05,3,2024_disposed,2024,2024,False,district
WBNP140042872024,WBNP14,Barrackpore Addl. District & Sessions Judge,WB,West Bengal,BA,2024-09-09,2024-09-18,9,2024_disposed,2024,2024,True,district
WBNP140042852024,WBNP14,Barrackpore Addl. District & Sessions Judge,WB,West Bengal,BA,2024-09-09,2024-09-19,10,2024_disposed,2024,2024,False,district
WBNP140042862024,WBNP14,Barrackpore Addl. District & Sessions Judge,WB,West Bengal,BA,2024-09-09,2024-09-20,11,2024_disposed,2024,2024,False,district
WBNP140042882024,WBNP14,Barrackpore Addl. District & Sessions Judge,WB,West Bengal,BA,2024-09-09,2024-09-19,10,2024_disposed,2024,2024,False,district
WBML010023902024,WBML01,"District and Sessions Judge, Malda",WB,West Bengal,BA,2024-04-16,2024-05-14,28,2024_disposed,2024,2024,True,district
WBML010015072024,WBML01,"District and Sessions Judge, Malda",WB,West Bengal,BA,2024-03-05,2024-05-15,71,2024_disposed,2024,2024,True,district
WBML010015082024,WBML01,"District and Sessions Judge, Malda",WB,West Bengal,BA,2024-03-05,2024-03-18,13,2024_disposed,2024,2024,False,district
WBML010015092024,WBML01,"District and Sessions Judge, Malda",WB,West Bengal,BA,2024-03-05,2024-03-18,13,2024_disposed,2024,2024,False,district
WBML010015102024,WBML01,"District and Sessions Judge, Malda",WB,West Bengal,BA,2024-03-05,2024-03-18,13,2024_disposed,2024,2024,False,district
WBML010023702024,WBML01,"District and Sessions Judge, Malda",WB,West Bengal,BA,2024-04-15,2024-04-25,10,2024_disposed,2024,2024,False,district
WBML010023802024,WBML01,"District and Sessions Judge, Malda",WB,West Bengal,BA,2024-04-16,2024-04-26,10,2024_disposed,2024,2024,False,district
WBML010023792024,WBML01,"District and Sessions Judge, Malda",WB,West Bengal,BA,2024-04-16,2024-04-26,10,2024_disposed,2024,2024,False,district
WBML010023782024,WBML01,"District and Sessions Judge, Malda",WB,West Bengal,BA,2024-04-16,2024-05-03,17,2024_disposed,2024,2024,False,district
WBML010023752024,WBML01,"District and Sessions Judge, Malda",WB,West Bengal,BA,2024-04-16,2024-04-26,10,2024_disposed,2024,2024,False,district
WBML010023812024,WBML01,"District and Sessions Judge, Malda",WB,West Bengal,BA,2024-04-16,2024-05-14,28,2024_disposed,2024,2024,True,district
WBML010015182024,WBML01,"District and Sessions Judge, Malda",WB,West Bengal,BA,2024-03-05,2024-03-18,13,2024_disposed,2024,2024,False,district
WBML010023772024,WBML01,"District and Sessions Judge, Malda",WB,West Bengal,BA,2024-04-16,2024-05-17,31,2024_disposed,2024,2024,False,district
WBML010023822024,WBML01,"District and Sessions Judge, Malda",WB,West Bengal,BA,2024-04-16,2024-04-26,10,2024_disposed,2024,2024,False,district
WBML010023842024,WBML01,"District and Sessions Judge, Malda",WB,West Bengal,BA,2024-04-16,2024-05-03,17,2024_disposed,2024,2024,False,district
WBML010023852024,WBML01,"District and Sessions Judge, Malda",WB,West Bengal,BA,2024-04-16,2024-05-03,17,2024_disposed,2024,2024,False,district
WBML010023872024,WBML01,"District and Sessions Judge, Malda",WB,West Bengal,BA,2024-04-16,2024-05-04,18,2024_disposed,2024,2024,False,district
WBML010023882024,WBML01,"District and Sessions Judge, Malda",WB,West Bengal,BA,2024-04-16,2024-05-04,18,2024_disposed,2024,2024,False,district
WBML010015172024,WBML01,"District and Sessions Judge, Malda",WB,West Bengal,BA,2024-03-05,2024-03-18,13,2024_disposed,2024,2024,False,district
WBML010023832024,WBML01,"District and Sessions Judge, Malda",WB,West Bengal,BA,2024-04-16,2024-05-10,24,2024_disposed,2024,2024,True,district
WBML010023892024,WBML01,"District and Sessions Judge, Malda",WB,West Bengal,BA,2024-04-16,2024-05-02,16,2024_disposed,2024,2024,False,district
WBML010023862024,WBML01,"District and Sessions Judge, Malda",WB,West Bengal,BA,2024-04-16,2024-05-03,17,2024_disposed,2024,2024,False,district
WBML010023762024,WBML01,"District and Sessions Judge, Malda",WB,West Bengal,BA,2024-04-16,2024-05-14,28,2024_disposed,2024,2024,True,district
WBPU010008422024,WBPU01,District and Session Judge Purulia,WB,West Bengal,BA,2024-04-01,2024-04-08,7,2024_disposed,2024,2024,True,district
WBPU010008432024,WBPU01,District and Session Judge Purulia,WB,West Bengal,BA,2024-04-01,2024-04-08,7,2024_disposed,2024,2024,True,district
WBPU010015122024,WBPU01,District and Session Judge Purulia,WB,West Bengal,BA,2024-06-26,2024-07-04,8,2024_disposed,2024,2024,True,district
WBPU010015132024,WBPU01,District and Session Judge Purulia,WB,West Bengal,BA,2024-06-26,2024-07-05,9,2024_disposed,2024,2024,True,district
WBPU010015142024,WBPU01,District and Session Judge Purulia,WB,West Bengal,BA,2024-06-26,2024-07-05,9,2024_disposed,2024,2024,True,district
WBNP140010522024,WBNP14,Barrackpore Addl. District & Sessions Judge,WB,West Bengal,BA,2024-03-13,2024-03-14,1,2024_disposed,2024,2024,False,district
WBNP100011362024,WBNP10,basirhat ADJ,WB,West Bengal,BA,2024-06-15,2024-06-20,5,2024_disposed,2024,2024,True,district
WBNP010000542024,WBNP01,Barasat District Judge,WB,West Bengal,BA,2024-01-03,2024-02-28,56,2024_disposed,2024,2024,True,district
WBNP010000532024,WBNP01,Barasat District Judge,WB,West Bengal,BA,2024-01-03,2024-02-28,56,2024_disposed,2024,2024,True,district
WBNP010032122024,WBNP01,Barasat District Judge,WB,West Bengal,BA,2024-04-09,2024-05-24,45,2024_disposed,2024,2024,True,district
WBNP010032132024,WBNP01,Barasat District Judge,WB,West Bengal,BA,2024-04-09,2024-04-26,17,2024_disposed,2024,2024,True,district
WBNP010032152024,WBNP01,Barasat District Judge,WB,West Bengal,BA,2024-04-09,2024-04-25,16,2024_disposed,2024,2024,True,district
WBNP010032142024,WBNP01,Barasat District Judge,WB,West Bengal,BA,2024-04-09,2024-04-26,17,2024_disposed,2024,2024,True,district
MP17020002382023,MP1702,FAMILY COURT DISTRICT REWA MP,MP,Madhya Pradesh,CS,2023-04-27,2024-11-25,578,2024_disposed,2023,2024,True,district
MP43020001822024,MP4302,FAMILY COURT DISTRICT RATLAM MP,MP,Madhya Pradesh,CS,2024-03-23,2024-12-16,268,2024_disposed,2024,2024,True,district
MP43020001862021,MP4302,FAMILY COURT DISTRICT RATLAM MP,MP,Madhya Pradesh,CS,2021-03-09,2024-05-07,1155,2024_disposed,2021,2024,True,district
MP18010050442022,MP1801,DISTRICT AND SESSIONS COURT SHAHDOL MP,MP,Madhya Pradesh,CS,2022-11-09,2024-09-17,678,2024_disposed,2022,2024,False,district
MP18020002632023,MP1802,FAMILY COURT DISTRICT SHAHDOL MP,MP,Madhya Pradesh,CS,2023-09-11,2024-04-18,220,2024_disposed,2023,2024,True,district
MP43010095932023,MP4301,DISTRICT AND SESSIONS COURT RATLAM MP,MP,Madhya Pradesh,CS,2023-10-27,2024-05-09,195,2024_disposed,2023,2024,True,district
MP18020002642024,MP1802,FAMILY COURT DISTRICT SHAHDOL MP,MP,Madhya Pradesh,CS,2024-09-02,2024-11-19,78,2024_disposed,2024,2024,True,district
MP18020002642022,MP1802,FAMILY COURT DISTRICT SHAHDOL MP,MP,Madhya Pradesh,CS,2022-09-14,2024-02-06,510,2024_disposed,2022,2024,True,district
MP18050005902024,MP1805,CIVIL COURT BEOHARI DISTRICT SHAHDOL,MP,Madhya Pradesh,CS,2024-03-04,2024-09-10,190,2024_disposed,2024,2024,True,district
MP18020000162022,MP1802,FAMILY COURT DISTRICT SHAHDOL MP,MP,Madhya Pradesh,CS,2022-01-06,2024-02-01,756,2024_disposed,2022,2024,True,district
MP18020000162023,MP1802,FAMILY COURT DISTRICT SHAHDOL MP,MP,Madhya Pradesh,CS,2023-01-05,2024-05-28,509,2024_disposed,2023,2024,True,district
MP18020000172023,MP1802,FAMILY COURT DISTRICT SHAHDOL MP,MP,Madhya Pradesh,CS,2023-01-06,2024-01-04,363,2024_disposed,2023,2024,True,district
MP50050016882024,MP5005,CIVIL COURT BAIHAR DISTRICT BALAGHAT,MP,Madhya Pradesh,CS,2024-09-24,2024-12-14,81,2024_disposed,2024,2024,True,district
MP15050014952021,MP1505,CIVIL COURT BINA DISTRICT SAGAR,MP,Madhya Pradesh,CS,2021-08-12,2024-03-15,946,2024_disposed,2021,2024,True,district
MP38080002902024,MP3808,CIVIL COURT GOHARGANJ DISTRICT RAISEN,MP,Madhya Pradesh,CS,2024-02-07,2024-08-31,206,2024_disposed,2024,2024,True,district
MP37020000522023,MP3702,FAMILY COURT DISTRICT SEHORE MP,MP,Madhya Pradesh,CS,2023-02-03,2024-04-05,427,2024_disposed,2023,2024,True,district
MP16020001292024,MP1602,FAMILY COURT DISTRICT CHHATARPUR MP,MP,Madhya Pradesh,CS,2024-02-28,2024-09-03,188,2024_disposed,2024,2024,True,district
MP16020001282020,MP1602,FAMILY COURT DISTRICT CHHATARPUR MP,MP,Madhya Pradesh,CS,2020-03-06,2024-03-11,1466,2020_filed,2020,2024,True,district
MP16020001282020,MP1602,FAMILY COURT DISTRICT CHHATARPUR MP,MP,Madhya Pradesh,CS,2020-03-06,2024-03-11,1466,2024_disposed,2020,2024,True,district
MP16020001302024,MP1602,FAMILY COURT DISTRICT CHHATARPUR MP,MP,Madhya Pradesh,CS,2024-02-28,2024-05-14,76,2024_disposed,2024,2024,True,district
MP16020001332024,MP1602,FAMILY COURT DISTRICT CHHATARPUR MP,MP,Madhya Pradesh,CS,2024-02-29,2024-09-11,195,2024_disposed,2024,2024,True,district
MP16020001362022,MP1602,FAMILY COURT DISTRICT CHHATARPUR MP,MP,Madhya Pradesh,CS,2022-03-11,2024-08-23,896,2024_disposed,2022,2024,True,district
MP16020001312023,MP1602,FAMILY COURT DISTRICT CHHATARPUR MP,MP,Madhya Pradesh,CS,2023-02-28,2024-02-26,363,2024_disposed,2023,2024,True,district
MP16020001372021,MP1602,FAMILY COURT DISTRICT CHHATARPUR MP,MP,Madhya Pradesh,CS,2021-03-08,2024-05-11,1160,2024_disposed,2021,2024,False,district
MP39020002552022,MP3902,FAIMILY COURT DISTRICT RAJGARH,MP,Madhya Pradesh,CS,2022-09-30,2024-12-17,809,2024_disposed,2022,2024,True,district
MP32050031582024,MP3205,CIVIL COURT SEODHA DISTRICT DATIA,MP,Madhya Pradesh,CS,2024-11-06,2024-12-19,43,2024_disposed,2024,2024,True,district
MP14080010182024,MP1408,CIVIL COURT GAROTH DISTRICT MANDSAUR,MP,Madhya Pradesh,CS,2024-07-10,2024-12-06,149,2024_disposed,2024,2024,True,district
MP19070016452021,MP1907,CIVIL COURT NAGOD DISTRICT SATNA,MP,Madhya Pradesh,CS,2021-06-25,2024-01-10,929,2024_disposed,2021,2024,True,district
MP19070016452022,MP1907,CIVIL COURT NAGOD DISTRICT SATNA,MP,Madhya Pradesh,CS,2022-05-13,2024-11-14,916,2024_disposed,2022,2024,False,district
MP70050003282021,MP7005,CIVIL COURT SUSNER DISTRICT AGAR MALWA,MP,Madhya Pradesh,CS,2021-03-25,2024-09-14,1269,2024_disposed,2021,2024,True,district
MP09020011592024,MP0902,FAMILY COURT DISTRICT INDORE MP,MP,Madhya Pradesh,CS,2024-03-14,2024-11-27,258,2024_disposed,2024,2024,True,district
MP09020011612024,MP0902,FAMILY COURT DISTRICT INDORE MP,MP,Madhya Pradesh,CS,2024-03-14,2024-09-27,197,2024_disposed,2024,2024,True,district
MP05050015742023,MP0505,CIVIL COURT PIPARIYA DISTRICT HOSHANGABAD,MP,Madhya Pradesh,CS,2023-07-01,2024-02-13,227,2024_disposed,2023,2024,True,district
MP70050003292021,MP7005,CIVIL COURT SUSNER DISTRICT AGAR MALWA,MP,Madhya Pradesh,CS,2021-03-25,2024-05-11,1143,2024_disposed,2021,2024,True,district
MP13050000152023,MP1305,CIVIL COURT KHACHROD DISTRICT UJJAIN,MP,Madhya Pradesh,CS,2023-01-03,2024-01-29,391,2024_disposed,2023,2024,True,district
MP19070001942022,MP1907,CIVIL COURT NAGOD DISTRICT SATNA,MP,Madhya Pradesh,CS,2022-01-13,2024-07-25,924,2024_disposed,2022,2024,True,district
MP15010118102023,MP1501,DISTRICT AND SESSIONS COURT SAGAR MP,MP,Madhya Pradesh,CS,2023-08-22,2024-12-14,480,2024_disposed,2023,2024,True,district
MP36070017812022,MP3607,CIVIL COURT NIWARI DISTRICT TIKAMGARH,MP,Madhya Pradesh,CS,2022-08-02,2024-11-21,842,2024_disposed,2022,2024,True,district
MP36070017782023,MP3607,CIVIL COURT NIWARI DISTRICT TIKAMGARH,MP,Madhya Pradesh,CS,2023-07-05,2024-12-14,528,2024_disposed,2023,2024,True,district
MP32050004732022,MP3205,CIVIL COURT SEODHA DISTRICT DATIA,MP,Madhya Pradesh,CS,2022-02-25,2024-05-11,806,2024_disposed,2022,2024,True,district
MP28020002622022,MP2802,FAMILY COURT DISTRICT CHHINDWARA MP,MP,Madhya Pradesh,CS,2022-04-12,2024-03-09,697,2024_disposed,2022,2024,True,district
MP28020002632022,MP2802,FAMILY COURT DISTRICT CHHINDWARA MP,MP,Madhya Pradesh,CS,2022-04-12,2024-03-13,701,2024_disposed,2022,2024,True,district
MP28020002602022,MP2802,FAMILY COURT DISTRICT CHHINDWARA MP,MP,Madhya Pradesh,CS,2022-04-12,2024-05-11,760,2024_disposed,2022,2024,True,district
MP28020002602023,MP2802,FAMILY COURT DISTRICT CHHINDWARA MP,MP,Madhya Pradesh,CS,2023-04-18,2024-09-03,504,2024_disposed,2023,2024,True,district
MP28020002612023,MP2802,FAMILY COURT DISTRICT CHHINDWARA MP,MP,Madhya Pradesh,CS,2023-04-18,2024-09-13,514,2024_disposed,2023,2024,True,district
MP28020002662020,MP2802,FAMILY COURT DISTRICT CHHINDWARA MP,MP,Madhya Pradesh,CS,2020-08-18,2024-05-31,1382,2020_filed,2020,2024,True,district
MP28020002662020,MP2802,FAMILY COURT DISTRICT CHHINDWARA MP,MP,Madhya Pradesh,CS,2020-08-18,2024-05-31,1382,2024_disposed,2020,2024,True,district
MP05050020612023,MP0505,CIVIL COURT PIPARIYA DISTRICT HOSHANGABAD,MP,Madhya Pradesh,CS,2023-08-09,2024-07-11,337,2024_disposed,2023,2024,True,district
MP05060001682024,MP0506,CIVIL COURT ITARSI DISTRICT HOSHANGABAD,MP,Madhya Pradesh,CS,2024-01-22,2024-03-11,49,2024_disposed,2024,2024,True,district
MP05060003342024,MP0506,CIVIL COURT ITARSI DISTRICT HOSHANGABAD,MP,Madhya Pradesh,CS,2024-02-13,2024-12-14,305,2024_disposed,2024,2024,True,district
MP14080006922024,MP1408,CIVIL COURT GAROTH DISTRICT MANDSAUR,MP,Madhya Pradesh,CS,2024-05-28,2024-12-10,196,2024_disposed,2024,2024,True,district
MP14080008942024,MP1408,CIVIL COURT GAROTH DISTRICT MANDSAUR,MP,Madhya Pradesh,CS,2024-06-29,2024-08-13,45,2024_disposed,2024,2024,True,district
MP15010050262024,MP1501,DISTRICT AND SESSIONS COURT SAGAR MP,MP,Madhya Pradesh,CS,2024-04-27,2024-05-13,16,2024_disposed,2024,2024,True,district
MP08020000172024,MP0802,FAMILY COURT DISTRICT GUNA MP,MP,Madhya Pradesh,CS,2024-01-08,2024-07-15,189,2024_disposed,2024,2024,True,district
MP28060014692021,MP2806,"CIVIL COURT SAUSAR, DISTRICT CHHINDWARA",MP,Madhya Pradesh,CS,2021-08-05,2024-01-18,896,2024_disposed,2021,2024,True,district
MP28060014692023,MP2806,"CIVIL COURT SAUSAR, DISTRICT CHHINDWARA",MP,Madhya Pradesh,CS,2023-08-03,2024-12-09,494,2024_disposed,2023,2024,True,district
MP28060021292022,MP2806,"CIVIL COURT SAUSAR, DISTRICT CHHINDWARA",MP,Madhya Pradesh,CS,2022-12-03,2024-05-25,539,2024_disposed,2022,2024,True,district
MP28070001952022,MP2807,CIVIL COURT AMARWARA DISTRICT CHHINDWARA,MP,Madhya Pradesh,CS,2022-02-03,2024-02-09,736,2024_disposed,2022,2024,True,district
MP52020001772023,MP5202,FAMILY COURT DISTRCIT DINDORI MP,MP,Madhya Pradesh,CS,2023-05-10,2024-01-16,251,2024_disposed,2023,2024,True,district
MP52020001782023,MP5202,FAMILY COURT DISTRCIT DINDORI MP,MP,Madhya Pradesh,CS,2023-05-10,2024-02-05,271,2024_disposed,2023,2024,True,district
MP52020001862023,MP5202,FAMILY COURT DISTRCIT DINDORI MP,MP,Madhya Pradesh,CS,2023-05-12,2024-07-04,419,2024_disposed,2023,2024,True,district
MP36070010502024,MP3607,CIVIL COURT NIWARI DISTRICT TIKAMGARH,MP,Madhya Pradesh,CS,2024-05-01,2024-11-11,194,2024_disposed,2024,2024,True,district
MP37060016272024,MP3706,CIVIL COURT NASRULLAGANJ DISTRICT SEHORE,MP,Madhya Pradesh,CS,2024-08-28,2024-12-11,105,2024_disposed,2024,2024,True,district
MP37050012482024,MP3705,CIVIL COURT BUDHNI DISTRICT SEHORE,MP,Madhya Pradesh,CS,2024-08-05,2024-09-27,53,2024_disposed,2024,2024,True,district
MP15010037792023,MP1501,DISTRICT AND SESSIONS COURT SAGAR MP,MP,Madhya Pradesh,CS,2023-03-21,2024-07-25,492,2024_disposed,2023,2024,True,district
MP05060006762024,MP0506,CIVIL COURT ITARSI DISTRICT HOSHANGABAD,MP,Madhya Pradesh,CS,2024-03-18,2024-06-19,93,2024_disposed,2024,2024,True,district
MP05060009372024,MP0506,CIVIL COURT ITARSI DISTRICT HOSHANGABAD,MP,Madhya Pradesh,CS,2024-04-29,2024-09-25,149,2024_disposed,2024,2024,True,district
MP39020000472023,MP3902,FAIMILY COURT DISTRICT RAJGARH,MP,Madhya Pradesh,CS,2023-02-28,2024-05-11,438,2024_disposed,2023,2024,True,district
MP39020000482022,MP3902,FAIMILY COURT DISTRICT RAJGARH,MP,Madhya Pradesh,CS,2022-02-04,2024-02-09,735,2024_disposed,2022,2024,True,district
MP28020003142021,MP2802,FAMILY COURT DISTRICT CHHINDWARA MP,MP,Madhya Pradesh,CS,2021-07-15,2024-11-27,1231,2024_disposed,2021,2024,True,district
MP07060005932024,MP0706,CIVIL COURT DABRA DISTRICT GWALIOR,MP,Madhya Pradesh,CS,2024-02-06,2024-09-14,221,2024_disposed,2024,2024,True,district
MP44020005592023,MP4402,FAMILY COURT DISTRICT NEEMUCH MP,MP,Madhya Pradesh,CS,2023-12-20,2024-07-04,197,2024_disposed,2023,2024,True,district
MP44020005662023,MP4402,FAMILY COURT DISTRICT NEEMUCH MP,MP,Madhya Pradesh,CS,2023-12-23,2024-05-04,133,2024_disposed,2023,2024,True,district
MP44020005612023,MP4402,FAMILY COURT DISTRICT NEEMUCH MP,MP,Madhya Pradesh,CS,2023-12-21,2024-07-01,193,2024_disposed,2023,2024,True,district
MP15010054822024,MP1501,DISTRICT AND SESSIONS COURT SAGAR MP,MP,Madhya Pradesh,CS,2024-05-09,2024-05-29,20,2024_disposed,2024,2024,True,district
MP07020006502019,MP0702,FAMILY COURT DISTRICT GWALIOR MP,MP,Madhya Pradesh,CS,2019-06-25,2024-02-12,1693,2024_disposed,2019,2024,True,district
MP07020012182022,MP0702,FAMILY COURT DISTRICT GWALIOR MP,MP,Madhya Pradesh,CS,2019-07-17,2024-12-14,1977,2024_disposed,2019,2024,True,district
MP07020024922023,MP0702,FAMILY COURT DISTRICT GWALIOR MP,MP,Madhya Pradesh,CS,2023-10-17,2024-03-21,156,2024_disposed,2023,2024,True,district
MP07020012172023,MP0702,FAMILY COURT DISTRICT GWALIOR MP,MP,Madhya Pradesh,CS,2023-06-12,2024-02-23,256,2024_disposed,2023,2024,True,district
MP42060004112024,MP4206,CIVIL COURT SHUJALPUR DISTRICT SHAJAPUR,MP,Madhya Pradesh,CS,2024-02-06,2024-08-21,197,2024_disposed,2024,2024,True,district
MP44020005472023,MP4402,FAMILY COURT DISTRICT NEEMUCH MP,MP,Madhya Pradesh,CS,2023-12-12,2024-04-05,115,2024_disposed,2023,2024,True,district
MP70050000972021,MP7005,CIVIL COURT SUSNER DISTRICT AGAR MALWA,MP,Madhya Pradesh,CS,2021-01-27,2024-03-09,1137,2024_disposed,2021,2024,True,district
MP13050006492023,MP1305,CIVIL COURT KHACHROD DISTRICT UJJAIN,MP,Madhya Pradesh,CS,2023-07-18,2024-03-09,235,2024_disposed,2023,2024,True,district
MP13050006472024,MP1305,CIVIL COURT KHACHROD DISTRICT UJJAIN,MP,Madhya Pradesh,CS,2024-07-09,2024-12-14,158,2024_disposed,2024,2024,True,district
MP13070001682024,MP1307,CIVIL COURT TARANA DISTRICT UJJIAN,MP,Madhya Pradesh,CS,2024-01-20,2024-05-11,112,2024_disposed,2024,2024,True,district
MP07020004772019,MP0702,FAMILY COURT DISTRICT GWALIOR MP,MP,Madhya Pradesh,CS,2018-08-29,2024-02-19,2000,2024_disposed,2018,2024,True,district
MP07020004782024,MP0702,FAMILY COURT DISTRICT GWALIOR MP,MP,Madhya Pradesh,CS,2024-02-23,2024-09-14,204,2024_disposed,2024,2024,True,district
MP15010064092024,MP1501,DISTRICT AND SESSIONS COURT SAGAR MP,MP,Madhya Pradesh,CS,2024-05-27,2024-12-07,194,2024_disposed,2024,2024,True,district
MP15010064082024,MP1501,DISTRICT AND SESSIONS COURT SAGAR MP,MP,Madhya Pradesh,CS,2024-05-27,2024-11-04,161,2024_disposed,2024,2024,True,district
MP44020005442023,MP4402,FAMILY COURT DISTRICT NEEMUCH MP,MP,Madhya Pradesh,CS,2023-12-11,2024-07-04,206,2024_disposed,2023,2024,True,district
MP44020005402023,MP4402,FAMILY COURT DISTRICT NEEMUCH MP,MP,Madhya Pradesh,CS,2023-12-07,2024-09-14,282,2024_disposed,2023,2024,True,district
MP13060015862023,MP1306,CIVIL COURT BADNAGAR DISTRICT UJJAIN,MP,Madhya Pradesh,CS,2023-07-22,2024-07-05,349,2024_disposed,2023,2024,True,district
MP15010002232024,MP1501,DISTRICT AND SESSIONS COURT SAGAR MP,MP,Madhya Pradesh,CS,2024-01-06,2024-11-25,324,2024_disposed,2024,2024,True,district
MP07020004542019,MP0702,FAMILY COURT DISTRICT GWALIOR MP,MP,Madhya Pradesh,CS,2019-07-26,2024-02-10,1660,2024_disposed,2019,2024,True,district
MP07020009732024,MP0702,FAMILY COURT DISTRICT GWALIOR MP,MP,Madhya Pradesh,CS,2024-04-22,2024-12-03,225,2024_disposed,2024,2024,True,district
MP07020004482022,MP0702,FAMILY COURT DISTRICT GWALIOR MP,MP,Madhya Pradesh,CS,2022-04-20,2024-01-04,624,2024_disposed,2022,2024,True,district
MP07020004522024,MP0702,FAMILY COURT DISTRICT GWALIOR MP,MP,Madhya Pradesh,CS,2024-02-21,2024-09-12,204,2024_disposed,2024,2024,True,district
MP07020004492024,MP0702,FAMILY COURT DISTRICT GWALIOR MP,MP,Madhya Pradesh,CS,2024-02-21,2024-09-06,198,2024_disposed,2024,2024,True,district
MP07020009682024,MP0702,FAMILY COURT DISTRICT GWALIOR MP,MP,Madhya Pradesh,CS,2024-04-22,2024-10-25,186,2024_disposed,2024,2024,True,district
MP07020009712024,MP0702,FAMILY COURT DISTRICT GWALIOR MP,MP,Madhya Pradesh,CS,2024-04-22,2024-09-10,141,2024_disposed,2024,2024,True,district
MP07020009752023,MP0702,FAMILY COURT DISTRICT GWALIOR MP,MP,Madhya Pradesh,CS,2023-04-27,2024-10-22,544,2024_disposed,2023,2024,True,district
MP07020016192024,MP0702,FAMILY COURT DISTRICT GWALIOR MP,MP,Madhya Pradesh,CS,2024-07-05,2024-12-06,154,2024_disposed,2024,2024,True,district
ODMA030000972008,ODMA03,Civil Judge Senior Division,OD,Odisha,CS,2008-11-04,2024-02-12,5578,2024_disposed,2008,2024,True,district
ODKP060007452023,ODKP06,"Civil Judge Senior Division, Koraput",OD,Odisha,CS,2023-10-12,2024-11-08,393,2024_disposed,2023,2024,True,district
ODKP060007442023,ODKP06,"Civil Judge Senior Division, Koraput",OD,Odisha,CS,2023-10-12,2024-01-12,92,2024_disposed,2023,2024,False,district
ODSU0A0003312022,ODSU0A,JMFC Court Rajgangpur,OD,Odisha,CS,2022-05-21,2024-01-16,605,2024_disposed,2022,2024,True,district
ODSU060001322015,ODSU06,cjsd court rourkela,OD,Odisha,CS,2015-04-16,2024-09-21,3446,2024_disposed,2015,2024,True,district
ODSU060001312021,ODSU06,cjsd court rourkela,OD,Odisha,CS,2021-03-19,2024-12-14,1366,2024_disposed,2021,2024,True,district
ODSU060001322023,ODSU06,cjsd court rourkela,OD,Odisha,CS,2023-02-22,2024-07-24,518,2024_disposed,2023,2024,True,district
ODSU060003472020,ODSU06,cjsd court rourkela,OD,Odisha,CS,2020-12-16,2024-11-04,1419,2020_filed,2020,2024,True,district
ODSU060003472020,ODSU06,cjsd court rourkela,OD,Odisha,CS,2020-12-16,2024-11-04,1419,2024_disposed,2020,2024,True,district
ODSU0A0003302017,ODSU0A,JMFC Court Rajgangpur,OD,Odisha,CS,2017-05-19,2024-03-23,2500,2024_disposed,2017,2024,True,district
ODSU0A0003322022,ODSU0A,JMFC Court Rajgangpur,OD,Odisha,CS,2022-05-21,2024-12-14,938,2024_disposed,2022,2024,True,district
ODGM0D0005772022,ODGM0D,"Senior Civil Judge, Aska",OD,Odisha,CS,2022-08-26,2024-02-07,530,2024_disposed,2022,2024,True,district
ODSU020002862024,ODSU02,Civil Judge Senior Division Court Sundargarh,OD,Odisha,CS,2024-08-05,2024-09-14,40,2024_disposed,2024,2024,True,district
ODSU020002872018,ODSU02,Civil Judge Senior Division Court Sundargarh,OD,Odisha,CS,2018-07-10,2024-03-22,2082,2024_disposed,2018,2024,True,district
ODSU020002882017,ODSU02,Civil Judge Senior Division Court Sundargarh,OD,Odisha,CS,2017-06-27,2024-09-14,2636,2024_disposed,2017,2024,True,district
ODSU020002852017,ODSU02,Civil Judge Senior Division Court Sundargarh,OD,Odisha,CS,2017-06-27,2024-05-11,2510,2024_disposed,2017,2024,True,district
ODBK030023862018,ODBK03,"Civil Judge Senior Division,Bhadrak",OD,Odisha,CS,2018-12-24,2024-06-18,2003,2024_disposed,2018,2024,False,district
ODBK030023862017,ODBK03,"Civil Judge Senior Division,Bhadrak",OD,Odisha,CS,2017-12-27,2024-10-21,2490,2024_disposed,2017,2024,False,district
ODBK030023832018,ODBK03,"Civil Judge Senior Division,Bhadrak",OD,Odisha,CS,2018-12-24,2024-06-18,2003,2024_disposed,2018,2024,False,district
ODBK030020222019,ODBK03,"Civil Judge Senior Division,Bhadrak",OD,Odisha,CS,2019-10-14,2024-01-06,1545,2024_disposed,2019,2024,False,district
ODBK030020232023,ODBK03,"Civil Judge Senior Division,Bhadrak",OD,Odisha,CS,2023-09-27,2024-05-11,227,2024_disposed,2023,2024,True,district
ODBK030020252021,ODBK03,"Civil Judge Senior Division,Bhadrak",OD,Odisha,CS,2021-10-26,2024-02-16,843,2024_disposed,2021,2024,False,district
ODBK030020272024,ODBK03,"Civil Judge Senior Division,Bhadrak",OD,Odisha,CS,2024-11-14,2024-12-14,30,2024_disposed,2024,2024,False,district
ODBK030020242017,ODBK03,"Civil Judge Senior Division,Bhadrak",OD,Odisha,CS,2017-11-01,2024-07-29,2462,2024_disposed,2017,2024,False,district
ODBK030020262018,ODBK03,"Civil Judge Senior Division,Bhadrak",OD,Odisha,CS,2018-11-22,2024-06-18,2035,2024_disposed,2018,2024,False,district
ODBK030023852023,ODBK03,"Civil Judge Senior Division,Bhadrak",OD,Odisha,CS,2023-12-04,2024-03-09,96,2024_disposed,2023,2024,True,district
ODBK030020272018,ODBK03,"Civil Judge Senior Division,Bhadrak",OD,Odisha,CS,2018-11-22,2024-06-18,2035,2024_disposed,2018,2024,False,district
ODBK030023852017,ODBK03,"Civil Judge Senior Division,Bhadrak",OD,Odisha,CS,2017-12-27,2024-04-12,2298,2024_disposed,2017,2024,True,district
ODBK030023872017,ODBK03,"Civil Judge Senior Division,Bhadrak",OD,Odisha,CS,2017-12-27,2024-02-06,2232,2024_disposed,2017,2024,False,district
ODBK030023852022,ODBK03,"Civil Judge Senior Division,Bhadrak",OD,Odisha,CS,2022-12-22,2024-12-09,718,2024_disposed,2022,2024,True,district
ODBK030020272017,ODBK03,"Civil Judge Senior Division,Bhadrak",OD,Odisha,CS,2017-11-01,2024-06-18,2421,2024_disposed,2017,2024,False,district
ODBK030023822022,ODBK03,"Civil Judge Senior Division,Bhadrak",OD,Odisha,CS,2022-12-21,2024-11-28,708,2024_disposed,2022,2024,False,district
ODCU070000612020,ODCU07,"Civil Judge Sr. Division,Athagarh",OD,Odisha,CS,2020-02-29,2024-02-29,1461,2020_filed,2020,2024,False,district
ODCU070000612020,ODCU07,"Civil Judge Sr. Division,Athagarh",OD,Odisha,CS,2020-02-29,2024-02-29,1461,2024_disposed,2020,2024,False,district
ODCU070000632012,ODCU07,"Civil Judge Sr. Division,Athagarh",OD,Odisha,CS,2012-11-07,2024-07-09,4262,2024_disposed,2012,2024,False,district
ODCU070000622021,ODCU07,"Civil Judge Sr. Division,Athagarh",OD,Odisha,CS,2021-02-10,2024-07-11,1247,2024_disposed,2021,2024,False,district
ODMA060000462012,ODMA06,Senior Civil Judge,OD,Odisha,CS,2012-06-27,2024-09-23,4471,2024_disposed,2012,2024,False,district
ODSU020001722018,ODSU02,Civil Judge Senior Division Court Sundargarh,OD,Odisha,CS,2018-04-23,2024-09-11,2333,2024_disposed,2018,2024,True,district
ODSU020003412016,ODSU02,Civil Judge Senior Division Court Sundargarh,OD,Odisha,CS,2016-08-10,2024-04-09,2799,2024_disposed,2016,2024,True,district
ODSU020003412022,ODSU02,Civil Judge Senior Division Court Sundargarh,OD,Odisha,CS,2022-08-08,2024-11-05,820,2024_disposed,2022,2024,True,district
ODSU020001752023,ODSU02,Civil Judge Senior Division Court Sundargarh,OD,Odisha,CS,2023-03-27,2024-04-10,380,2024_disposed,2023,2024,True,district
ODSU030022992017,ODSU03,Chief Judicial Magistrate Court Sundargarh,OD,Odisha,CS,2017-11-01,2024-05-13,2385,2024_disposed,2017,2024,False,district
ODJG030008102023,ODJG03,"Civil Judge (Sr.Divn), Jagatsinghpur",OD,Odisha,CS,2023-08-14,2024-02-03,173,2024_disposed,2023,2024,True,district
ODKJ090002752016,ODKJ09,Civil Judge Sr. Divn. Anandpur,OD,Odisha,CS,2016-08-11,2024-07-31,2911,2024_disposed,2016,2024,True,district
ODKJ090002752017,ODKJ09,Civil Judge Sr. Divn. Anandpur,OD,Odisha,CS,2017-07-25,2024-02-15,2396,2024_disposed,2017,2024,True,district
ODKJ090000902022,ODKJ09,Civil Judge Sr. Divn. Anandpur,OD,Odisha,CS,2022-04-26,2024-05-18,753,2024_disposed,2022,2024,True,district
ODBU030000862018,ODBU03,"Civil Judge(Senior Division),Boudh",OD,Odisha,CS,2018-07-09,2024-09-18,2263,2024_disposed,2018,2024,True,district
ODBU030000902023,ODBU03,"Civil Judge(Senior Division),Boudh",OD,Odisha,CS,2023-05-20,2024-09-13,482,2024_disposed,2023,2024,True,district
ODBU030000902022,ODBU03,"Civil Judge(Senior Division),Boudh",OD,Odisha,CS,2022-06-21,2024-07-31,771,2024_disposed,2022,2024,True,district
ODBU030000892022,ODBU03,"Civil Judge(Senior Division),Boudh",OD,Odisha,CS,2022-06-20,2024-07-12,753,2024_disposed,2022,2024,True,district
ODSU020007722017,ODSU02,Civil Judge Senior Division Court Sundargarh,OD,Odisha,CS,2017-11-01,2024-03-09,2320,2024_disposed,2017,2024,True,district
ODSU020007692015,ODSU02,Civil Judge Senior Division Court Sundargarh,OD,Odisha,CS,2015-10-08,2024-01-03,3009,2024_disposed,2015,2024,True,district
ODSU020007692017,ODSU02,Civil Judge Senior Division Court Sundargarh,OD,Odisha,CS,2017-11-01,2024-09-14,2509,2024_disposed,2017,2024,False,district
ODSU030006212014,ODSU03,Chief Judicial Magistrate Court Sundargarh,OD,Odisha,CS,2014-11-18,2024-10-05,3609,2024_disposed,2014,2024,False,district
ODSU020007982017,ODSU02,Civil Judge Senior Division Court Sundargarh,OD,Odisha,CS,2017-11-08,2024-03-09,2313,2024_disposed,2017,2024,True,district
ODSU020007992017,ODSU02,Civil Judge Senior Division Court Sundargarh,OD,Odisha,CS,2017-11-08,2024-03-09,2313,2024_disposed,2017,2024,True,district
ODSU020007962017,ODSU02,Civil Judge Senior Division Court Sundargarh,OD,Odisha,CS,2017-11-08,2024-12-14,2593,2024_disposed,2017,2024,True,district
ODCU070000022014,ODCU07,"Civil Judge Sr. Division,Athagarh",OD,Odisha,CS,2014-01-07,2024-08-16,3874,2024_disposed,2014,2024,False,district
ODCU070000022013,ODCU07,"Civil Judge Sr. Division,Athagarh",OD,Odisha,CS,2013-02-02,2024-01-31,4015,2024_disposed,2013,2024,True,district
ODCU070000032008,ODCU07,"Civil Judge Sr. Division,Athagarh",OD,Odisha,CS,2008-09-23,2024-07-02,5761,2024_disposed,2008,2024,False,district
ODCU070000032006,ODCU07,"Civil Judge Sr. Division,Athagarh",OD,Odisha,CS,2006-03-27,2024-01-22,6510,2024_disposed,2006,2024,False,district
ODCU070000012024,ODCU07,"Civil Judge Sr. Division,Athagarh",OD,Odisha,CS,2024-01-02,2024-08-29,240,2024_disposed,2024,2024,True,district
ODCU070000012021,ODCU07,"Civil Judge Sr. Division,Athagarh",OD,Odisha,CS,2021-01-04,2024-07-09,1282,2024_disposed,2021,2024,False,district
ODCU070000012007,ODCU07,"Civil Judge Sr. Division,Athagarh",OD,Odisha,CS,2007-02-28,2024-06-27,6329,2024_disposed,2007,2024,False,district
ODCU070000042014,ODCU07,"Civil Judge Sr. Division,Athagarh",OD,Odisha,CS,2014-04-02,2024-06-21,3733,2024_disposed,2014,2024,False,district
ODCU070001832019,ODCU07,"Civil Judge Sr. Division,Athagarh",OD,Odisha,CS,2019-04-10,2024-02-29,1786,2024_disposed,2019,2024,False,district
ODCU070000032003,ODCU07,"Civil Judge Sr. Division,Athagarh",OD,Odisha,CS,2003-03-26,2024-07-02,7769,2024_disposed,2003,2024,False,district
ODCU070000042023,ODCU07,"Civil Judge Sr. Division,Athagarh",OD,Odisha,CS,2023-01-02,2024-06-21,536,2024_disposed,2023,2024,False,district
ODCU070000042019,ODCU07,"Civil Judge Sr. Division,Athagarh",OD,Odisha,CS,2019-01-03,2024-03-11,1894,2024_disposed,2019,2024,False,district
ODCU070001832018,ODCU07,"Civil Judge Sr. Division,Athagarh",OD,Odisha,CS,2018-08-21,2024-07-01,2141,2024_disposed,2018,2024,False,district
ODMK030001132021,ODMK03,"Civil Judge Senior Division, Malkangiri",OD,Odisha,CS,2021-11-10,2024-10-05,1060,2024_disposed,2021,2024,True,district
ODJG030002872023,ODJG03,"Civil Judge (Sr.Divn), Jagatsinghpur",OD,Odisha,CS,2023-04-04,2024-03-09,340,2024_disposed,2023,2024,False,district
ODJG040008822022,ODJG04,"Civil Judge Senior Division, Kujanga",OD,Odisha,CS,2022-10-28,2024-03-09,498,2024_disposed,2022,2024,True,district
ODJG040008842023,ODJG04,"Civil Judge Senior Division, Kujanga",OD,Odisha,CS,2023-09-27,2024-12-06,436,2024_disposed,2023,2024,False,district
ODJG040008902022,ODJG04,"Civil Judge Senior Division, Kujanga",OD,Odisha,CS,2022-10-31,2024-10-07,707,2024_disposed,2022,2024,True,district
ODJG040008892022,ODJG04,"Civil Judge Senior Division, Kujanga",OD,Odisha,CS,2022-10-31,2024-10-01,701,2024_disposed,2022,2024,False,district
ODJG040008892023,ODJG04,"Civil Judge Senior Division, Kujanga",OD,Odisha,CS,2023-10-03,2024-03-09,158,2024_disposed,2023,2024,True,district
ODJG040009002022,ODJG04,"Civil Judge Senior Division, Kujanga",OD,Odisha,CS,2022-11-01,2024-11-29,759,2024_disposed,2022,2024,False,district
ODJG040008932022,ODJG04,"Civil Judge Senior Division, Kujanga",OD,Odisha,CS,2022-10-31,2024-12-17,778,2024_disposed,2022,2024,False,district
ODJG040008912022,ODJG04,"Civil Judge Senior Division, Kujanga",OD,Odisha,CS,2022-10-31,2024-11-22,753,2024_disposed,2022,2024,False,district
ODCU070000092022,ODCU07,"Civil Judge Sr. Division,Athagarh",OD,Odisha,CS,2022-01-05,2024-08-30,968,2024_disposed,2022,2024,True,district
ODCU070000092010,ODCU07,"Civil Judge Sr. Division,Athagarh",OD,Odisha,CS,2010-10-29,2024-07-09,5002,2024_disposed,2010,2024,False,district
ODCU070000112003,ODCU07,"Civil Judge Sr. Division,Athagarh",OD,Odisha,CS,2003-08-21,2024-06-21,7610,2024_disposed,2003,2024,False,district
ODBK030024082022,ODBK03,"Civil Judge Senior Division,Bhadrak",OD,Odisha,CS,2022-12-26,2024-06-18,540,2024_disposed,2022,2024,False,district
ODBK030024062018,ODBK03,"Civil Judge Senior Division,Bhadrak",OD,Odisha,CS,2018-12-26,2024-06-18,2001,2024_disposed,2018,2024,False,district
ODGM0F0000022024,ODGM0F,Civil Judge Sr Divison Khalikote,OD,Odisha,CS,2024-01-05,2024-02-12,38,2024_disposed,2024,2024,True,district
ODGM0F0000022023,ODGM0F,Civil Judge Sr Divison Khalikote,OD,Odisha,CS,2023-01-04,2024-03-09,430,2024_disposed,2023,2024,True,district
ODGM0F0000042024,ODGM0F,Civil Judge Sr Divison Khalikote,OD,Odisha,CS,2024-01-05,2024-04-16,102,2024_disposed,2024,2024,True,district
ODGM0F0000052024,ODGM0F,Civil Judge Sr Divison Khalikote,OD,Odisha,CS,2024-01-05,2024-12-21,351,2024_disposed,2024,2024,True,district
ODAN010009632024,ODAN01,"District and Sessions Judge, Anugul",OD,Odisha,CS,2024-06-26,2024-07-20,24,2024_disposed,2024,2024,True,district
ODGM0F0001962022,ODGM0F,Civil Judge Sr Divison Khalikote,OD,Odisha,CS,2022-08-16,2024-03-14,576,2024_disposed,2022,2024,True,district
ODBU030001072022,ODBU03,"Civil Judge(Senior Division),Boudh",OD,Odisha,CS,2022-07-30,2024-09-03,766,2024_disposed,2022,2024,True,district
ODBU030001062021,ODBU03,"Civil Judge(Senior Division),Boudh",OD,Odisha,CS,2021-07-27,2024-06-27,1066,2024_disposed,2021,2024,True,district
ODBU030001102023,ODBU03,"Civil Judge(Senior Division),Boudh",OD,Odisha,CS,2023-07-24,2024-08-07,380,2024_disposed,2023,2024,True,district
ODBU030001102021,ODBU03,"Civil Judge(Senior Division),Boudh",OD,Odisha,CS,2021-07-29,2024-12-16,1236,2024_disposed,2021,2024,True,district
ODAN030002622022,ODAN03,"Civil Judge Sr. Division, Anugul",OD,Odisha,CS,2022-04-12,2024-01-31,659,2024_disposed,2022,2024,True,district
ODAN030002632023,ODAN03,"Civil Judge Sr. Division, Anugul",OD,Odisha,CS,2023-06-19,2024-04-11,297,2024_disposed,2023,2024,True,district
ODAN030002652017,ODAN03,"Civil Judge Sr. Division, Anugul",OD,Odisha,CS,2017-07-12,2024-06-26,2541,2024_disposed,2017,2024,False,district
ODAN030002652022,ODAN03,"Civil Judge Sr. Division, Anugul",OD,Odisha,CS,2022-04-13,2024-01-08,635,2024_disposed,2022,2024,True,district
ODAN030002642023,ODAN03,"Civil Judge Sr. Division, Anugul",OD,Odisha,CS,2023-06-19,2024-06-26,373,2024_disposed,2023,2024,False,district
ODAN030002632024,ODAN03,"Civil Judge Sr. Division, Anugul",OD,Odisha,CS,2024-06-17,2024-08-12,56,2024_disposed,2024,2024,False,district
ODAN030002632022,ODAN03,"Civil Judge Sr. Division, Anugul",OD,Odisha,CS,2022-04-12,2024-06-26,806,2024_disposed,2022,2024,False,district
KLKK450000692023,KLKK45,Commercial Court Kozhikode,KL,Kerala,CS,2023-02-20,2024-10-30,618,2024_disposed,2023,2024,True,district
KLKK450000702022,KLKK45,Commercial Court Kozhikode,KL,Kerala,CS,2022-01-25,2024-03-26,791,2024_disposed,2022,2024,True,district
KLKK450000592024,KLKK45,Commercial Court Kozhikode,KL,Kerala,CS,2024-04-12,2024-07-12,91,2024_disposed,2024,2024,True,district
KLKK450000622024,KLKK45,Commercial Court Kozhikode,KL,Kerala,CS,2024-05-20,2024-11-18,182,2024_disposed,2024,2024,True,district
KLKK450000612023,KLKK45,Commercial Court Kozhikode,KL,Kerala,CS,2023-02-14,2024-09-07,571,2024_disposed,2023,2024,True,district
KLKK450000632024,KLKK45,Commercial Court Kozhikode,KL,Kerala,CS,2024-05-20,2024-07-26,67,2024_disposed,2024,2024,True,district
KLKN270000242023,KLKN27,Commercial Court Thalassery,KL,Kerala,CS,2023-08-09,2024-09-10,398,2024_disposed,2023,2024,True,district
KLID320000222023,KLID32,Commercial Court Thodupuzha Idukki,KL,Kerala,CS,2023-02-14,2024-01-17,337,2024_disposed,2023,2024,True,district
KLID320000322023,KLID32,Commercial Court Thodupuzha Idukki,KL,Kerala,CS,2023-05-24,2024-03-22,303,2024_disposed,2023,2024,True,district
KLID320000262023,KLID32,Commercial Court Thodupuzha Idukki,KL,Kerala,CS,2023-03-21,2024-06-19,456,2024_disposed,2023,2024,True,district
KLID320000352023,KLID32,Commercial Court Thodupuzha Idukki,KL,Kerala,CS,2023-06-01,2024-04-05,309,2024_disposed,2023,2024,True,district
KLID320000372023,KLID32,Commercial Court Thodupuzha Idukki,KL,Kerala,CS,2023-06-16,2024-05-22,341,2024_disposed,2023,2024,True,district
KLID320000312020,KLID32,Commercial Court Thodupuzha Idukki,KL,Kerala,CS,2020-10-27,2024-07-20,1362,2020_filed,2020,2024,True,district
KLID320000312020,KLID32,Commercial Court Thodupuzha Idukki,KL,Kerala,CS,2020-10-27,2024-07-20,1362,2024_disposed,2020,2024,True,district
KLID320000382023,KLID32,Commercial Court Thodupuzha Idukki,KL,Kerala,CS,2023-06-19,2024-08-08,416,2024_disposed,2023,2024,True,district
KLID320000392023,KLID32,Commercial Court Thodupuzha Idukki,KL,Kerala,CS,2023-06-20,2024-03-01,255,2024_disposed,2023,2024,True,district
KLID340000172023,KLID34,"Commercial Court, Devikulam",KL,Kerala,CS,2023-08-10,2024-06-12,307,2024_disposed,2023,2024,True,district
KLID340000142023,KLID34,"Commercial Court, Devikulam",KL,Kerala,CS,2023-04-12,2024-12-05,603,2024_disposed,2023,2024,True,district
KLKK450001542023,KLKK45,,KL,Kerala,CS,2023-08-09,2024-10-24,442,2024_disposed,2023,2024,True,district
KLKK450001602023,KLKK45,,KL,Kerala,CS,2023-09-08,2024-09-26,384,2024_disposed,2023,2024,True,district
KLKN260000012023,KLKN26,,KL,Kerala,CS,2023-01-04,2024-03-22,443,2024_disposed,2023,2024,True,district
KLKK450000382023,KLKK45,Commercial Court Kozhikode,KL,Kerala,CS,2023-01-24,2024-01-10,351,2024_disposed,2023,2024,True,district
KLKK450007552021,KLKK45,Commercial Court Kozhikode,KL,Kerala,CS,2021-07-27,2024-10-04,1165,2024_disposed,2021,2024,True,district
KLKK450000932020,KLKK45,Commercial Court Kozhikode,KL,Kerala,CS,2020-11-10,2024-09-26,1416,2020_filed,2020,2024,True,district
KLKK450000932020,KLKK45,Commercial Court Kozhikode,KL,Kerala,CS,2020-11-10,2024-09-26,1416,2024_disposed,2020,2024,True,district
KLKK450000922023,KLKK45,Commercial Court Kozhikode,KL,Kerala,CS,2023-03-23,2024-07-01,466,2024_disposed,2023,2024,True,district
KLKK450000992023,KLKK45,Commercial Court Kozhikode,KL,Kerala,CS,2023-04-04,2024-08-24,508,2024_disposed,2023,2024,True,district
KLKK450000982024,KLKK45,Commercial Court Kozhikode,KL,Kerala,CS,2024-06-24,2024-11-08,137,2024_disposed,2024,2024,True,district
KLKK450000972023,KLKK45,Commercial Court Kozhikode,KL,Kerala,CS,2023-03-31,2024-06-28,455,2024_disposed,2023,2024,True,district
KLKN260000242022,KLKN26,"Commercial Court, Kannur",KL,Kerala,CS,2022-08-29,2024-03-23,572,2024_disposed,2022,2024,False,district
KLKN260000292023,KLKN26,"Commercial Court, Kannur",KL,Kerala,CS,2023-08-05,2024-10-30,452,2024_disposed,2023,2024,True,district
KLKN260000282022,KLKN26,"Commercial Court, Kannur",KL,Kerala,CS,2022-08-29,2024-02-09,529,2024_disposed,2022,2024,True,district
KLKN260000332023,KLKN26,"Commercial Court, Kannur",KL,Kerala,CS,2023-10-20,2024-06-29,253,2024_disposed,2023,2024,True,district
KLKN260000352023,KLKN26,"Commercial Court, Kannur",KL,Kerala,CS,2023-11-09,2024-02-26,109,2024_disposed,2023,2024,True,district
KLKN260000392023,KLKN26,"Commercial Court, Kannur",KL,Kerala,CS,2023-12-13,2024-03-11,89,2024_disposed,2023,2024,True,district
KLKN260000322023,KLKN26,"Commercial Court, Kannur",KL,Kerala,CS,2023-09-29,2024-07-01,276,2024_disposed,2023,2024,True,district
KLKN260000262023,KLKN26,"Commercial Court, Kannur",KL,Kerala,CS,2023-07-11,2024-06-29,354,2024_disposed,2023,2024,True,district
KLKN260000362023,KLKN26,"Commercial Court, Kannur",KL,Kerala,CS,2023-12-04,2024-07-26,235,2024_disposed,2023,2024,True,district
KLAL430000032023,KLAL43,"Commercial Court, Chengannur",KL,Kerala,CS,2023-11-29,2024-06-28,212,2024_disposed,2023,2024,True,district
KLID320000012023,KLID32,Commercial Court Thodupuzha Idukki,KL,Kerala,CS,2023-01-06,2024-06-12,523,2024_disposed,2023,2024,True,district
KLKK450001692023,KLKK45,Commercial Court Kozhikode,KL,Kerala,CS,2023-09-30,2024-01-06,98,2024_disposed,2023,2024,True,district
KLKK450001782023,KLKK45,Commercial Court Kozhikode,KL,Kerala,CS,2023-10-26,2024-11-28,399,2024_disposed,2023,2024,True,district
KLKK450001752023,KLKK45,Commercial Court Kozhikode,KL,Kerala,CS,2023-10-16,2024-12-18,429,2024_disposed,2023,2024,True,district
KLID330000352022,KLID33,"Commercial Court, Kattappana",KL,Kerala,CS,2022-10-18,2024-06-24,615,2024_disposed,2022,2024,True,district
KLID330000452022,KLID33,"Commercial Court, Kattappana",KL,Kerala,CS,2022-10-18,2024-09-06,689,2024_disposed,2022,2024,True,district
KLID330000372022,KLID33,"Commercial Court, Kattappana",KL,Kerala,CS,2022-10-18,2024-09-30,713,2024_disposed,2022,2024,True,district
KLID330000382022,KLID33,"Commercial Court, Kattappana",KL,Kerala,CS,2022-10-18,2024-11-20,764,2024_disposed,2022,2024,True,district
KLID330000412023,KLID33,"Commercial Court, Kattappana",KL,Kerala,CS,2023-07-01,2024-02-06,220,2024_disposed,2023,2024,True,district
KLID330000422023,KLID33,"Commercial Court, Kattappana",KL,Kerala,CS,2023-07-06,2024-12-19,532,2024_disposed,2023,2024,True,district
KLID330000482022,KLID33,"Commercial Court, Kattappana",KL,Kerala,CS,2022-10-18,2024-08-30,682,2024_disposed,2022,2024,True,district
KLID330000522022,KLID33,"Commercial Court, Kattappana",KL,Kerala,CS,2022-10-26,2024-11-30,766,2024_disposed,2022,2024,True,district
KLKN300000662022,KLKN30,"Commercial Court, Payyannur",KL,Kerala,CS,2022-10-31,2024-10-17,717,2024_disposed,2022,2024,True,district
KLKN300000712022,KLKN30,"Commercial Court, Payyannur",KL,Kerala,CS,2022-12-07,2024-09-06,639,2024_disposed,2022,2024,True,district
KLKN300000382022,KLKN30,"Commercial Court, Payyannur",KL,Kerala,CS,2022-10-11,2024-09-09,699,2024_disposed,2022,2024,True,district
KLKK450000312022,KLKK45,Commercial Court Kozhikode,KL,Kerala,CS,2021-12-22,2024-06-22,913,2024_disposed,2021,2024,True,district
KLKK450000322024,KLKK45,Commercial Court Kozhikode,KL,Kerala,CS,2024-02-27,2024-06-28,122,2024_disposed,2024,2024,True,district
KLPT200000922021,KLPT20,"COMMERCIAL COURT , PATHANAMTHITTA",KL,Kerala,CS,2021-08-12,2024-01-24,895,2024_disposed,2021,2024,True,district
KLKK450000092023,KLKK45,Commercial Court Kozhikode,KL,Kerala,CS,2023-01-19,2024-06-10,508,2024_disposed,2023,2024,True,district
KLID320002172022,KLID32,Commercial Court Thodupuzha Idukki,KL,Kerala,CS,2022-08-23,2024-06-15,662,2024_disposed,2022,2024,True,district
KLID320002122022,KLID32,Commercial Court Thodupuzha Idukki,KL,Kerala,CS,2022-08-16,2024-06-01,655,2024_disposed,2022,2024,True,district
KLID320002492022,KLID32,Commercial Court Thodupuzha Idukki,KL,Kerala,CS,2022-12-20,2024-10-23,673,2024_disposed,2022,2024,True,district
KLID330000032024,KLID33,"Commercial Court, Kattappana",KL,Kerala,CS,2024-01-10,2024-07-30,202,2024_disposed,2024,2024,True,district
KLID330000042024,KLID33,"Commercial Court, Kattappana",KL,Kerala,CS,2024-01-18,2024-08-31,226,2024_disposed,2024,2024,True,district
KLID330000072024,KLID33,"Commercial Court, Kattappana",KL,Kerala,CS,2024-02-20,2024-06-29,130,2024_disposed,2024,2024,True,district
KLID330000112023,KLID33,"Commercial Court, Kattappana",KL,Kerala,CS,2023-03-16,2024-11-14,609,2024_disposed,2023,2024,True,district
KLID330000132023,KLID33,"Commercial Court, Kattappana",KL,Kerala,CS,2023-03-28,2024-08-17,508,2024_disposed,2023,2024,True,district
KLID330000122023,KLID33,"Commercial Court, Kattappana",KL,Kerala,CS,2023-03-17,2024-08-31,533,2024_disposed,2023,2024,True,district
KLID330000062023,KLID33,"Commercial Court, Kattappana",KL,Kerala,CS,2023-02-10,2024-12-19,678,2024_disposed,2023,2024,True,district
KLID330000122022,KLID33,"Commercial Court, Kattappana",KL,Kerala,CS,2022-10-18,2024-06-19,610,2024_disposed,2022,2024,True,district
KLID330000102023,KLID33,"Commercial Court, Kattappana",KL,Kerala,CS,2023-03-10,2024-07-30,508,2024_disposed,2023,2024,True,district
KLKK450000572020,KLKK45,Commercial Court Kozhikode,KL,Kerala,CS,2020-12-01,2024-07-20,1327,2020_filed,2020,2024,True,district
KLKK450000572020,KLKK45,Commercial Court Kozhikode,KL,Kerala,CS,2020-12-01,2024-07-20,1327,2024_disposed,2020,2024,True,district
KLKK450002182020,KLKK45,Commercial Court Kozhikode,KL,Kerala,CS,2020-12-08,2024-08-29,1360,2020_filed,2020,2024,True,district
KLKK450002182020,KLKK45,Commercial Court Kozhikode,KL,Kerala,CS,2020-12-08,2024-08-29,1360,2024_disposed,2020,2024,True,district
KLKN300000112022,KLKN30,"Commercial Court, Payyannur",KL,Kerala,CS,2022-09-01,2024-11-18,809,2024_disposed,2022,2024,True,district
KLKN300000102022,KLKN30,"Commercial Court, Payyannur",KL,Kerala,CS,2022-09-01,2024-11-18,809,2024_disposed,2022,2024,True,district
KLKN300000122022,KLKN30,"Commercial Court, Payyannur",KL,Kerala,CS,2022-09-01,2024-10-08,768,2024_disposed,2022,2024,True,district
KLKN300000162022,KLKN30,"Commercial Court, Payyannur",KL,Kerala,CS,2022-09-01,2024-10-08,768,2024_disposed,2022,2024,False,district
KLKN300000092023,KLKN30,"Commercial Court, Payyannur",KL,Kerala,CS,2023-05-20,2024-05-28,374,2024_disposed,2023,2024,True,district
KLKK450002152022,KLKK45,Commercial Court Kozhikode,KL,Kerala,CS,2022-03-04,2024-11-14,986,2024_disposed,2022,2024,True,district
KLKK500000222024,KLKK50,"Commercial Court, Koyilandy",KL,Kerala,CS,2024-04-11,2024-11-26,229,2024_disposed,2024,2024,True,district
KLKK500000232023,KLKK50,"Commercial Court, Koyilandy",KL,Kerala,CS,2023-02-27,2024-06-22,481,2024_disposed,2023,2024,True,district
KLKK500000272023,KLKK50,"Commercial Court, Koyilandy",KL,Kerala,CS,2023-02-27,2024-10-30,611,2024_disposed,2023,2024,True,district
KLKK500000332022,KLKK50,"Commercial Court, Koyilandy",KL,Kerala,CS,2022-10-28,2024-10-30,733,2024_disposed,2022,2024,True,district
KLKK500000312024,KLKK50,"Commercial Court, Koyilandy",KL,Kerala,CS,2024-05-27,2024-09-13,109,2024_disposed,2024,2024,True,district
KLKK500000362023,KLKK50,"Commercial Court, Koyilandy",KL,Kerala,CS,2023-01-20,2024-02-07,383,2024_disposed,2023,2024,True,district
KLKK500000372024,KLKK50,"Commercial Court, Koyilandy",KL,Kerala,CS,2024-07-27,2024-11-01,97,2024_disposed,2024,2024,True,district
KLKK500000352023,KLKK50,"Commercial Court, Koyilandy",KL,Kerala,CS,2023-01-20,2024-04-04,440,2024_disposed,2023,2024,True,district
KLKK500000412023,KLKK50,"Commercial Court, Koyilandy",KL,Kerala,CS,2023-03-27,2024-09-06,529,2024_disposed,2023,2024,True,district
KLKK500000422024,KLKK50,"Commercial Court, Koyilandy",KL,Kerala,CS,2024-09-06,2024-11-15,70,2024_disposed,2024,2024,True,district
KLKK500000382024,KLKK50,"Commercial Court, Koyilandy",KL,Kerala,CS,2024-07-27,2024-12-20,146,2024_disposed,2024,2024,True,district
KLID320000172023,KLID32,Commercial Court Thodupuzha Idukki,KL,Kerala,CS,2023-02-02,2024-01-03,335,2024_disposed,2023,2024,True,district
KLKN270000372023,KLKN27,Commercial Court Thalassery,KL,Kerala,CS,2023-11-27,2024-12-21,390,2024_disposed,2023,2024,True,district
KLKK450001182022,KLKK45,,KL,Kerala,CS,2022-02-10,2024-10-25,988,2024_disposed,2022,2024,True,district
KLKK450001192024,KLKK45,,KL,Kerala,CS,2024-08-08,2024-09-13,36,2024_disposed,2024,2024,True,district
KLKK450001242023,KLKK45,,KL,Kerala,CS,2023-06-08,2024-01-05,211,2024_disposed,2023,2024,True,district
KLKK450001252023,KLKK45,,KL,Kerala,CS,2023-06-08,2024-10-15,495,2024_disposed,2023,2024,True,district
KLID320000572023,KLID32,Commercial Court Thodupuzha Idukki,KL,Kerala,CS,2023-12-15,2024-09-13,273,2024_disposed,2023,2024,True,district
KLID320000612020,KLID32,Commercial Court Thodupuzha Idukki,KL,Kerala,CS,2020-12-07,2024-07-27,1328,2020_filed,2020,2024,True,district
KLID320000612020,KLID32,Commercial Court Thodupuzha Idukki,KL,Kerala,CS,2020-12-07,2024-07-27,1328,2024_disposed,2020,2024,True,district
KLID320000662020,KLID32,Commercial Court Thodupuzha Idukki,KL,Kerala,CS,2020-12-09,2024-07-02,1301,2020_filed,2020,2024,True,district
KLID320000662020,KLID32,Commercial Court Thodupuzha Idukki,KL,Kerala,CS,2020-12-09,2024-07-02,1301,2024_disposed,2020,2024,True,district
KLKK510000262022,KLKK51,Commercial Court Vatakara,KL,Kerala,CS,2022-11-03,2024-01-10,433,2024_disposed,2022,2024,False,district
KLKK510000382022,KLKK51,Commercial Court Vatakara,KL,Kerala,CS,2022-10-01,2024-02-12,499,2024_disposed,2022,2024,True,district
KLKK510000582022,KLKK51,Commercial Court Vatakara,KL,Kerala,CS,2022-09-30,2024-02-26,514,2024_disposed,2022,2024,True,district
KLKK510000562022,KLKK51,Commercial Court Vatakara,KL,Kerala,CS,2022-10-15,2024-01-31,473,2024_disposed,2022,2024,True,district
UPHC020038152024,UPHC02,Allahabad High Court (Lucknow),UP,Uttar Pradesh,BA,2024-01-17,2024-01-24,7,2024_disposed,2024,2024,True,hc
UPHP010053782024,UPHP01,District and Session Court Hapur,UP,Uttar Pradesh,BA,2024-09-10,2024-09-23,13,2024_disposed,2024,2024,True,district
UPFT010001422024,UPFT01,District and Sessions Court,UP,Uttar Pradesh,BA,2024-01-10,2024-01-16,6,2024_disposed,2024,2024,True,district
UPBL010038632024,UPBL01,District and Sessions Judge,UP,Uttar Pradesh,BA,2024-08-08,2024-08-27,19,2024_disposed,2024,2024,True,district
UPBL010038642024,UPBL01,District and Sessions Judge,UP,Uttar Pradesh,BA,2024-08-08,2024-08-27,19,2024_disposed,2024,2024,True,district
UPBL010032432024,UPBL01,District and Sessions Judge,UP,Uttar Pradesh,BA,2024-07-09,2024-07-18,9,2024_disposed,2024,2024,True,district
UPBU040003042024,UPBU04,Chief Judicial Magistrate,UP,Uttar Pradesh,BA,2024-01-06,2024-01-10,4,2024_disposed,2024,2024,True,district
UPBU040031462024,UPBU04,Chief Judicial Magistrate,UP,Uttar Pradesh,BA,2024-02-19,2024-02-20,1,2024_disposed,2024,2024,True,district
UPSD010041512024,UPSD01,District and Session Judge,UP,Uttar Pradesh,BA,2024-11-22,2024-11-28,6,2024_disposed,2024,2024,True,district
UPSD010041542024,UPSD01,District and Session Judge,UP,Uttar Pradesh,BA,2024-11-22,2024-11-29,7,2024_disposed,2024,2024,True,district
UPSD010041552024,UPSD01,District and Session Judge,UP,Uttar Pradesh,BA,2024-11-22,2024-11-28,6,2024_disposed,2024,2024,True,district
UPSD010041522024,UPSD01,District and Session Judge,UP,Uttar Pradesh,BA,2024-11-22,2024-11-27,5,2024_disposed,2024,2024,True,district
UPSD010041532024,UPSD01,District and Session Judge,UP,Uttar Pradesh,BA,2024-11-22,2024-11-28,6,2024_disposed,2024,2024,True,district
UPDE040119162023,UPDE04,Chief Judicial Magistrate,UP,Uttar Pradesh,BA,2023-07-15,2024-06-29,350,2024_disposed,2023,2024,False,district
UPDE040119152023,UPDE04,Chief Judicial Magistrate,UP,Uttar Pradesh,BA,2023-07-15,2024-06-29,350,2024_disposed,2023,2024,False,district
UPDE040119172023,UPDE04,Chief Judicial Magistrate,UP,Uttar Pradesh,BA,2023-07-15,2024-06-29,350,2024_disposed,2023,2024,False,district
UPHC020488542024,UPHC02,Allahabad High Court (Lucknow),UP,Uttar Pradesh,BA,2024-07-18,2024-07-23,5,2024_disposed,2024,2024,True,hc
UPSH010068222024,UPSH01,District and Sessions Judge,UP,Uttar Pradesh,BA,2024-09-27,2024-10-09,12,2024_disposed,2024,2024,True,district
UPSH010068142024,UPSH01,District and Sessions Judge,UP,Uttar Pradesh,BA,2024-09-27,2024-10-09,12,2024_disposed,2024,2024,True,district
UPSH010068152024,UPSH01,District and Sessions Judge,UP,Uttar Pradesh,BA,2024-09-27,2024-10-18,21,2024_disposed,2024,2024,True,district
UPSH010068132024,UPSH01,District and Sessions Judge,UP,Uttar Pradesh,BA,2024-09-27,2024-10-23,26,2024_disposed,2024,2024,True,district
UPSH010068172024,UPSH01,District and Sessions Judge,UP,Uttar Pradesh,BA,2024-09-27,2024-10-08,11,2024_disposed,2024,2024,True,district
UPSH010068192024,UPSH01,District and Sessions Judge,UP,Uttar Pradesh,BA,2024-09-27,2024-10-16,19,2024_disposed,2024,2024,True,district
UPSH010068212024,UPSH01,District and Sessions Judge,UP,Uttar Pradesh,BA,2024-09-27,2024-11-28,62,2024_disposed,2024,2024,True,district
UPSH010068182024,UPSH01,District and Sessions Judge,UP,Uttar Pradesh,BA,2024-09-27,2024-10-18,21,2024_disposed,2024,2024,True,district
UPSH010068202024,UPSH01,District and Sessions Judge,UP,Uttar Pradesh,BA,2024-09-27,2024-10-18,21,2024_disposed,2024,2024,True,district
UPSH010068122024,UPSH01,District and Sessions Judge,UP,Uttar Pradesh,BA,2024-09-27,2024-10-18,21,2024_disposed,2024,2024,True,district
UPDE040119182024,UPDE04,Chief Judicial Magistrate,UP,Uttar Pradesh,BA,2024-07-30,2024-09-14,46,2024_disposed,2024,2024,False,district
UPDE040119182023,UPDE04,Chief Judicial Magistrate,UP,Uttar Pradesh,BA,2023-07-15,2024-06-29,350,2024_disposed,2023,2024,False,district
UPFT010007132024,UPFT01,District and Sessions Court,UP,Uttar Pradesh,BA,2024-02-08,2024-02-19,11,2024_disposed,2024,2024,True,district
UPLK040595472024,UPLK04,Chief Judicial Magistrate Lucknow,UP,Uttar Pradesh,BA,2024-05-30,2024-06-04,5,2024_disposed,2024,2024,False,district
UPLK040595492024,UPLK04,Chief Judicial Magistrate Lucknow,UP,Uttar Pradesh,BA,2024-05-30,2024-06-04,5,2024_disposed,2024,2024,False,district
UPSR010017192024,UPSR01,"District and Sessions Judge, Shravasti",UP,Uttar Pradesh,BA,2024-09-30,2024-10-04,4,2024_disposed,2024,2024,True,district
UPSR010017122024,UPSR01,"District and Sessions Judge, Shravasti",UP,Uttar Pradesh,BA,2024-09-30,2024-10-17,17,2024_disposed,2024,2024,True,district
MHNS230017072022,MHNS23,CIVIL AND CRIMINAL COURT IGATPURI.,MH,Maharashtra,CS,2022-11-16,2024-12-17,762,2024_disposed,2022,2024,True,district
HCBM040189062022,HCBM04,Bombay HC (Nagpur Bench),MH,Maharashtra,CS,2022-08-04,2024-02-22,567,2024_disposed,2022,2024,False,hc
MHST100000992024,MHST10,CIVIL JUDGE JR. DN. J.M.F.C. Mahabaleshwar,MH,Maharashtra,CS,2024-02-16,2024-07-27,162,2024_disposed,2024,2024,True,district
MHSO110002432024,MHSO11,"CJJD and JMFC, Malshiras",MH,Maharashtra,CS,2024-02-07,2024-02-27,20,2024_disposed,2024,2024,True,district
MHAU070002132024,MHAU07,CIVIL AND CRIMINAL COURT GANGAPUR DIST. AURANGABAD,MH,Maharashtra,CS,2024-01-16,2024-04-16,91,2024_disposed,2024,2024,True,district
MHAU070006102009,MHAU07,CIVIL AND CRIMINAL COURT GANGAPUR DIST. AURANGABAD,MH,Maharashtra,CS,2009-07-15,2024-12-02,5619,2024_disposed,2009,2024,True,district
MHND190008982024,MHND19,CIVIL JUDGE J.D. J.M.F.C. LOHA,MH,Maharashtra,CS,2024-07-24,2024-07-27,3,2024_disposed,2024,2024,True,district
MHAU070027582019,MHAU07,CIVIL AND CRIMINAL COURT GANGAPUR DIST. AURANGABAD,MH,Maharashtra,CS,2019-11-27,2024-07-24,1701,2024_disposed,2019,2024,True,district
MHBI140002572024,MHBI14,"CIVIL COURT Jr.Dn., ASHTI.",MH,Maharashtra,CS,2024-02-08,2024-03-03,24,2024_disposed,2024,2024,True,district
MHBI140028252023,MHBI14,"CIVIL COURT Jr.Dn., ASHTI.",MH,Maharashtra,CS,2023-12-15,2024-08-28,257,2024_disposed,2023,2024,True,district
MHBI150007512024,MHBI15,CIVIL JUDGE J.D. J.M.F.C. PATODA.,MH,Maharashtra,CS,2024-06-18,2024-10-08,112,2024_disposed,2024,2024,True,district
MHBI150007482024,MHBI15,CIVIL JUDGE J.D. J.M.F.C. PATODA.,MH,Maharashtra,CS,2024-06-18,2024-09-28,102,2024_disposed,2024,2024,True,district
MHBU050005932012,MHBU05,CIVIL JUDGE SR.DN. KHAMGAON,MH,Maharashtra,CS,2012-09-18,2024-03-28,4209,2024_disposed,2012,2024,True,district
MHPU150000492022,MHPU15,CIVIL COURT SENIOR DIVISION BARAMATI DIST PUNE,MH,Maharashtra,CS,2022-01-06,2024-07-25,931,2024_disposed,2022,2024,True,district
MHPU150000482024,MHPU15,CIVIL COURT SENIOR DIVISION BARAMATI DIST PUNE,MH,Maharashtra,CS,2024-01-05,2024-02-09,35,2024_disposed,2024,2024,False,district
MHPU150000492024,MHPU15,CIVIL COURT SENIOR DIVISION BARAMATI DIST PUNE,MH,Maharashtra,CS,2024-01-05,2024-02-16,42,2024_disposed,2024,2024,False,district
MHPU150000502020,MHPU15,CIVIL COURT SENIOR DIVISION BARAMATI DIST PUNE,MH,Maharashtra,CS,2020-01-14,2024-01-20,1467,2020_filed,2020,2024,False,district
MHPU150000502020,MHPU15,CIVIL COURT SENIOR DIVISION BARAMATI DIST PUNE,MH,Maharashtra,CS,2020-01-14,2024-01-20,1467,2024_disposed,2020,2024,False,district
MHPU150000492020,MHPU15,CIVIL COURT SENIOR DIVISION BARAMATI DIST PUNE,MH,Maharashtra,CS,2020-01-13,2024-01-20,1468,2020_filed,2020,2024,False,district
MHPU150000492020,MHPU15,CIVIL COURT SENIOR DIVISION BARAMATI DIST PUNE,MH,Maharashtra,CS,2020-01-13,2024-01-20,1468,2024_disposed,2020,2024,False,district
MHPU150001712021,MHPU15,CIVIL COURT SENIOR DIVISION BARAMATI DIST PUNE,MH,Maharashtra,CS,2021-01-29,2024-01-20,1086,2024_disposed,2021,2024,False,district
MHPU150000502024,MHPU15,CIVIL COURT SENIOR DIVISION BARAMATI DIST PUNE,MH,Maharashtra,CS,2024-01-05,2024-02-09,35,2024_disposed,2024,2024,False,district
MHPU150001722016,MHPU15,CIVIL COURT SENIOR DIVISION BARAMATI DIST PUNE,MH,Maharashtra,CS,2016-01-12,2024-01-20,2930,2024_disposed,2016,2024,False,district
MHPU150002812022,MHPU15,CIVIL COURT SENIOR DIVISION BARAMATI DIST PUNE,MH,Maharashtra,CS,2022-02-08,2024-01-20,711,2024_disposed,2022,2024,False,district
MHTH080007122017,MHTH08,CIVIL COURT J.D. KALYAN,MH,Maharashtra,CS,2017-10-06,2024-07-08,2467,2024_disposed,2017,2024,False,district
MHTH080008772016,MHTH08,CIVIL COURT J.D. KALYAN,MH,Maharashtra,CS,2016-08-19,2024-03-03,2753,2024_disposed,2016,2024,True,district
MHJG050031792023,MHJG05,CIVIL COURT SENIOR DIVISION JALGAON,MH,Maharashtra,CS,2023-09-02,2024-05-08,249,2024_disposed,2023,2024,True,district
MHJG050031782023,MHJG05,CIVIL COURT SENIOR DIVISION JALGAON,MH,Maharashtra,CS,2023-09-02,2024-05-07,248,2024_disposed,2023,2024,True,district
MHJG050031812023,MHJG05,CIVIL COURT SENIOR DIVISION JALGAON,MH,Maharashtra,CS,2023-09-02,2024-05-09,250,2024_disposed,2023,2024,True,district
MHAU100008712018,MHAU10,"CIVIL AND CRIMINAL COURT, KHULTABAD DIST. AURANGABAD.",MH,Maharashtra,CS,2018-11-19,2024-08-30,2111,2024_disposed,2018,2024,True,district
MHPU020048652023,MHPU02,CIVIL COURT PUNE MAHARASHTRA,MH,Maharashtra,CS,2023-06-20,2024-07-16,392,2024_disposed,2023,2024,True,district
MHAM020033482022,MHAM02,CIVIL JUDGE SENIOR DIVISION,MH,Maharashtra,CS,2022-03-29,2024-12-14,991,2024_disposed,2022,2024,True,district
MHAM020033532022,MHAM02,CIVIL JUDGE SENIOR DIVISION,MH,Maharashtra,CS,2022-03-29,2024-04-03,736,2024_disposed,2022,2024,True,district
MHDH020027042024,MHDH02,"CIVIL COURT SENIOR DIVISION, DHULE",MH,Maharashtra,CS,2024-06-12,2024-07-27,45,2024_disposed,2024,2024,True,district
MHDH020027052024,MHDH02,"CIVIL COURT SENIOR DIVISION, DHULE",MH,Maharashtra,CS,2024-06-12,2024-07-27,45,2024_disposed,2024,2024,True,district
MHAU120002352017,MHAU12,CIVIL CRIMINAL COURT SOYGAON DIST. AURANGABAD,MH,Maharashtra,CS,2017-06-05,2024-01-02,2402,2024_disposed,2017,2024,True,district
MHKO020021022022,MHKO02,CIVIL COURT SENIOR DIVISION KOLHAPUR.,MH,Maharashtra,CS,2022-06-23,2024-07-24,762,2024_disposed,2022,2024,True,district
MHKO020006942024,MHKO02,CIVIL COURT SENIOR DIVISION KOLHAPUR.,MH,Maharashtra,CS,2024-02-22,2024-03-16,23,2024_disposed,2024,2024,True,district
MHPU020014282023,MHPU02,CIVIL COURT PUNE MAHARASHTRA,MH,Maharashtra,CS,2023-02-13,2024-02-12,364,2024_disposed,2023,2024,True,district
MHPU020033242024,MHPU02,CIVIL COURT PUNE MAHARASHTRA,MH,Maharashtra,CS,2024-04-20,2024-10-09,172,2024_disposed,2024,2024,True,district
HCMA010077402009,HCMA01,Madras HC (Chennai),TN,Tamil Nadu,CS,2009-03-11,2024-09-06,5658,2024_disposed,2009,2024,True,hc
MHPU020024552023,MHPU02,CIVIL COURT PUNE MAHARASHTRA,MH,Maharashtra,CS,2023-03-18,2024-07-27,497,2024_disposed,2023,2024,True,district
MHPU020024562020,MHPU02,CIVIL COURT PUNE MAHARASHTRA,MH,Maharashtra,CS,2020-07-10,2024-07-27,1478,2020_filed,2020,2024,True,district
MHPU020024562020,MHPU02,CIVIL COURT PUNE MAHARASHTRA,MH,Maharashtra,CS,2020-07-10,2024-07-27,1478,2024_disposed,2020,2024,True,district
MHPU020024512023,MHPU02,CIVIL COURT PUNE MAHARASHTRA,MH,Maharashtra,CS,2023-03-18,2024-07-27,497,2024_disposed,2023,2024,True,district
MHPU020024542021,MHPU02,CIVIL COURT PUNE MAHARASHTRA,MH,Maharashtra,CS,2021-03-12,2024-07-29,1235,2024_disposed,2021,2024,True,district
MHTH070020622023,MHTH07,CIVIL COURT S.D. KALYAN,MH,Maharashtra,CS,2023-04-25,2024-07-24,456,2024_disposed,2023,2024,True,district
MHTH070020632020,MHTH07,CIVIL COURT S.D. KALYAN,MH,Maharashtra,CS,2020-12-01,2024-09-25,1394,2020_filed,2020,2024,True,district
MHTH070020632020,MHTH07,CIVIL COURT S.D. KALYAN,MH,Maharashtra,CS,2020-12-01,2024-09-25,1394,2024_disposed,2020,2024,True,district
MHAU020036322022,MHAU02,CIVIL COURT SENIOR DIVISION AURANGABAD,MH,Maharashtra,CS,2022-04-25,2024-02-03,649,2024_disposed,2022,2024,False,district
MHNS230014322016,MHNS23,CIVIL AND CRIMINAL COURT IGATPURI.,MH,Maharashtra,CS,2016-09-22,2024-04-01,2748,2024_disposed,2016,2024,True,district
MHKO050068862023,MHKO05,IN THE COURT OF SENIOR DIVISION ICHALKARANJI,MH,Maharashtra,CS,2023-12-19,2024-04-04,107,2024_disposed,2023,2024,True,district
MHKO050068842023,MHKO05,IN THE COURT OF SENIOR DIVISION ICHALKARANJI,MH,Maharashtra,CS,2023-12-19,2024-04-04,107,2024_disposed,2023,2024,True,district
MHKO050068872023,MHKO05,IN THE COURT OF SENIOR DIVISION ICHALKARANJI,MH,Maharashtra,CS,2023-12-19,2024-02-09,52,2024_disposed,2023,2024,True,district
MHKO050068882023,MHKO05,IN THE COURT OF SENIOR DIVISION ICHALKARANJI,MH,Maharashtra,CS,2023-12-19,2024-02-09,52,2024_disposed,2023,2024,True,district
MHBI020037022024,MHBI02,CIVIL COURT SENIOR DIVISION COURT BEED.,MH,Maharashtra,CS,2024-11-26,2024-12-14,18,2024_disposed,2024,2024,True,district
MHBI020037142024,MHBI02,CIVIL COURT SENIOR DIVISION COURT BEED.,MH,Maharashtra,CS,2024-11-27,2024-12-14,17,2024_disposed,2024,2024,True,district
MHKO090001192024,MHKO09,CIVIL COURT SENIOR DIVISION GADHINGLAJ,MH,Maharashtra,CS,2024-02-27,2024-03-03,5,2024_disposed,2024,2024,True,district
MHKO090002822012,MHKO09,CIVIL COURT SENIOR DIVISION GADHINGLAJ,MH,Maharashtra,CS,2012-12-21,2024-05-06,4154,2024_disposed,2012,2024,True,district
MHTH200002782014,MHTH20,"CIVIL COURT, SHAHAPUR",MH,Maharashtra,CS,2014-04-25,2024-02-08,3576,2024_disposed,2014,2024,True,district
MHLA130011102024,MHLA13,IN THE COURT OF CJJD AND JMFC RENAPUR,MH,Maharashtra,CS,2024-12-13,2024-12-14,1,2024_disposed,2024,2024,True,district
MHLA130011112024,MHLA13,IN THE COURT OF CJJD AND JMFC RENAPUR,MH,Maharashtra,CS,2024-12-13,2024-12-14,1,2024_disposed,2024,2024,True,district
MHLA130011112019,MHLA13,IN THE COURT OF CJJD AND JMFC RENAPUR,MH,Maharashtra,CS,2019-12-04,2024-11-04,1797,2024_disposed,2019,2024,True,district
MHLA140002622024,MHLA14,Civil Judge Junior Division Ausa,MH,Maharashtra,CS,2024-01-24,2024-03-03,39,2024_disposed,2024,2024,True,district
MHLA140002642021,MHLA14,Civil Judge Junior Division Ausa,MH,Maharashtra,CS,2021-02-01,2024-07-27,1272,2024_disposed,2021,2024,True,district
MHLA140007712024,MHLA14,Civil Judge Junior Division Ausa,MH,Maharashtra,CS,2024-03-01,2024-03-03,2,2024_disposed,2024,2024,True,district
MHSO170029412023,MHSO17,CIVIL AND CRIMINAL COURT MADHA,MH,Maharashtra,CS,2023-09-26,2024-07-27,305,2024_disposed,2023,2024,False,district
MHSO170029422023,MHSO17,CIVIL AND CRIMINAL COURT MADHA,MH,Maharashtra,CS,2023-09-26,2024-07-27,305,2024_disposed,2023,2024,True,district
MHSO170029432023,MHSO17,CIVIL AND CRIMINAL COURT MADHA,MH,Maharashtra,CS,2023-09-26,2024-07-27,305,2024_disposed,2023,2024,True,district
MHKO020006982024,MHKO02,CIVIL COURT SENIOR DIVISION KOLHAPUR.,MH,Maharashtra,CS,2024-02-22,2024-11-25,277,2024_disposed,2024,2024,True,district
MHKO020021052024,MHKO02,CIVIL COURT SENIOR DIVISION KOLHAPUR.,MH,Maharashtra,CS,2024-06-13,2024-12-10,180,2024_disposed,2024,2024,True,district
MHKO020044742023,MHKO02,CIVIL COURT SENIOR DIVISION KOLHAPUR.,MH,Maharashtra,CS,2023-12-07,2024-12-14,373,2024_disposed,2023,2024,True,district
MHKO020044762022,MHKO02,CIVIL COURT SENIOR DIVISION KOLHAPUR.,MH,Maharashtra,CS,2022-11-22,2024-08-20,637,2024_disposed,2022,2024,True,district
MHKO020044672022,MHKO02,CIVIL COURT SENIOR DIVISION KOLHAPUR.,MH,Maharashtra,CS,2022-11-22,2024-03-20,484,2024_disposed,2022,2024,True,district
MHKO020044682022,MHKO02,CIVIL COURT SENIOR DIVISION KOLHAPUR.,MH,Maharashtra,CS,2022-11-22,2024-03-20,484,2024_disposed,2022,2024,True,district
MHKO020021082024,MHKO02,CIVIL COURT SENIOR DIVISION KOLHAPUR.,MH,Maharashtra,CS,2024-06-13,2024-09-28,107,2024_disposed,2024,2024,True,district
MHKO020044732022,MHKO02,CIVIL COURT SENIOR DIVISION KOLHAPUR.,MH,Maharashtra,CS,2022-11-22,2024-03-14,478,2024_disposed,2022,2024,True,district
MHKO020044832022,MHKO02,CIVIL COURT SENIOR DIVISION KOLHAPUR.,MH,Maharashtra,CS,2022-11-22,2024-10-18,696,2024_disposed,2022,2024,True,district
MHKO020044772022,MHKO02,CIVIL COURT SENIOR DIVISION KOLHAPUR.,MH,Maharashtra,CS,2022-11-22,2024-10-11,689,2024_disposed,2022,2024,True,district
MHKO020044802023,MHKO02,CIVIL COURT SENIOR DIVISION KOLHAPUR.,MH,Maharashtra,CS,2023-12-08,2024-12-11,369,2024_disposed,2023,2024,True,district
MHDH020009662022,MHDH02,"CIVIL COURT SENIOR DIVISION, DHULE",MH,Maharashtra,CS,2022-04-04,2024-08-02,851,2024_disposed,2022,2024,True,district
MHDH020027082024,MHDH02,"CIVIL COURT SENIOR DIVISION, DHULE",MH,Maharashtra,CS,2024-06-12,2024-11-15,156,2024_disposed,2024,2024,True,district
MHBU070004052013,MHBU07,CIVIL JUDGE JR.DN. SHEGAON,MH,Maharashtra,CS,2013-05-04,2024-08-12,4118,2024_disposed,2013,2024,True,district
MHBU070002852011,MHBU07,CIVIL JUDGE JR.DN. SHEGAON,MH,Maharashtra,CS,2011-05-11,2024-07-18,4817,2024_disposed,2011,2024,True,district
MHAK010010012024,MHAK01,"Principal District and Sessions Judge, Akola",MH,Maharashtra,BA,2024-03-28,2024-04-10,13,2024_disposed,2024,2024,True,district
MHAK010038622023,MHAK01,"Principal District and Sessions Judge, Akola",MH,Maharashtra,BA,2023-12-20,2024-01-01,12,2024_disposed,2023,2024,True,district
MHAK010030972024,MHAK01,"Principal District and Sessions Judge, Akola",MH,Maharashtra,BA,2024-09-13,2024-09-24,11,2024_disposed,2024,2024,True,district
MHBI180002392024,MHBI18,"District Judge and Additional Sessions Judge, Kaij",MH,Maharashtra,BA,2024-05-02,2024-05-04,2,2024_disposed,2024,2024,True,district
MHBI180002402024,MHBI18,"District Judge and Additional Sessions Judge, Kaij",MH,Maharashtra,BA,2024-05-02,2024-05-04,2,2024_disposed,2024,2024,True,district
MHBI180002432024,MHBI18,"District Judge and Additional Sessions Judge, Kaij",MH,Maharashtra,BA,2024-05-03,2024-05-17,14,2024_disposed,2024,2024,True,district
MHNS010017622024,MHNS01,DISTRICT AND SESSIONS COURT NASHIK,MH,Maharashtra,BA,2024-03-04,2024-03-30,26,2024_disposed,2024,2024,True,district
MHNS010011062024,MHNS01,DISTRICT AND SESSIONS COURT NASHIK,MH,Maharashtra,BA,2024-02-13,2024-02-16,3,2024_disposed,2024,2024,True,district
MHND210002832024,MHND21,District Judge -1 And Additional Session Judge Mukhed,MH,Maharashtra,BA,2024-10-10,2024-10-21,11,2024_disposed,2024,2024,True,district
MHND210002842024,MHND21,District Judge -1 And Additional Session Judge Mukhed,MH,Maharashtra,BA,2024-10-14,2024-10-25,11,2024_disposed,2024,2024,True,district
MHND210002852024,MHND21,District Judge -1 And Additional Session Judge Mukhed,MH,Maharashtra,BA,2024-10-14,2024-10-24,10,2024_disposed,2024,2024,True,district
MHAK050002312024,MHAK05,"District Judge - 1, Akot",MH,Maharashtra,BA,2024-04-05,2024-04-16,11,2024_disposed,2024,2024,True,district
MHBU040007022024,MHBU04,"District Judge-1, Khamgaon, Dist.Buldana,(M.S.)",MH,Maharashtra,BA,2024-06-14,2024-06-28,14,2024_disposed,2024,2024,True,district
MHBU040002422024,MHBU04,"District Judge-1, Khamgaon, Dist.Buldana,(M.S.)",MH,Maharashtra,BA,2024-02-17,2024-02-26,9,2024_disposed,2024,2024,True,district
MHPU140040462024,MHPU14,ADDITIONAL DISTRICT AND SESSIONS COURT BARAMATI,MH,Maharashtra,BA,2024-12-11,2024-12-17,6,2024_disposed,2024,2024,True,district
MHTH060013812024,MHTH06,ADDL.DIST. SESSIONS COURT KALYAN,MH,Maharashtra,BA,2024-04-18,2024-05-21,33,2024_disposed,2024,2024,True,district
MHTH060013822024,MHTH06,ADDL.DIST. SESSIONS COURT KALYAN,MH,Maharashtra,BA,2024-04-18,2024-05-24,36,2024_disposed,2024,2024,True,district
MHTH060013832024,MHTH06,ADDL.DIST. SESSIONS COURT KALYAN,MH,Maharashtra,BA,2024-04-18,2024-05-22,34,2024_disposed,2024,2024,True,district
MHTH060013842024,MHTH06,ADDL.DIST. SESSIONS COURT KALYAN,MH,Maharashtra,BA,2024-04-18,2024-05-14,26,2024_disposed,2024,2024,True,district
MHTH060016572024,MHTH06,ADDL.DIST. SESSIONS COURT KALYAN,MH,Maharashtra,BA,2024-05-03,2024-06-04,32,2024_disposed,2024,2024,True,district
MHTH060043792024,MHTH06,ADDL.DIST. SESSIONS COURT KALYAN,MH,Maharashtra,BA,2024-12-03,2024-12-19,16,2024_disposed,2024,2024,True,district
MHTH060043782023,MHTH06,ADDL.DIST. SESSIONS COURT KALYAN,MH,Maharashtra,BA,2023-12-14,2024-01-03,20,2024_disposed,2023,2024,True,district
HCBM030147702024,HCBM03,Bombay HC (Aurangabad Bench),MH,Maharashtra,BA,2024-04-08,2024-05-07,29,2024_disposed,2024,2024,True,hc
HCBM030133962024,HCBM03,Bombay HC (Aurangabad Bench),MH,Maharashtra,BA,2024-03-30,2024-06-26,88,2024_disposed,2024,2024,True,hc
HCBM030366642024,HCBM03,Bombay HC (Aurangabad Bench),MH,Maharashtra,BA,2024-09-19,2024-10-15,26,2024_disposed,2024,2024,True,hc
MHTH230000692024,MHTH23,"District Judge-1, Addl.Sessions Judge, Vasai",MH,Maharashtra,BA,2024-01-05,2024-02-08,34,2024_disposed,2024,2024,True,district
HCBM030326152024,HCBM03,Bombay HC (Aurangabad Bench),MH,Maharashtra,BA,2024-08-19,2024-09-20,32,2024_disposed,2024,2024,True,hc
HCBM030326132024,HCBM03,Bombay HC (Aurangabad Bench),MH,Maharashtra,BA,2024-08-19,2024-09-20,32,2024_disposed,2024,2024,True,hc
MHSO010001132024,MHSO01,DISTRICT COURT SOLAPUR,MH,Maharashtra,BA,2024-01-12,2024-02-12,31,2024_disposed,2024,2024,True,district
MHCC020012472024,MHCC02,CITY CIVIL AND SESSION COURT MUMBAI,MH,Maharashtra,BA,2024-01-19,2024-02-26,38,2024_disposed,2024,2024,True,district
MHCC020017402024,MHCC02,CITY CIVIL AND SESSION COURT MUMBAI,MH,Maharashtra,BA,2024-01-30,2024-02-21,22,2024_disposed,2024,2024,True,district
MHCC020022852024,MHCC02,CITY CIVIL AND SESSION COURT MUMBAI,MH,Maharashtra,BA,2024-02-05,2024-02-13,8,2024_disposed,2024,2024,True,district
HCBM030255382024,HCBM03,Bombay HC (Aurangabad Bench),MH,Maharashtra,BA,2024-07-06,2024-07-30,24,2024_disposed,2024,2024,True,hc
MHTH060043832024,MHTH06,ADDL.DIST. SESSIONS COURT KALYAN,MH,Maharashtra,BA,2024-12-03,2024-12-09,6,2024_disposed,2024,2024,True,district
MHTH060006922024,MHTH06,ADDL.DIST. SESSIONS COURT KALYAN,MH,Maharashtra,BA,2024-02-26,2024-03-06,9,2024_disposed,2024,2024,True,district
MHCH010008942024,MHCH01,DISTRICT AND SESSIONS COURT CHANDRAPUR MAH.,MH,Maharashtra,BA,2024-04-18,2024-04-25,7,2024_disposed,2024,2024,True,district
MHCH010008962024,MHCH01,DISTRICT AND SESSIONS COURT CHANDRAPUR MAH.,MH,Maharashtra,BA,2024-04-18,2024-04-29,11,2024_disposed,2024,2024,True,district
MHCH010021952024,MHCH01,DISTRICT AND SESSIONS COURT CHANDRAPUR MAH.,MH,Maharashtra,BA,2024-09-23,2024-10-01,8,2024_disposed,2024,2024,True,district
MHCH010009052024,MHCH01,DISTRICT AND SESSIONS COURT CHANDRAPUR MAH.,MH,Maharashtra,BA,2024-04-18,2024-04-25,7,2024_disposed,2024,2024,True,district
MHCH010009042024,MHCH01,DISTRICT AND SESSIONS COURT CHANDRAPUR MAH.,MH,Maharashtra,BA,2024-04-18,2024-05-08,20,2024_disposed,2024,2024,True,district
MHCH010026052024,MHCH01,DISTRICT AND SESSIONS COURT CHANDRAPUR MAH.,MH,Maharashtra,BA,2024-11-06,2024-11-26,20,2024_disposed,2024,2024,True,district
MHCH010026062024,MHCH01,DISTRICT AND SESSIONS COURT CHANDRAPUR MAH.,MH,Maharashtra,BA,2024-11-06,2024-11-29,23,2024_disposed,2024,2024,True,district
HCBM030228852024,HCBM03,Bombay HC (Aurangabad Bench),MH,Maharashtra,BA,2024-06-19,2024-07-04,15,2024_disposed,2024,2024,True,hc
MHKO080007722024,MHKO08,DISTRICT JUDGE-1 ADDL SESSIONS COURT GADHINGLAJ.,MH,Maharashtra,BA,2024-11-28,2024-12-03,5,2024_disposed,2024,2024,True,district
MHKO080007802024,MHKO08,DISTRICT JUDGE-1 ADDL SESSIONS COURT GADHINGLAJ.,MH,Maharashtra,BA,2024-11-29,2024-12-02,3,2024_disposed,2024,2024,True,district
MHKO080007822024,MHKO08,DISTRICT JUDGE-1 ADDL SESSIONS COURT GADHINGLAJ.,MH,Maharashtra,BA,2024-12-02,2024-12-05,3,2024_disposed,2024,2024,True,district
MHKO080007852024,MHKO08,DISTRICT JUDGE-1 ADDL SESSIONS COURT GADHINGLAJ.,MH,Maharashtra,BA,2024-12-04,2024-12-09,5,2024_disposed,2024,2024,True,district
MHKO080007842024,MHKO08,DISTRICT JUDGE-1 ADDL SESSIONS COURT GADHINGLAJ.,MH,Maharashtra,BA,2024-12-03,2024-12-05,2,2024_disposed,2024,2024,True,district
MHTH010001162024,MHTH01,"DISTRICT AND SESSIONS COURT, THANE",MH,Maharashtra,BA,2024-01-06,2024-01-24,18,2024_disposed,2024,2024,True,district
MHTH010001142024,MHTH01,"DISTRICT AND SESSIONS COURT, THANE",MH,Maharashtra,BA,2024-01-05,2024-01-23,18,2024_disposed,2024,2024,True,district
MHBI040004812024,MHBI04,DISTRICT JUDGE-1 ADDL.SESSIONS COURT AMBAJOGAI.,MH,Maharashtra,BA,2024-05-10,2024-05-16,6,2024_disposed,2024,2024,True,district
MHTH010001242024,MHTH01,"DISTRICT AND SESSIONS COURT, THANE",MH,Maharashtra,BA,2024-01-06,2024-01-31,25,2024_disposed,2024,2024,True,district
MHTH010004582024,MHTH01,"DISTRICT AND SESSIONS COURT, THANE",MH,Maharashtra,BA,2024-01-29,2024-04-04,66,2024_disposed,2024,2024,True,district
MHTH010004572024,MHTH01,"DISTRICT AND SESSIONS COURT, THANE",MH,Maharashtra,BA,2024-01-29,2024-02-15,17,2024_disposed,2024,2024,True,district
MHTH010004622024,MHTH01,"DISTRICT AND SESSIONS COURT, THANE",MH,Maharashtra,BA,2024-01-29,2024-02-26,28,2024_disposed,2024,2024,True,district
MHTH010004542024,MHTH01,"DISTRICT AND SESSIONS COURT, THANE",MH,Maharashtra,BA,2024-01-29,2024-02-02,4,2024_disposed,2024,2024,True,district
MHTH010004552024,MHTH01,"DISTRICT AND SESSIONS COURT, THANE",MH,Maharashtra,BA,2024-01-29,2024-01-30,1,2024_disposed,2024,2024,True,district
MHTH010004532024,MHTH01,"DISTRICT AND SESSIONS COURT, THANE",MH,Maharashtra,BA,2024-01-29,2024-02-20,22,2024_disposed,2024,2024,True,district
MHTH010001252024,MHTH01,"DISTRICT AND SESSIONS COURT, THANE",MH,Maharashtra,BA,2024-01-06,2024-02-16,41,2024_disposed,2024,2024,True,district
MHDH010004362024,MHDH01,"DISTRICT AND SESSIONS COURT, DHULE",MH,Maharashtra,BA,2024-01-23,2024-02-02,10,2024_disposed,2024,2024,True,district
MHDH010004372024,MHDH01,"DISTRICT AND SESSIONS COURT, DHULE",MH,Maharashtra,BA,2024-01-23,2024-02-27,35,2024_disposed,2024,2024,True,district
MHJG080000662024,MHJG08,"District and Additional Session Court, Bhusawal",MH,Maharashtra,BA,2024-01-16,2024-01-24,8,2024_disposed,2024,2024,True,district
MHJG080000672024,MHJG08,"District and Additional Session Court, Bhusawal",MH,Maharashtra,BA,2024-01-16,2024-01-24,8,2024_disposed,2024,2024,True,district
MHJG080000682024,MHJG08,"District and Additional Session Court, Bhusawal",MH,Maharashtra,BA,2024-01-16,2024-01-24,8,2024_disposed,2024,2024,True,district
MHJG080000692024,MHJG08,"District and Additional Session Court, Bhusawal",MH,Maharashtra,BA,2024-01-16,2024-01-24,8,2024_disposed,2024,2024,True,district
MHJG080003332024,MHJG08,"District and Additional Session Court, Bhusawal",MH,Maharashtra,BA,2024-03-11,2024-04-06,26,2024_disposed,2024,2024,True,district
MHSO050006372024,MHSO05,"District Court, Pandharpur",MH,Maharashtra,BA,2024-04-18,2024-04-26,8,2024_disposed,2024,2024,True,district
MHSO050006382024,MHSO05,"District Court, Pandharpur",MH,Maharashtra,BA,2024-04-18,2024-04-19,1,2024_disposed,2024,2024,True,district
MHSO050011332024,MHSO05,"District Court, Pandharpur",MH,Maharashtra,BA,2024-07-15,2024-08-07,23,2024_disposed,2024,2024,True,district
MHSO050006392024,MHSO05,"District Court, Pandharpur",MH,Maharashtra,BA,2024-04-18,2024-04-24,6,2024_disposed,2024,2024,True,district
MHSO050011352024,MHSO05,"District Court, Pandharpur",MH,Maharashtra,BA,2024-07-15,2024-08-09,25,2024_disposed,2024,2024,True,district
MHSO050013672024,MHSO05,"District Court, Pandharpur",MH,Maharashtra,BA,2024-08-29,2024-09-04,6,2024_disposed,2024,2024,True,district
MHSO050016892024,MHSO05,"District Court, Pandharpur",MH,Maharashtra,BA,2024-10-24,2024-11-26,33,2024_disposed,2024,2024,True,district
MHSO050016942024,MHSO05,"District Court, Pandharpur",MH,Maharashtra,BA,2024-10-24,2024-11-18,25,2024_disposed,2024,2024,True,district
MHSO050016912024,MHSO05,"District Court, Pandharpur",MH,Maharashtra,BA,2024-10-24,2024-11-07,14,2024_disposed,2024,2024,True,district
MHSO050016902024,MHSO05,"District Court, Pandharpur",MH,Maharashtra,BA,2024-10-24,2024-12-18,55,2024_disposed,2024,2024,True,district
MHNS270002012024,MHNS27,ADDITIONAL DISTRICT COURT YEOLA,MH,Maharashtra,BA,2024-02-26,2024-03-14,17,2024_disposed,2024,2024,True,district
MHNS270001992024,MHNS27,ADDITIONAL DISTRICT COURT YEOLA,MH,Maharashtra,BA,2024-02-23,2024-03-02,8,2024_disposed,2024,2024,True,district
MHNS270002002024,MHNS27,ADDITIONAL DISTRICT COURT YEOLA,MH,Maharashtra,BA,2024-02-23,2024-03-02,8,2024_disposed,2024,2024,True,district
MHAU010043252024,MHAU01,DISTRICT AND SESSIONS COURT AURANGABAD.,MH,Maharashtra,BA,2024-05-28,2024-06-03,6,2024_disposed,2024,2024,True,district
MHAU010043262024,MHAU01,DISTRICT AND SESSIONS COURT AURANGABAD.,MH,Maharashtra,BA,2024-05-28,2024-06-15,18,2024_disposed,2024,2024,True,district
MHAU010047472024,MHAU01,DISTRICT AND SESSIONS COURT AURANGABAD.,MH,Maharashtra,BA,2024-06-13,2024-06-26,13,2024_disposed,2024,2024,True,district
MHAU010043272024,MHAU01,DISTRICT AND SESSIONS COURT AURANGABAD.,MH,Maharashtra,BA,2024-05-28,2024-06-15,18,2024_disposed,2024,2024,True,district
MHAU010047492024,MHAU01,DISTRICT AND SESSIONS COURT AURANGABAD.,MH,Maharashtra,BA,2024-06-13,2024-06-28,15,2024_disposed,2024,2024,True,district
MHAU010056972024,MHAU01,DISTRICT AND SESSIONS COURT AURANGABAD.,MH,Maharashtra,BA,2024-07-05,2024-07-11,6,2024_disposed,2024,2024,True,district
MHAU010047532024,MHAU01,DISTRICT AND SESSIONS COURT AURANGABAD.,MH,Maharashtra,BA,2024-06-13,2024-06-15,2,2024_disposed,2024,2024,True,district
MHAU010062272024,MHAU01,DISTRICT AND SESSIONS COURT AURANGABAD.,MH,Maharashtra,BA,2024-07-25,2024-08-01,7,2024_disposed,2024,2024,True,district
MHAU010077272024,MHAU01,DISTRICT AND SESSIONS COURT AURANGABAD.,MH,Maharashtra,BA,2024-09-04,2024-09-09,5,2024_disposed,2024,2024,True,district
MHAU010077252024,MHAU01,DISTRICT AND SESSIONS COURT AURANGABAD.,MH,Maharashtra,BA,2024-09-04,2024-09-09,5,2024_disposed,2024,2024,True,district
MHAU010077282024,MHAU01,DISTRICT AND SESSIONS COURT AURANGABAD.,MH,Maharashtra,BA,2024-09-04,2024-09-23,19,2024_disposed,2024,2024,True,district
MHAU010062262024,MHAU01,DISTRICT AND SESSIONS COURT AURANGABAD.,MH,Maharashtra,BA,2024-07-25,2024-07-30,5,2024_disposed,2024,2024,True,district
MHAU010077242024,MHAU01,DISTRICT AND SESSIONS COURT AURANGABAD.,MH,Maharashtra,BA,2024-09-04,2024-10-10,36,2024_disposed,2024,2024,True,district
MHAU010077262024,MHAU01,DISTRICT AND SESSIONS COURT AURANGABAD.,MH,Maharashtra,BA,2024-09-04,2024-10-09,35,2024_disposed,2024,2024,True,district
UPHC020033442009,UPHC02,Allahabad High Court (Lucknow),UP,Uttar Pradesh,CRL_A,2009-02-24,2024-02-15,5469,2024_disposed,2009,2024,True,hc
UPHC020040412009,UPHC02,Allahabad High Court (Lucknow),UP,Uttar Pradesh,CRL_A,2009-03-23,2024-03-18,5474,2024_disposed,2009,2024,True,hc
UPFZ010016122023,UPFZ01,District and session Judge Ayodhya,UP,Uttar Pradesh,CRL_A,2023-03-22,2024-03-12,356,2024_disposed,2023,2024,True,district
UPFD010088862024,UPFD01,District And Sessions Judge,UP,Uttar Pradesh,CRL_A,2024-10-23,2024-12-04,42,2024_disposed,2024,2024,True,district
UPHC020109422024,UPHC02,Allahabad High Court (Lucknow),UP,Uttar Pradesh,CRL_A,2024-02-13,2024-02-16,3,2024_disposed,2024,2024,True,hc
UPSH010004742022,UPSH01,District and Sessions Judge,UP,Uttar Pradesh,CRL_A,2022-01-21,2024-02-21,761,2024_disposed,2022,2024,True,district
UPSH010004832024,UPSH01,District and Sessions Judge,UP,Uttar Pradesh,CRL_A,2024-01-16,2024-02-06,21,2024_disposed,2024,2024,True,district
UPSH010074032024,UPSH01,District and Sessions Judge,UP,Uttar Pradesh,CRL_A,2024-10-23,2024-12-06,44,2024_disposed,2024,2024,True,district
UPBL010042542023,UPBL01,District and Sessions Judge,UP,Uttar Pradesh,CRL_A,2023-08-18,2024-01-11,146,2024_disposed,2023,2024,True,district
UPFD010024152024,UPFD01,District And Sessions Judge,UP,Uttar Pradesh,CRL_A,2024-03-13,2024-07-18,127,2024_disposed,2024,2024,True,district
UPFD010024162024,UPFD01,District And Sessions Judge,UP,Uttar Pradesh,CRL_A,2024-03-13,2024-07-18,127,2024_disposed,2024,2024,True,district
UPSD010027182024,UPSD01,District and Session Judge,UP,Uttar Pradesh,CRL_A,2024-07-22,2024-09-21,61,2024_disposed,2024,2024,True,district
UPHC020102602024,UPHC02,Allahabad High Court (Lucknow),UP,Uttar Pradesh,CRL_A,2024-02-09,2024-02-28,19,2024_disposed,2024,2024,True,hc
UPKU010023822024,UPKU01,District and Sessions Court,UP,Uttar Pradesh,CRL_A,2024-05-10,2024-07-10,61,2024_disposed,2024,2024,True,district
UPMZ010099122024,UPMZ01,District and Session judge,UP,Uttar Pradesh,CRL_A,2024-09-07,2024-10-17,40,2024_disposed,2024,2024,True,district
UPHC020511922023,UPHC02,Allahabad High Court (Lucknow),UP,Uttar Pradesh,CRL_A,2023-07-20,2024-01-17,181,2024_disposed,2023,2024,True,hc
UPHC020006412006,UPHC02,Allahabad High Court (Lucknow),UP,Uttar Pradesh,CRL_A,2006-06-21,2024-07-19,6603,2024_disposed,2006,2024,True,hc
UPHC020278912023,UPHC02,Allahabad High Court (Lucknow),UP,Uttar Pradesh,CRL_A,2023-04-17,2024-02-15,304,2024_disposed,2023,2024,True,hc
UPGZ010182892023,UPGZ01,District Sessions Judge,UP,Uttar Pradesh,CRL_A,2023-10-04,2024-10-10,372,2024_disposed,2023,2024,True,district
UPGZ010182882023,UPGZ01,District Sessions Judge,UP,Uttar Pradesh,CRL_A,2023-10-04,2024-10-10,372,2024_disposed,2023,2024,True,district
UPHC020293922024,UPHC02,Allahabad High Court (Lucknow),UP,Uttar Pradesh,CRL_A,2024-04-25,2024-04-30,5,2024_disposed,2024,2024,True,hc
UPHC020218822024,UPHC02,Allahabad High Court (Lucknow),UP,Uttar Pradesh,CRL_A,2024-03-21,2024-04-02,12,2024_disposed,2024,2024,True,hc
UPHC020131592024,UPHC02,Allahabad High Court (Lucknow),UP,Uttar Pradesh,CRL_A,2024-02-21,2024-06-18,118,2024_disposed,2024,2024,True,hc
UPHC020007972006,UPHC02,Allahabad High Court (Lucknow),UP,Uttar Pradesh,CRL_A,2006-07-31,2024-07-16,6560,2024_disposed,2006,2024,True,hc
UPHC020010512007,UPHC02,Allahabad High Court (Lucknow),UP,Uttar Pradesh,CRL_A,2007-09-06,2024-11-05,6270,2024_disposed,2007,2024,True,hc
UPHC020380502008,UPHC02,Allahabad High Court (Lucknow),UP,Uttar Pradesh,CRL_A,2008-06-04,2024-05-25,5834,2024_disposed,2008,2024,True,hc
UPBJ010062372024,UPBJ01,District and Session Judge,UP,Uttar Pradesh,CRL_A,2024-06-12,2024-07-20,38,2024_disposed,2024,2024,True,district
UPET010025752024,UPET01,District And Sessions Judge,UP,Uttar Pradesh,CRL_A,2024-05-06,2024-07-24,79,2024_disposed,2024,2024,True,district
UPET010025802024,UPET01,District And Sessions Judge,UP,Uttar Pradesh,CRL_A,2024-05-08,2024-07-15,68,2024_disposed,2024,2024,True,district
UPJL010029042024,UPJL01,District and Sessions Court,UP,Uttar Pradesh,CRL_A,2024-05-10,2024-11-19,193,2024_disposed,2024,2024,False,district
UPJL010029052024,UPJL01,District and Sessions Court,UP,Uttar Pradesh,CRL_A,2024-05-10,2024-11-19,193,2024_disposed,2024,2024,False,district
UPBU010029542024,UPBU01,District and Sessions Court,UP,Uttar Pradesh,CRL_A,2024-03-18,2024-06-05,79,2024_disposed,2024,2024,True,district
UPAZ010008162024,UPAZ01,District and Sessions Judge,UP,Uttar Pradesh,CRL_A,2024-01-19,2024-03-19,60,2024_disposed,2024,2024,False,district
UPHC020291902004,UPHC02,Allahabad High Court (Lucknow),UP,Uttar Pradesh,CRL_A,2004-11-08,2024-01-25,7017,2024_disposed,2004,2024,True,hc
UPVR010061812024,UPVR01,District and Sessions Judge,UP,Uttar Pradesh,CRL_A,2024-05-14,2024-06-12,29,2024_disposed,2024,2024,True,district
UPSR010016412022,UPSR01,"District and Sessions Judge, Shravasti",UP,Uttar Pradesh,CRL_A,2022-10-10,2024-08-06,666,2024_disposed,2022,2024,True,district
UPRP010059432023,UPRP01,District and Sessions Judge,UP,Uttar Pradesh,CRL_A,2023-08-04,2024-06-13,314,2024_disposed,2023,2024,True,district
UPBH010065662024,UPBH01,District and Sessions Judge Bahraich,UP,Uttar Pradesh,CRL_A,2024-11-26,2024-12-11,15,2024_disposed,2024,2024,True,district
UPCD120000321990,UPCD12,Civil Judge Junior division Chakia,UP,Uttar Pradesh,CRL_A,1990-07-31,2024-08-12,12431,2024_disposed,1990,2024,False,district
UPBS010003122024,UPBS01,District and Session Judge,UP,Uttar Pradesh,CRL_A,2024-01-18,2024-03-18,60,2024_disposed,2024,2024,True,district
UPBS010024032024,UPBS01,District and Session Judge,UP,Uttar Pradesh,CRL_A,2024-05-16,2024-05-30,14,2024_disposed,2024,2024,True,district
UPHC020043932009,UPHC02,Allahabad High Court (Lucknow),UP,Uttar Pradesh,CRL_A,2009-04-07,2024-10-21,5676,2024_disposed,2009,2024,True,hc
UPHC020378182007,UPHC02,Allahabad High Court (Lucknow),UP,Uttar Pradesh,CRL_A,2007-11-05,2024-08-14,6127,2024_disposed,2007,2024,True,hc
UPHC020379662007,UPHC02,Allahabad High Court (Lucknow),UP,Uttar Pradesh,CRL_A,2007-12-10,2024-07-26,6073,2024_disposed,2007,2024,True,hc
UPGK010037582024,UPGK01,District and Sessions Judge,UP,Uttar Pradesh,CRL_A,2024-04-18,2024-10-21,186,2024_disposed,2024,2024,True,district
UPGK010005332023,UPGK01,District and Sessions Judge,UP,Uttar Pradesh,CRL_A,2023-01-12,2024-03-19,432,2024_disposed,2023,2024,True,district
UPKN010016212024,UPKN01,District and Sessions Judge,UP,Uttar Pradesh,CRL_A,2024-02-09,2024-08-21,194,2024_disposed,2024,2024,True,district
UPHC020411192023,UPHC02,Allahabad High Court (Lucknow),UP,Uttar Pradesh,CRL_A,2023-05-30,2024-02-01,247,2024_disposed,2023,2024,True,hc
UPGZ010096972023,UPGZ01,District Sessions Judge,UP,Uttar Pradesh,CRL_A,2023-05-02,2024-01-20,263,2024_disposed,2023,2024,True,district
UPLP010056712023,UPLP01,District and Sessions Judge,UP,Uttar Pradesh,CRL_A,2023-08-04,2024-09-06,399,2024_disposed,2023,2024,True,district
UPLP010056692023,UPLP01,District and Sessions Judge,UP,Uttar Pradesh,CRL_A,2023-08-04,2024-11-16,470,2024_disposed,2023,2024,True,district
UPLP010056702023,UPLP01,District and Sessions Judge,UP,Uttar Pradesh,CRL_A,2023-08-04,2024-11-16,470,2024_disposed,2023,2024,True,district
UPSN010008332022,UPSN01,District and Sessions Judge,UP,Uttar Pradesh,CRL_A,2022-05-05,2024-08-09,827,2024_disposed,2022,2024,True,district
UPET010003832023,UPET01,District And Sessions Judge,UP,Uttar Pradesh,CRL_A,2023-01-17,2024-05-06,475,2024_disposed,2023,2024,True,district
UPBJ010091582024,UPBJ01,District and Session Judge,UP,Uttar Pradesh,CRL_A,2024-09-02,2024-11-18,77,2024_disposed,2024,2024,False,district
UPFZ010022382024,UPFZ01,District and session Judge Ayodhya,UP,Uttar Pradesh,CRL_A,2024-04-26,2024-09-30,157,2024_disposed,2024,2024,True,district
UPBJ010062152024,UPBJ01,District and Session Judge,UP,Uttar Pradesh,CRL_A,2024-06-11,2024-07-20,39,2024_disposed,2024,2024,True,district
UPVR010050272022,UPVR01,District and Sessions Judge,UP,Uttar Pradesh,CRL_A,2022-05-02,2024-12-04,947,2024_disposed,2022,2024,True,district
UPVR010116342022,UPVR01,District and Sessions Judge,UP,Uttar Pradesh,CRL_A,2022-10-28,2024-05-18,568,2024_disposed,2022,2024,True,district
UPGD010048762024,UPGD01,District Judge Establishment,UP,Uttar Pradesh,CRL_A,2024-09-18,2024-12-11,84,2024_disposed,2024,2024,False,district
UPHC020532012024,UPHC02,Allahabad High Court (Lucknow),UP,Uttar Pradesh,CRL_A,2024-08-02,2024-09-09,38,2024_disposed,2024,2024,True,hc
UPKJ010014472024,UPKJ01,District and Sessions Judge,UP,Uttar Pradesh,CRL_A,2024-03-14,2024-11-28,259,2024_disposed,2024,2024,True,district
UPGH010009802024,UPGH01,District and Sessions Judge,UP,Uttar Pradesh,CRL_A,2024-02-26,2024-10-10,227,2024_disposed,2024,2024,False,district
UPKN010116532023,UPKN01,District and Sessions Judge,UP,Uttar Pradesh,CRL_A,2023-12-05,2024-01-12,38,2024_disposed,2023,2024,True,district
UPHC020191152024,UPHC02,Allahabad High Court (Lucknow),UP,Uttar Pradesh,CRL_A,2024-03-14,2024-03-19,5,2024_disposed,2024,2024,True,hc
UPJL010005132024,UPJL01,District and Sessions Court,UP,Uttar Pradesh,CRL_A,2024-01-24,2024-02-07,14,2024_disposed,2024,2024,False,district
UPMT010034602024,UPMT01,District and Session Judge,UP,Uttar Pradesh,CRL_A,2024-04-10,2024-09-26,169,2024_disposed,2024,2024,True,district
UPMZ010078612024,UPMZ01,District and Session judge,UP,Uttar Pradesh,CRL_A,2024-07-19,2024-08-29,41,2024_disposed,2024,2024,True,district
UPLP010043732024,UPLP01,District and Sessions Judge,UP,Uttar Pradesh,CRL_A,2024-07-16,2024-12-17,154,2024_disposed,2024,2024,True,district
UPLP010049552022,UPLP01,District and Sessions Judge,UP,Uttar Pradesh,CRL_A,2022-07-19,2024-01-10,540,2024_disposed,2022,2024,True,district
UPHC020013762015,UPHC02,Allahabad High Court (Lucknow),UP,Uttar Pradesh,CRL_A,2015-12-08,2024-03-20,3025,2024_disposed,2015,2024,True,hc
UPHC020012732003,UPHC02,Allahabad High Court (Lucknow),UP,Uttar Pradesh,CRL_A,2003-03-05,2024-02-05,7642,2024_disposed,2003,2024,True,hc
UPHC020014912007,UPHC02,Allahabad High Court (Lucknow),UP,Uttar Pradesh,CRL_A,2007-11-15,2024-08-01,6104,2024_disposed,2007,2024,True,hc
UPHC020016152009,UPHC02,Allahabad High Court (Lucknow),UP,Uttar Pradesh,CRL_A,2009-07-07,2024-11-21,5616,2024_disposed,2009,2024,True,hc
UPHC020020802004,UPHC02,Allahabad High Court (Lucknow),UP,Uttar Pradesh,CRL_A,2004-04-12,2024-12-06,7543,2024_disposed,2004,2024,True,hc
UPKN010035662024,UPKN01,District and Sessions Judge,UP,Uttar Pradesh,CRL_A,2024-04-04,2024-04-16,12,2024_disposed,2024,2024,True,district
UPHC020024782006,UPHC02,Allahabad High Court (Lucknow),UP,Uttar Pradesh,CRL_A,2006-04-01,2024-07-11,6676,2024_disposed,2006,2024,True,hc
